dish_id,total_grams,total_calories,total_fat,total_carbohydrates,total_protein,number_of_ingredients,calories_per_100g,fat_per_100g,carbohydrates_per_100g,protein_per_100g
dish_1550704750,83.0,136.95,2.988,0.0,25.73,1,165.0,3.5999999999999996,0.0,31.0
dish_1550704903,76.0,30.4,0.152,6.84,1.52,1,40.0,0.2,9.0,2.0
dish_1550705288,100.0,77.0,0.1,17.0,2.0,1,77.0,0.1,17.0,2.0
dish_1550705370,49.0,122.5,7.35,0.0,12.74,1,250.0,15.0,0.0,26.0
dish_1550705445,40.0,4.0,0.0,0.8,0.4,1,10.0,0.0,2.0,1.0
dish_1550705477,189.0,203.5,7.449999999999999,17.8,15.14,3,107.67195767195767,3.9417989417989414,9.417989417989418,8.010582010582011
dish_1550705504,189.0,203.5,7.449999999999999,17.8,15.14,3,107.67195767195767,3.9417989417989414,9.417989417989418,8.010582010582011
dish_1550705535,75.0,18.75,0.225,3.75,1.35,1,25.0,0.3,5.0,1.8000000000000003
dish_1550705580,66.0,108.9,2.376,0.0,20.46,1,165.0,3.5999999999999996,0.0,31.0
dish_1550705623,51.0,20.4,0.102,4.59,1.02,1,40.0,0.2,9.0,2.0
dish_1550705669,192.0,148.05,2.703,8.34,22.830000000000002,3,77.109375,1.4078125,4.34375,11.890625
dish_1550705724,192.0,148.05,2.703,8.34,22.830000000000002,3,77.109375,1.4078125,4.34375,11.890625
dish_1550705786,63.0,382.41,34.02,13.23,12.6,1,607.0,54.0,21.000000000000004,20.0
dish_1550705888,93.0,71.61,0.093,15.81,1.86,1,77.0,0.1,17.0,2.0
dish_1550705939,38.0,95.0,5.7,0.0,9.88,1,250.0,15.0,0.0,26.0
dish_1550705995,194.0,549.02,39.813,29.04,24.34,3,283.0,20.522164948453607,14.969072164948452,12.546391752577318
dish_1550706037,194.0,549.02,39.81300000000001,29.04,24.34,3,283.0,20.522164948453614,14.969072164948452,12.546391752577318
dish_1550706096,45.0,18.0,0.09,4.05,0.9,1,40.0,0.2,9.0,2.0
dish_1550706177,87.0,29.58,0.609,5.916,0.609,1,34.0,0.7000000000000001,6.800000000000001,0.7000000000000001
dish_1550706237,50.0,132.7,2.1,21.15,6.75,1,265.4,4.2,42.3,13.5
dish_1550706283,182.0,180.27999999999997,2.799,31.116,8.259,3,99.05494505494504,1.5379120879120878,17.096703296703296,4.537912087912089
dish_1550706325,182.0,180.27999999999997,2.799,31.116,8.259,3,99.05494505494504,1.5379120879120878,17.096703296703296,4.537912087912089
dish_1550706448,85.0,8.5,0.0,1.7,0.85,1,10.0,0.0,2.0,1.0
dish_1550706583,151.0,249.15,5.436,0.0,46.81,1,165.0,3.5999999999999996,0.0,31.0
dish_1550706639,89.0,22.25,0.267,4.45,1.602,1,25.0,0.3,5.0,1.8000000000000003
dish_1550706705,325.0,279.9,5.703,6.15,49.262,3,86.12307692307691,1.7547692307692309,1.8923076923076925,15.157538461538461
dish_1550706766,325.0,279.9,5.703,6.15,49.262,3,86.12307692307691,1.7547692307692309,1.8923076923076925,15.157538461538461
dish_1550706891,102.0,150.96,11.22,1.632,10.2,1,148.0,11.0,1.6,10.0
dish_1550706945,118.0,90.86,0.118,20.06,2.36,1,77.0,0.1,17.0,2.0
dish_1550707056,117.0,403.182,31.941,4.914,22.581,1,344.6,27.299999999999997,4.199999999999999,19.3
dish_1550707110,337.0,645.0020000000001,43.278999999999996,26.605999999999998,35.141,3,191.3952522255193,12.842433234421364,7.894955489614243,10.427596439169138
dish_1550707156,337.0,645.002,43.278999999999996,26.606,35.141,3,191.39525222551927,12.842433234421364,7.894955489614245,10.427596439169138
dish_1550707236,48.0,127.392,2.016,20.304,6.48,1,265.4,4.2,42.3,13.5
dish_1550707357,136.0,92.48,1.904,16.32,3.264,1,68.0,1.4,12.0,2.4
dish_1550707504,85.0,125.8,9.35,1.36,8.5,1,148.0,11.0,1.6,10.0
dish_1550707578,269.0,345.672,13.27,37.983999999999995,18.244,3,128.5026022304833,4.933085501858736,14.120446096654273,6.782156133828996
dish_1550707638,269.0,345.672,13.27,37.983999999999995,18.244,3,128.5026022304833,4.933085501858736,14.120446096654273,6.782156133828996
dish_1550707756,35.0,87.5,5.25,0.0,9.1,1,250.0,15.0,0.0,26.0
dish_1550707850,43.0,17.2,0.086,3.87,0.86,1,40.0,0.2,9.0,2.0
dish_1550707914,29.0,11.89,0.058,2.9,0.261,1,41.0,0.2,10.0,0.9000000000000001
dish_1550707958,107.0,116.59,5.394,6.77,10.221,3,108.96261682242991,5.041121495327102,6.327102803738318,9.552336448598131
dish_1550707995,107.0,116.59,5.394,6.77,10.220999999999998,3,108.96261682242991,5.041121495327102,6.327102803738318,9.55233644859813
dish_1550708152,59.0,20.06,0.413,4.012,0.413,1,34.0,0.7,6.799999999999999,0.7
dish_1550708221,57.0,41.61,2.736,1.083,4.56,1,73.0,4.8,1.9,7.999999999999999
dish_1550708280,54.0,5.4,0.0,1.08,0.54,1,10.0,0.0,2.0,1.0
dish_1550708327,170.0,67.07,3.149,6.175,5.513,3,39.45294117647059,1.8523529411764705,3.6323529411764706,3.242941176470588
dish_1550708366,170.0,67.07,3.149,6.175,5.513,3,39.45294117647059,1.8523529411764705,3.6323529411764706,3.242941176470588
dish_1550708440,75.0,37.5,0.075,9.75,0.375,1,50.0,0.1,13.0,0.5
dish_1550708487,34.0,136.68,11.22,0.442,8.5,1,402.00000000000006,33.0,1.3,25.0
dish_1550708556,67.0,99.16,7.37,1.072,6.7,1,148.0,11.0,1.6,10.0
dish_1550708638,176.0,273.34000000000003,18.665,11.264,15.575,3,155.3068181818182,10.605113636363637,6.4,8.849431818181817
dish_1550708702,176.0,273.34000000000003,18.665,11.264,15.575,3,155.3068181818182,10.605113636363637,6.4,8.849431818181817
dish_1550708875,41.0,248.87,22.14,8.61,8.2,1,607.0,54.0,21.0,20.0
dish_1550708945,37.0,92.5,5.55,0.0,9.62,1,250.0,15.0,0.0,25.999999999999996
dish_1550708985,72.0,28.8,0.144,6.48,1.44,1,40.0,0.2,9.000000000000002,2.0
dish_1550709028,150.0,370.17,27.834,15.09,19.259999999999998,3,246.78,18.556,10.059999999999999,12.839999999999998
dish_1550709129,150.0,370.17,27.834,15.09,19.259999999999998,3,246.78,18.556,10.059999999999999,12.839999999999998
dish_1550710177,46.0,23.0,0.046,5.98,0.23,1,50.0,0.1,13.0,0.5
dish_1550710207,91.0,150.15,3.276,0.0,28.21,1,165.0,3.5999999999999996,0.0,31.0
dish_1550710279,22.0,9.02,0.044,2.2,0.198,1,41.0,0.2,10.0,0.9000000000000001
dish_1550710318,159.0,182.17000000000002,3.3659999999999997,8.18,28.638,3,114.57232704402516,2.1169811320754715,5.144654088050314,18.011320754716984
dish_1550710342,159.0,182.17000000000002,3.3659999999999997,8.18,28.638,3,114.57232704402516,2.1169811320754715,5.144654088050314,18.011320754716984
dish_1550710402,75.0,18.75,0.225,3.75,1.35,1,25.0,0.3,5.0,1.8000000000000003
dish_1550710448,67.0,48.91,3.216,1.273,5.36,1,73.0,4.8,1.9,8.0
dish_1550710507,60.0,20.4,0.42,4.08,0.42,1,34.0,0.7000000000000001,6.800000000000001,0.7000000000000001
dish_1550710542,202.0,88.06,3.861,9.103,7.130000000000001,3,43.59405940594059,1.9113861386138613,4.506435643564356,3.52970297029703
dish_1550710577,202.0,88.06,3.861,9.103,7.130000000000001,3,43.59405940594059,1.9113861386138613,4.506435643564356,3.52970297029703
dish_1550710612,43.0,261.01,23.22,9.03,8.6,1,606.9999999999999,53.99999999999999,21.0,20.0
dish_1550710664,71.0,7.1,0.0,1.42,0.71,1,10.0,0.0,2.0,1.0
dish_1550710715,31.0,82.274,1.302,13.113,4.185,1,265.4,4.2,42.3,13.499999999999998
dish_1550710758,145.0,350.384,24.522,23.563,13.495000000000001,3,241.64413793103446,16.911724137931035,16.250344827586204,9.306896551724138
dish_1550710793,145.0,350.384,24.522,23.563,13.495,3,241.64413793103446,16.911724137931035,16.250344827586204,9.306896551724138
dish_1550710845,36.0,18.0,0.036,4.68,0.18,1,50.0,0.1,13.0,0.5
dish_1550710917,40.0,16.0,0.08,3.6,0.8,1,40.0,0.2,9.0,2.0
dish_1550711017,29.0,72.5,4.35,0.0,7.54,1,250.0,15.0,0.0,26.0
dish_1550711066,105.0,106.5,4.465999999999999,8.28,8.52,3,101.42857142857142,4.253333333333333,7.885714285714284,8.114285714285714
dish_1550711094,105.0,106.5,4.465999999999999,8.28,8.52,3,101.42857142857142,4.253333333333333,7.885714285714284,8.114285714285714
dish_1550711129,82.0,121.36,9.02,1.312,8.2,1,148.0,11.0,1.6,10.0
dish_1550711187,82.0,63.14,0.082,13.94,1.64,1,77.0,0.1,17.0,2.0
dish_1550711244,174.0,118.32,2.436,20.88,4.176,1,68.0,1.4000000000000001,12.0,2.4
dish_1550711314,338.0,302.82,11.538,36.132,14.015999999999998,3,89.59171597633136,3.4136094674556214,10.689940828402367,4.146745562130176
dish_1550711385,338.0,302.82,11.538,36.132,14.015999999999998,3,89.59171597633136,3.4136094674556214,10.689940828402367,4.146745562130176
dish_1550711488,90.0,65.7,4.32,1.71,7.2,1,73.0,4.8,1.9,8.0
dish_1550711598,91.0,22.75,0.273,4.55,1.638,1,25.0,0.3,5.0,1.7999999999999998
dish_1550711688,77.0,7.7,0.0,1.54,0.77,1,10.0,0.0,2.0,1.0
dish_1550711746,258.0,96.15,4.593,7.8,9.608,3,37.26744186046512,1.7802325581395348,3.0232558139534884,3.724031007751938
dish_1550711788,258.0,96.15,4.593,7.8,9.608,3,37.26744186046512,1.7802325581395348,3.0232558139534884,3.724031007751938
dish_1550711845,67.0,26.8,0.134,6.03,1.34,1,40.0,0.2,9.000000000000002,2.0
dish_1550711973,59.0,16.52,0.236,3.127,1.298,1,27.999999999999996,0.4,5.3,2.2
dish_1550712024,88.0,29.92,0.616,5.984,0.616,1,34.0,0.7000000000000001,6.800000000000001,0.7000000000000001
dish_1550712079,214.0,73.24000000000001,0.986,15.141,3.254,3,34.22429906542057,0.46074766355140184,7.0752336448598125,1.5205607476635514
dish_1550712143,214.0,73.24000000000001,0.986,15.141,3.254,3,34.22429906542057,0.46074766355140184,7.0752336448598125,1.5205607476635514
dish_1550712315,29.0,8.12,0.116,1.537,0.638,1,27.999999999999996,0.4,5.3,2.1999999999999997
dish_1550712369,90.0,148.5,3.24,0.0,27.9,1,165.0,3.6000000000000005,0.0,31.0
dish_1550712403,25.0,100.5,8.25,0.325,6.25,1,401.99999999999994,33.0,1.3,25.0
dish_1550712459,144.0,257.12,11.606,1.8619999999999999,34.788,3,178.55555555555554,8.059722222222222,1.2930555555555554,24.15833333333333
dish_1550712486,144.0,257.12,11.606,1.8619999999999999,34.788,3,178.55555555555554,8.059722222222222,1.2930555555555554,24.15833333333333
dish_1550712524,36.0,218.52,19.44,7.56,7.2,1,607.0,54.0,21.0,20.0
dish_1550712556,63.0,6.3,0.0,1.26,0.63,1,10.0,0.0,2.0,1.0
dish_1550712585,52.0,20.8,0.104,4.68,1.04,1,40.0,0.2,9.0,2.0
dish_1550712622,151.0,245.62,19.544,13.5,8.870000000000001,3,162.66225165562915,12.943046357615895,8.940397350993377,5.8741721854304645
dish_1550712654,151.0,245.62,19.544,13.5,8.870000000000001,3,162.66225165562915,12.943046357615895,8.940397350993377,5.8741721854304645
dish_1550712681,36.0,10.08,0.144,1.908,0.792,1,28.000000000000004,0.4,5.3,2.2
dish_1550712729,92.0,317.032,25.116,3.864,17.756,1,344.59999999999997,27.3,4.199999999999999,19.3
dish_1550712805,48.0,291.36,25.92,10.08,9.6,1,607.0,54.0,21.0,20.0
dish_1550712839,176.0,618.472,51.18,15.852,28.148,3,351.4045454545454,29.079545454545453,9.006818181818183,15.993181818181817
dish_1550712877,176.0,618.472,51.18,15.852,28.148,3,351.4045454545454,29.079545454545453,9.006818181818183,15.993181818181817
dish_1550712913,64.0,46.72,3.072,1.216,5.12,1,73.0,4.8,1.9,8.0
dish_1550712961,97.0,32.98,0.679,6.596,0.679,1,34.0,0.7000000000000001,6.800000000000001,0.7000000000000001
dish_1550713065,57.0,345.99,30.78,11.97,11.4,1,607.0,54.0,21.000000000000004,20.0
dish_1550713114,218.0,425.69000000000005,34.531,19.782,17.199,3,195.27064220183487,15.839908256880733,9.074311926605505,7.889449541284405
dish_1550713174,218.0,425.69000000000005,34.531,19.782,17.199,3,195.27064220183487,15.839908256880733,9.074311926605505,7.889449541284405
dish_1550713388,47.0,77.55,1.692,0.0,14.57,1,165.0,3.5999999999999996,0.0,31.0
dish_1550713423,82.0,8.2,0.0,1.64,0.82,1,10.0,0.0,2.0,1.0
dish_1550713462,61.0,44.53,2.928,1.159,4.88,1,73.0,4.8,1.9,8.0
dish_1550713503,190.0,130.28,4.62,2.799,20.27,3,68.56842105263158,2.431578947368421,1.473157894736842,10.668421052631578
dish_1550713566,190.0,130.28,4.62,2.799,20.27,3,68.56842105263158,2.431578947368421,1.473157894736842,10.668421052631578
dish_1550769483,21.0,113.61,8.82,0.294,7.77,1,541.0,42.00000000000001,1.4,37.0
dish_1550769725,66.0,50.82,0.066,11.22,1.32,1,77.0,0.1,17.0,2.0
dish_1550769827,105.0,35.7,0.21,8.4,0.84,1,34.0,0.2,8.0,0.8
dish_1550769882,192.0,200.13,9.096,19.914,9.93,3,104.23437499999999,4.7375,10.371875000000001,5.171875
dish_1550769948,192.0,200.13,9.096,19.914,9.93,3,104.23437499999999,4.7375,10.371875000000001,5.171875
dish_1550770222,64.0,22.4,0.256,4.48,1.536,1,35.0,0.4,7.000000000000001,2.4
dish_1550770265,61.0,20.74,0.427,4.148,0.427,1,34.0,0.7000000000000001,6.799999999999999,0.7000000000000001
dish_1550770447,88.0,303.248,24.024,3.696,16.984,1,344.59999999999997,27.3,4.2,19.300000000000004
dish_1550770482,213.0,346.388,24.707,12.324,18.947000000000003,3,162.62347417840374,11.599530516431924,5.785915492957747,8.89530516431925
dish_1550770511,213.0,346.388,24.707,12.324,18.947000000000003,3,162.62347417840374,11.599530516431924,5.785915492957747,8.89530516431925
dish_1550770616,85.0,125.8,9.35,1.36,8.5,1,148.0,11.0,1.6,10.0
dish_1550770699,64.0,6.4,0.0,1.28,0.64,1,10.0,0.0,2.0,1.0
dish_1550770751,107.0,36.38,0.214,8.56,0.856,1,34.0,0.2,8.0,0.8
dish_1550770802,256.0,168.57999999999998,9.564,11.200000000000001,9.996,3,65.8515625,3.7359375,4.375,3.9046875
dish_1550770866,256.0,168.57999999999998,9.564,11.200000000000001,9.996,3,65.8515625,3.7359375,4.375,3.9046875
dish_1550771191,15.0,81.15,6.3,0.21,5.55,1,541.0,42.0,1.4000000000000001,37.0
dish_1550771267,58.0,20.3,0.232,4.06,1.392,1,35.0,0.4,6.999999999999999,2.4
dish_1550771330,69.0,102.12,7.59,1.104,6.9,1,148.0,11.0,1.6,10.0
dish_1550771387,142.0,203.57,14.122,5.374,13.841999999999999,3,143.35915492957747,9.945070422535212,3.784507042253521,9.747887323943662
dish_1550771421,142.0,203.57,14.122,5.374,13.842,3,143.35915492957747,9.945070422535212,3.784507042253521,9.747887323943662
dish_1550771487,56.0,5.6,0.0,1.12,0.56,1,10.0,0.0,2.0,1.0
dish_1550771562,20.0,107.2,7.0,10.6,1.4,1,536.0,35.0,53.0,6.999999999999999
dish_1550771606,32.0,194.24,17.28,6.72,6.4,1,607.0,54.0,21.0,20.0
dish_1550771648,108.0,307.04,24.28,18.439999999999998,8.36,3,284.2962962962963,22.481481481481485,17.074074074074073,7.74074074074074
dish_1550771707,108.0,307.04,24.28,18.439999999999998,8.36,3,284.2962962962963,22.481481481481485,17.074074074074073,7.74074074074074
dish_1550771796,42.0,14.28,0.294,2.856,0.294,1,34.0,0.7,6.799999999999999,0.7
dish_1550771869,66.0,37.62,0.198,9.24,0.462,1,56.99999999999999,0.3,14.000000000000002,0.7000000000000001
dish_1550771938,36.0,14.4,0.072,3.24,0.72,1,40.0,0.2,9.000000000000002,2.0
dish_1550771984,144.0,66.3,0.564,15.336,1.476,3,46.041666666666664,0.39166666666666666,10.65,1.0250000000000001
dish_1550772027,144.0,66.3,0.5640000000000001,15.336,1.476,3,46.041666666666664,0.3916666666666667,10.65,1.0250000000000001
dish_1550772088,70.0,39.9,0.21,9.8,0.49,1,56.99999999999999,0.3,14.000000000000002,0.7000000000000001
dish_1550772168,91.0,134.68,10.01,1.456,9.1,1,148.0,11.0,1.6,10.0
dish_1550772199,79.0,60.83,0.079,13.43,1.58,1,77.0,0.1,17.0,2.0
dish_1550772270,240.0,235.41000000000003,10.299000000000001,24.686,11.17,3,98.0875,4.291250000000001,10.285833333333333,4.654166666666667
dish_1550772314,240.0,235.41,10.299,24.686,11.17,3,98.08749999999999,4.29125,10.285833333333333,4.654166666666667
dish_1550772367,30.0,162.3,12.6,0.42,11.1,1,541.0,42.0,1.4000000000000001,37.0
dish_1550772454,65.0,22.75,0.26,4.55,1.56,1,35.0,0.4,6.999999999999999,2.4
dish_1550772505,131.0,44.54,0.262,10.48,1.048,1,34.0,0.2,8.0,0.8
dish_1550772551,226.0,229.59,13.122,15.45,13.708,3,101.58849557522124,5.806194690265486,6.836283185840708,6.0654867256637175
dish_1550772617,226.0,229.59,13.122,15.450000000000001,13.708,3,101.58849557522124,5.806194690265486,6.836283185840708,6.0654867256637175
dish_1550772701,19.0,101.84,6.65,10.07,1.33,1,536.0,35.0,53.0,7.000000000000001
dish_1550772753,102.0,351.492,27.846,4.284,19.686,1,344.6,27.3,4.199999999999999,19.3
dish_1550772809,95.0,54.15,0.285,13.3,0.665,1,56.99999999999999,0.3,14.000000000000002,0.7000000000000001
dish_1550772849,216.0,507.48199999999997,34.781,27.654,21.680999999999997,3,234.94537037037037,16.102314814814815,12.802777777777777,10.0375
dish_1550772892,216.0,507.48199999999997,34.781,27.654,21.680999999999997,3,234.94537037037037,16.102314814814815,12.802777777777777,10.0375
dish_1550772960,57.0,19.38,0.399,3.876,0.399,1,34.0,0.7000000000000001,6.800000000000001,0.7000000000000001
dish_1550773038,59.0,20.65,0.236,4.13,1.416,1,35.0,0.4,6.999999999999999,2.4
dish_1550773162,37.0,224.59,19.98,7.77,7.4,1,607.0,54.0,21.0,20.0
dish_1550773200,153.0,264.62,20.615000000000002,15.776,9.215,3,172.95424836601308,13.473856209150329,10.311111111111112,6.022875816993464
dish_1550773284,153.0,264.62,20.615000000000002,15.776,9.215,3,172.95424836601308,13.473856209150329,10.311111111111112,6.022875816993464
dish_1550773349,12.0,64.92,5.04,0.168,4.44,1,541.0,42.0,1.4000000000000001,37.00000000000001
dish_1550773394,50.0,20.0,0.1,4.5,1.0,1,40.0,0.2,9.0,2.0
dish_1550773430,61.0,90.28,6.71,0.976,6.1,1,148.0,11.0,1.6,10.0
dish_1550773506,123.0,175.2,11.85,5.644,11.54,3,142.4390243902439,9.634146341463415,4.588617886178862,9.38211382113821
dish_1550773591,123.0,175.2,11.85,5.644,11.54,3,142.4390243902439,9.634146341463415,4.588617886178862,9.38211382113821
dish_1550773771,52.0,40.04,0.052,8.84,1.04,1,77.0,0.1,17.0,2.0
dish_1550773839,79.0,45.03,0.237,11.06,0.553,1,57.00000000000001,0.3,14.000000000000002,0.7000000000000001
dish_1550773917,155.0,137.95,0.465,35.65,1.705,1,88.99999999999999,0.3,23.0,1.1
dish_1550773949,286.0,223.01999999999998,0.754,55.55,3.298,3,77.97902097902097,0.2636363636363636,19.423076923076923,1.1531468531468532
dish_1550773995,286.0,223.01999999999998,0.754,55.55,3.298,3,77.97902097902097,0.2636363636363636,19.423076923076923,1.1531468531468532
dish_1550774244,102.0,90.78,0.306,23.46,1.122,1,89.0,0.3,23.0,1.1
dish_1550774296,18.0,96.48,6.3,9.54,1.26,1,536.0,35.0,52.99999999999999,7.000000000000001
dish_1550774815,57.0,32.49,0.171,7.98,0.399,1,57.00000000000001,0.3,14.000000000000002,0.7000000000000001
dish_1550774895,177.0,219.75,6.777,40.980000000000004,2.781,3,124.15254237288136,3.8288135593220343,23.152542372881356,1.571186440677966
dish_1550775126,177.0,219.75,6.777,40.980000000000004,2.781,3,124.15254237288136,3.8288135593220343,23.152542372881356,1.571186440677966
dish_1550775219,55.0,48.95,0.165,12.65,0.605,1,89.0,0.3,23.0,1.0999999999999999
dish_1550775273,57.0,19.95,0.228,3.99,1.368,1,35.0,0.4,7.000000000000001,2.4
dish_1550775318,55.0,333.85,29.7,11.55,11.0,1,607.0,54.0,21.000000000000004,20.0
dish_1550775363,167.0,402.75,30.093,28.19,12.973,3,241.1676646706587,18.019760479041917,16.880239520958085,7.768263473053892
dish_1550775393,167.0,402.75,30.093,28.19,12.973,3,241.1676646706587,18.019760479041917,16.880239520958085,7.768263473053892
dish_1550775472,76.0,67.64,0.228,17.48,0.836,1,89.0,0.3,23.0,1.0999999999999999
dish_1550776767,15.0,81.15,6.3,0.21,5.55,1,541.0,42.0,1.4000000000000001,37.0
dish_1550776854,12.0,64.32,4.2,6.36,0.84,1,536.0,35.0,53.0,6.999999999999999
dish_1550776907,103.0,213.11,10.728,24.05,7.226,3,206.90291262135923,10.415533980582524,23.349514563106798,7.015533980582524
dish_1550776957,103.0,213.11,10.728,24.05,7.226,3,206.90291262135923,10.415533980582524,23.349514563106798,7.015533980582524
dish_1550777025,61.0,54.29,0.183,14.03,0.671,1,89.0,0.3,23.0,1.1
dish_1550777124,53.0,5.3,0.0,1.06,0.53,1,10.0,0.0,2.0,1.0
dish_1550777181,98.0,55.86,0.294,13.72,0.686,1,56.99999999999999,0.3,14.000000000000002,0.7000000000000001
dish_1550777218,212.0,115.45,0.477,28.81,1.887,3,54.45754716981133,0.22499999999999998,13.589622641509433,0.8900943396226416
dish_1550777256,212.0,115.45,0.477,28.81,1.887,3,54.45754716981133,0.22499999999999998,13.589622641509433,0.8900943396226416
dish_1550777319,75.0,25.5,0.15,6.0,0.6,1,34.0,0.2,8.0,0.8
dish_1550777418,28.0,169.96,15.12,5.88,5.6,1,607.0,53.99999999999999,21.0,20.0
dish_1550777469,18.0,96.48,6.3,9.54,1.26,1,536.0,35.0,52.99999999999999,7.000000000000001
dish_1550777511,121.0,291.94,21.57,21.419999999999998,7.459999999999999,3,241.27272727272725,17.826446280991735,17.702479338842974,6.165289256198346
dish_1550777566,121.0,291.94,21.57,21.419999999999998,7.46,3,241.27272727272725,17.826446280991735,17.702479338842974,6.165289256198347
dish_1550777646,53.0,18.55,0.212,3.71,1.272,1,35.0,0.4,6.999999999999999,2.4
dish_1550777713,62.0,21.08,0.124,4.96,0.496,1,34.0,0.2,8.0,0.8
dish_1550777791,65.0,50.05,0.065,11.05,1.3,1,76.99999999999999,0.1,17.0,2.0
dish_1550777827,180.0,89.67999999999999,0.401,19.72,3.068,3,49.822222222222216,0.22277777777777777,10.955555555555554,1.7044444444444444
dish_1550777860,180.0,89.67999999999999,0.401,19.72,3.068,3,49.822222222222216,0.22277777777777777,10.955555555555554,1.7044444444444444
dish_1550777919,78.0,115.44,8.58,1.248,7.8,1,148.0,11.0,1.6,10.0
dish_1550778007,61.0,6.1,0.0,1.22,0.61,1,10.0,0.0,2.0,1.0
dish_1550778058,45.0,15.3,0.315,3.06,0.315,1,34.0,0.7000000000000001,6.800000000000001,0.7000000000000001
dish_1550778118,184.0,136.84,8.895,5.5280000000000005,8.725,3,74.36956521739131,4.834239130434782,3.0043478260869567,4.741847826086956
dish_1550778172,184.0,136.84,8.895,5.5280000000000005,8.725,3,74.36956521739131,4.834239130434782,3.0043478260869567,4.741847826086956
dish_1550778312,15.0,81.15,6.3,0.21,5.55,1,541.0,42.0,1.4000000000000001,37.0
dish_1550778355,41.0,16.4,0.082,3.69,0.82,1,40.0,0.2,9.0,2.0
dish_1550778401,61.0,6.1,0.0,1.22,0.61,1,10.0,0.0,2.0,1.0
dish_1550778435,117.0,103.65,6.382,5.12,6.9799999999999995,3,88.58974358974359,5.454700854700854,4.3760683760683765,5.965811965811965
dish_1550778469,117.0,103.65,6.382,5.12,6.9799999999999995,3,88.58974358974359,5.454700854700854,4.3760683760683765,5.965811965811965
dish_1550778535,10.0,53.6,3.5,5.3,0.7,1,536.0,35.0,53.0,6.999999999999999
dish_1550778583,88.0,67.76,0.088,14.96,1.76,1,77.0,0.1,17.0,2.0
dish_1550778619,68.0,38.76,0.204,9.52,0.476,1,56.99999999999999,0.3,13.999999999999998,0.7
dish_1550778646,166.0,160.12,3.792,29.78,2.936,3,96.4578313253012,2.2843373493975903,17.93975903614458,1.7686746987951807
dish_1550778694,166.0,160.12,3.792,29.78,2.936,3,96.4578313253012,2.2843373493975903,17.93975903614458,1.7686746987951807
dish_1550778856,12.0,64.92,5.04,0.168,4.44,1,541.0,42.0,1.4000000000000001,37.00000000000001
dish_1550778922,30.0,182.1,16.2,6.3,6.0,1,606.9999999999999,53.99999999999999,21.0,20.0
dish_1550778981,69.0,6.9,0.0,1.38,0.69,1,10.0,0.0,1.9999999999999998,0.9999999999999999
dish_1550779014,111.0,253.92000000000002,21.24,7.848,11.129999999999999,3,228.75675675675677,19.135135135135133,7.070270270270271,10.027027027027026
dish_1550779058,111.0,253.92000000000002,21.24,7.848,11.13,3,228.75675675675677,19.135135135135133,7.070270270270271,10.027027027027028
dish_1550779153,106.0,37.1,0.424,7.42,2.544,1,35.0,0.4,6.999999999999999,2.4
dish_1550779219,76.0,43.32,0.228,10.64,0.532,1,56.99999999999999,0.3,14.000000000000002,0.7000000000000001
dish_1550779282,108.0,372.168,29.484,4.536,20.844,1,344.6,27.3,4.199999999999999,19.3
dish_1550779336,290.0,452.588,30.136000000000003,22.596,23.92,3,156.0648275862069,10.391724137931035,7.791724137931035,8.248275862068965
dish_1550779388,290.0,452.588,30.136000000000003,22.596,23.92,3,156.0648275862069,10.391724137931035,7.791724137931035,8.248275862068965
dish_1550780717,73.0,56.21,0.073,12.41,1.46,1,77.0,0.1,17.0,2.0
dish_1550781280,68.0,23.8,0.272,4.76,1.632,1,35.0,0.4,6.999999999999999,2.4
dish_1550781317,43.0,14.62,0.301,2.924,0.301,1,34.0,0.7000000000000001,6.800000000000001,0.7000000000000001
dish_1550781347,184.0,94.63,0.646,20.094,3.393,3,51.42934782608696,0.35108695652173916,10.920652173913044,1.8440217391304348
dish_1550781372,184.0,94.63,0.646,20.094,3.393,3,51.42934782608696,0.35108695652173916,10.920652173913044,1.8440217391304348
dish_1550785292,45.0,12.6,0.18,2.385,0.99,1,27.999999999999996,0.4,5.3,2.1999999999999997
dish_1550785404,91.0,37.31,0.182,9.1,0.819,1,41.0,0.2,10.0,0.8999999999999999
dish_1550785481,119.0,107.1,15.47,0.0,21.896,1,89.99999999999999,13.0,0.0,18.4
dish_1550785526,255.0,157.01,15.832,11.485,23.705000000000002,3,61.572549019607834,6.2086274509803925,4.503921568627451,9.29607843137255
dish_1550785599,255.0,157.01,15.832,11.485,23.705000000000002,3,61.572549019607834,6.2086274509803925,4.503921568627451,9.29607843137255
dish_1550785697,23.0,6.44,0.092,1.219,0.506,1,28.000000000000004,0.4,5.300000000000001,2.1999999999999997
dish_1550785808,81.0,105.3,0.243,22.68,2.187,1,130.0,0.3,27.999999999999996,2.6999999999999997
dish_1550785876,58.0,145.0,8.7,0.0,15.08,1,250.0,15.0,0.0,26.0
dish_1550785915,162.0,256.74,9.035,23.899,17.773,3,158.4814814814815,5.577160493827161,14.752469135802471,10.970987654320988
dish_1550785975,162.0,256.74,9.035,23.899,17.773,3,158.4814814814815,5.577160493827161,14.752469135802471,10.970987654320988
dish_1550788191,71.0,63.9,9.23,0.0,13.064,1,90.0,13.0,0.0,18.4
dish_1550788264,153.0,79.56,0.306,21.42,0.459,1,52.0,0.2,14.000000000000002,0.3
dish_1550788398,53.0,21.73,0.106,5.3,0.477,1,41.0,0.2,10.0,0.8999999999999999
dish_1550788505,277.0,165.19,9.642,26.720000000000002,14.0,3,59.63537906137184,3.48086642599278,9.646209386281589,5.054151624548736
dish_1550788591,277.0,165.19,9.642,26.720000000000002,14.0,3,59.63537906137184,3.48086642599278,9.646209386281589,5.054151624548736
dish_1550788827,40.0,36.0,5.2,0.0,7.36,1,90.0,13.0,0.0,18.4
dish_1550788957,76.0,25.84,0.532,5.168,0.532,1,34.0,0.7000000000000001,6.800000000000001,0.7000000000000001
dish_1550789186,43.0,15.05,0.172,3.01,1.032,1,35.0,0.4,6.999999999999999,2.4
dish_1550789255,159.0,76.89,5.904,8.178,8.924,3,48.35849056603774,3.7132075471698114,5.143396226415095,5.612578616352201
dish_1550789321,159.0,76.89,5.904,8.178,8.924,3,48.35849056603774,3.7132075471698114,5.143396226415095,5.612578616352201
dish_1550789601,69.0,62.1,8.97,0.0,12.696,1,90.0,13.0,0.0,18.4
dish_1550789705,90.0,225.0,13.5,0.0,23.4,1,250.0,15.0,0.0,26.0
dish_1550789814,82.0,106.6,0.246,22.96,2.214,1,129.99999999999997,0.3,28.000000000000004,2.7
dish_1550789860,241.0,393.7,22.716,22.96,38.309999999999995,3,163.3609958506224,9.425726141078838,9.526970954356846,15.896265560165974
dish_1550790042,241.0,393.7,22.716,22.96,38.31,3,163.3609958506224,9.425726141078838,9.526970954356846,15.896265560165975
dish_1550790252,51.0,45.9,6.63,0.0,9.384,1,90.0,13.0,0.0,18.4
dish_1550790347,43.0,17.63,0.086,4.3,0.387,1,41.0,0.2,10.0,0.9000000000000001
dish_1550790442,22.0,6.16,0.088,1.166,0.484,1,28.000000000000004,0.4,5.3,2.1999999999999997
dish_1550790511,116.0,69.69,6.804,5.465999999999999,10.255,3,60.07758620689655,5.86551724137931,4.712068965517241,8.840517241379311
dish_1550790554,116.0,69.69,6.804,5.465999999999999,10.255,3,60.07758620689655,5.86551724137931,4.712068965517241,8.840517241379311
dish_1550790874,35.0,87.5,5.25,0.0,9.1,1,250.0,15.0,0.0,26.0
dish_1550791105,84.0,47.88,0.252,11.76,0.588,1,57.00000000000001,0.3,13.999999999999998,0.7
dish_1550791160,78.0,40.56,0.156,10.92,0.234,1,52.0,0.2,13.999999999999998,0.3
dish_1550791214,197.0,175.94,5.658,22.68,9.921999999999999,3,89.30964467005076,2.872081218274112,11.51269035532995,5.036548223350254
dish_1550791302,197.0,175.94,5.6579999999999995,22.68,9.921999999999999,3,89.30964467005076,2.872081218274112,11.51269035532995,5.036548223350254
dish_1550791644,113.0,58.76,0.226,15.82,0.339,1,52.0,0.2,14.000000000000002,0.3
dish_1550791701,66.0,23.1,0.264,4.62,1.584,1,35.0,0.4,7.000000000000001,2.4
dish_1550791822,96.0,124.8,0.288,26.88,2.592,1,130.0,0.3,27.999999999999996,2.7
dish_1550791884,275.0,206.66,0.778,47.32,4.515000000000001,3,75.14909090909092,0.2829090909090909,17.207272727272727,1.641818181818182
dish_1550791942,275.0,206.66,0.778,47.32,4.515000000000001,3,75.14909090909092,0.2829090909090909,17.207272727272727,1.641818181818182
dish_1550792023,53.0,27.56,0.106,7.42,0.159,1,52.0,0.2,13.999999999999998,0.3
dish_1550792143,56.0,22.4,0.112,5.04,1.12,1,40.0,0.2,9.0,2.0
dish_1550792194,72.0,24.48,0.144,5.76,0.576,1,34.0,0.2,8.0,0.8
dish_1550792315,181.0,74.44,0.362,18.22,1.855,3,41.12707182320442,0.2,10.066298342541435,1.0248618784530386
dish_1550792365,181.0,74.44,0.362,18.22,1.855,3,41.12707182320442,0.2,10.066298342541435,1.0248618784530386
dish_1550792493,35.0,87.5,5.25,0.0,9.1,1,250.0,15.0,0.0,26.0
dish_1550792595,72.0,55.44,0.072,12.24,1.44,1,77.0,0.1,17.0,2.0
dish_1550792734,50.0,17.0,0.35,3.4,0.35,1,34.0,0.7,6.800000000000001,0.7
dish_1550792824,157.0,159.94,5.672,15.64,10.89,3,101.87261146496816,3.612738853503185,9.961783439490446,6.936305732484077
dish_1550792864,157.0,159.94,5.672,15.64,10.889999999999999,3,101.87261146496816,3.612738853503185,9.961783439490446,6.936305732484076
dish_1550793023,79.0,26.86,0.158,6.32,0.632,1,34.0,0.2,8.0,0.8
dish_1550793093,71.0,92.3,0.213,19.88,1.917,1,130.0,0.3,27.999999999999996,2.7
dish_1550793192,73.0,37.96,0.146,10.22,0.219,1,52.0,0.2,14.000000000000002,0.3
dish_1550793245,223.0,157.12,0.517,36.42,2.768,3,70.45739910313901,0.23183856502242153,16.331838565022423,1.2412556053811659
dish_1550793300,223.0,157.12,0.517,36.42,2.768,3,70.45739910313901,0.23183856502242153,16.331838565022423,1.2412556053811659
dish_1550793485,62.0,155.0,9.3,0.0,16.12,1,250.0,15.000000000000002,0.0,26.0
dish_1550793525,87.0,30.45,0.348,6.09,2.088,1,35.0,0.4,6.999999999999999,2.4
dish_1550793582,52.0,67.6,0.156,14.56,1.404,1,129.99999999999997,0.3,28.000000000000004,2.7
dish_1550793621,201.0,253.04999999999998,9.804000000000002,20.65,19.612000000000002,3,125.8955223880597,4.877611940298508,10.27363184079602,9.75721393034826
dish_1550793673,201.0,253.04999999999998,9.804000000000002,20.65,19.612000000000002,3,125.8955223880597,4.877611940298508,10.27363184079602,9.75721393034826
dish_1550795331,282.0,146.64,0.564,39.48,0.846,1,51.99999999999999,0.19999999999999996,13.999999999999998,0.3
dish_1550795361,71.0,54.67,0.071,12.07,1.42,1,77.0,0.09999999999999998,17.0,2.0
dish_1550795423,42.0,16.8,0.084,3.78,0.84,1,40.0,0.2,9.0,2.0
dish_1550795455,395.0,218.10999999999999,0.719,55.33,3.106,3,55.21772151898734,0.1820253164556962,14.00759493670886,0.7863291139240506
dish_1550795497,395.0,218.10999999999999,0.719,55.33,3.106,3,55.21772151898734,0.1820253164556962,14.00759493670886,0.7863291139240506
dish_1550795690,131.0,68.12,0.262,18.34,0.393,1,52.0,0.2,13.999999999999998,0.3
dish_1550795856,95.0,44.65,0.095,11.4,0.855,1,47.0,0.1,12.000000000000002,0.8999999999999999
dish_1550796058,83.0,47.31,0.249,11.62,0.581,1,57.00000000000001,0.3,13.999999999999998,0.7
dish_1550796152,309.0,160.08,0.606,41.36,1.829,3,51.80582524271845,0.19611650485436893,13.385113268608414,0.5919093851132686
dish_1550796330,309.0,160.08,0.606,41.36,1.829,3,51.80582524271845,0.19611650485436893,13.385113268608414,0.5919093851132686
dish_1550796634,35.0,16.45,0.035,4.2,0.315,1,47.0,0.1,12.000000000000002,0.8999999999999999
dish_1550796686,60.0,31.2,0.12,8.4,0.18,1,52.0,0.2,14.000000000000002,0.3
dish_1550796731,62.0,21.08,0.124,4.96,0.496,1,34.0,0.2,8.0,0.8
dish_1550796763,157.0,68.72999999999999,0.279,17.56,0.991,3,43.77707006369426,0.17770700636942677,11.184713375796179,0.6312101910828025
dish_1550796794,157.0,68.72999999999999,0.279,17.560000000000002,0.991,3,43.77707006369426,0.17770700636942677,11.184713375796179,0.6312101910828025
dish_1550796973,87.0,45.24,0.174,12.18,0.261,1,52.0,0.2,13.999999999999998,0.3
dish_1550797031,59.0,20.06,0.413,4.012,0.413,1,34.0,0.7,6.799999999999999,0.7
dish_1550797094,48.0,16.8,0.192,3.36,1.152,1,35.0,0.4,6.999999999999999,2.4
dish_1550797130,194.0,82.1,0.7789999999999999,19.552,1.826,3,42.31958762886598,0.4015463917525773,10.078350515463917,0.9412371134020618
dish_1550797169,194.0,82.10000000000001,0.7789999999999999,19.552,1.8259999999999998,3,42.31958762886598,0.4015463917525773,10.078350515463917,0.9412371134020618
dish_1550797474,39.0,18.33,0.039,4.68,0.351,1,47.0,0.1,12.0,0.8999999999999999
dish_1550797692,64.0,220.544,17.472,2.688,12.352,1,344.6,27.3,4.2,19.3
dish_1550797753,69.0,53.13,0.069,11.73,1.38,1,77.0,0.1,17.0,1.9999999999999998
dish_1550797791,172.0,292.004,17.580000000000002,19.098,14.083,3,169.76976744186047,10.22093023255814,11.103488372093024,8.18779069767442
dish_1550797833,172.0,292.004,17.580000000000002,19.098,14.083,3,169.76976744186047,10.22093023255814,11.103488372093024,8.18779069767442
dish_1550859356,58.0,199.868,15.834,2.436,11.194,1,344.59999999999997,27.3,4.199999999999999,19.3
dish_1550859396,74.0,56.98,0.074,12.58,1.48,1,76.99999999999999,0.1,17.0,2.0
dish_1550859544,13.0,70.33,5.46,0.182,4.81,1,541.0,42.0,1.4000000000000001,37.0
dish_1550859578,145.0,327.178,21.368000000000002,15.198,17.483999999999998,3,225.64000000000001,14.736551724137934,10.481379310344828,12.057931034482758
dish_1550859622,145.0,327.178,21.368,15.198,17.484,3,225.64000000000001,14.73655172413793,10.481379310344828,12.05793103448276
dish_1550859694,59.0,33.63,0.177,8.26,0.413,1,57.00000000000001,0.3,13.999999999999998,0.7
dish_1550859927,82.0,121.36,9.02,1.312,8.2,1,148.0,11.0,1.6,10.0
dish_1550859977,83.0,56.44,1.162,9.96,1.992,1,68.0,1.4,12.000000000000002,2.4
dish_1550860041,224.0,211.43,10.358999999999998,19.532,10.605,3,94.38839285714286,4.624553571428571,8.719642857142858,4.734375
dish_1550860107,224.0,211.43,10.359,19.532,10.604999999999999,3,94.38839285714286,4.624553571428571,8.719642857142858,4.734375
dish_1550860188,128.0,87.04,1.792,15.36,3.072,1,68.0,1.4000000000000001,12.0,2.4
dish_1550860307,8.0,43.28,3.36,0.112,2.96,1,541.0,42.0,1.4000000000000001,37.0
dish_1550860361,100.0,77.0,0.1,17.0,2.0,1,77.0,0.1,17.0,2.0
dish_1550860444,236.0,207.32,5.252,32.472,8.032,3,87.84745762711864,2.225423728813559,13.759322033898306,3.403389830508475
dish_1550860513,236.0,207.32,5.252,32.472,8.032,3,87.84745762711864,2.225423728813559,13.759322033898306,3.403389830508475
dish_1550860631,74.0,25.16,0.148,5.92,0.592,1,34.0,0.2,8.0,0.8
dish_1550860747,79.0,39.5,0.079,10.27,0.395,1,50.0,0.1,13.0,0.5
dish_1550860787,75.0,111.0,8.25,1.2,7.5,1,148.0,11.0,1.6,10.0
dish_1550860820,228.0,175.66,8.477,17.39,8.487,3,77.04385964912281,3.7179824561403505,7.62719298245614,3.7223684210526318
dish_1550860858,228.0,175.66,8.477,17.39,8.487,3,77.04385964912281,3.7179824561403505,7.62719298245614,3.7223684210526318
dish_1550860919,161.0,91.77,0.483,22.54,1.127,1,56.99999999999999,0.3,13.999999999999998,0.7000000000000001
dish_1550861027,42.0,21.0,0.042,5.46,0.21,1,50.0,0.1,13.0,0.5
dish_1550861074,140.0,124.6,0.42,32.2,1.54,1,89.0,0.3,23.0,1.1
dish_1550861124,343.0,237.37,0.945,60.2,2.877,3,69.20408163265306,0.2755102040816326,17.551020408163264,0.8387755102040815
dish_1550861187,343.0,237.37,0.945,60.2,2.877,3,69.20408163265306,0.2755102040816326,17.551020408163264,0.8387755102040815
dish_1550861324,36.0,124.056,9.828,1.512,6.948,1,344.59999999999997,27.299999999999997,4.2,19.3
dish_1550861388,43.0,33.11,0.043,7.31,0.86,1,77.0,0.1,17.0,2.0
dish_1550861432,47.0,26.79,0.141,6.58,0.329,1,56.99999999999999,0.3,14.000000000000002,0.7000000000000001
dish_1550861458,126.0,183.956,10.011999999999999,15.402,8.137,3,145.9968253968254,7.946031746031745,12.223809523809523,6.457936507936508
dish_1550861520,126.0,183.956,10.011999999999999,15.402000000000001,8.137,3,145.9968253968254,7.946031746031745,12.223809523809525,6.457936507936508
dish_1550861584,40.0,35.6,0.12,9.2,0.44,1,89.0,0.3,23.0,1.0999999999999999
dish_1550861605,142.0,73.84,0.284,19.88,0.426,1,52.0,0.19999999999999996,13.999999999999998,0.3
dish_1550861670,96.0,142.08,10.56,1.536,9.6,1,148.00000000000003,11.0,1.6,10.0
dish_1550861703,278.0,251.52,10.964,30.616,10.466,3,90.4748201438849,3.9438848920863308,11.01294964028777,3.7647482014388487
dish_1550861835,278.0,251.52,10.964,30.616,10.466,3,90.4748201438849,3.9438848920863308,11.01294964028777,3.7647482014388487
dish_1550861903,48.0,71.04,5.28,0.768,4.8,1,148.00000000000003,11.0,1.6,10.0
dish_1550861950,67.0,31.49,0.067,8.04,0.603,1,47.0,0.1,11.999999999999998,0.8999999999999999
dish_1550861994,28.0,14.56,0.056,3.92,0.084,1,52.0,0.2,13.999999999999998,0.3
dish_1550862036,143.0,117.09,5.4030000000000005,12.727999999999998,5.486999999999999,3,81.88111888111888,3.7783216783216784,8.9006993006993,3.8370629370629366
dish_1550862106,143.0,117.09,5.4030000000000005,12.727999999999998,5.486999999999999,3,81.88111888111888,3.7783216783216784,8.9006993006993,3.8370629370629366
dish_1550862190,84.0,28.56,0.168,6.72,0.672,1,34.0,0.2,8.0,0.8
dish_1550862217,166.0,147.74,0.498,38.18,1.826,1,89.0,0.3,23.0,1.1
dish_1550862272,44.0,25.08,0.132,6.16,0.308,1,56.99999999999999,0.3,14.000000000000002,0.7000000000000001
dish_1550862349,294.0,201.38,0.798,51.06,2.806,3,68.49659863945578,0.2714285714285714,17.367346938775512,0.954421768707483
dish_1550862399,294.0,201.38,0.798,51.06,2.806,3,68.49659863945578,0.2714285714285714,17.367346938775512,0.954421768707483
dish_1550862495,56.0,19.04,0.392,3.808,0.392,1,34.0,0.7000000000000001,6.799999999999999,0.7000000000000001
dish_1550862580,37.0,32.93,0.111,8.51,0.407,1,89.0,0.3,23.0,1.0999999999999999
dish_1550862648,31.0,16.12,0.062,4.34,0.093,1,52.0,0.2,13.999999999999998,0.3
dish_1550862681,124.0,68.09,0.565,16.658,0.892,3,54.911290322580655,0.4556451612903225,13.433870967741937,0.7193548387096774
dish_1550862733,124.0,68.09,0.5650000000000001,16.658,0.892,3,54.911290322580655,0.4556451612903226,13.433870967741937,0.7193548387096774
dish_1550862840,33.0,16.5,0.033,4.29,0.165,1,50.0,0.1,13.0,0.5
dish_1550862908,48.0,27.36,0.144,6.72,0.336,1,56.99999999999999,0.3,13.999999999999998,0.7000000000000001
dish_1550862993,35.0,16.45,0.035,4.2,0.315,1,47.0,0.1,12.000000000000002,0.8999999999999999
dish_1550863037,116.0,60.31,0.212,15.21,0.8160000000000001,3,51.99137931034483,0.18275862068965518,13.112068965517242,0.703448275862069
dish_1550863078,116.0,60.31,0.212,15.21,0.8160000000000001,3,51.99137931034483,0.18275862068965518,13.112068965517242,0.703448275862069
dish_1550863155,21.0,9.87,0.021,2.52,0.189,1,47.0,0.1,12.0,0.8999999999999999
dish_1550863247,33.0,17.16,0.066,4.62,0.099,1,52.0,0.2,14.000000000000002,0.3
dish_1550863285,165.0,146.85,0.495,37.95,1.815,1,89.0,0.3,23.0,1.0999999999999999
dish_1550863309,219.0,173.88,0.582,45.09,2.1029999999999998,3,79.3972602739726,0.2657534246575342,20.589041095890412,0.9602739726027397
dish_1550863381,219.0,173.88,0.582,45.09,2.1029999999999998,3,79.3972602739726,0.2657534246575342,20.589041095890412,0.9602739726027397
dish_1550873044,135.0,45.9,0.27,10.8,1.08,1,34.0,0.2,8.0,0.8
dish_1550873218,39.0,62.4,5.85,3.51,0.78,1,160.0,15.0,9.0,2.0
dish_1550873264,59.0,97.35,2.124,0.0,18.29,1,165.0,3.6000000000000005,0.0,31.0
dish_1550873303,233.0,205.64999999999998,8.244,14.31,20.15,3,88.26180257510728,3.5381974248927035,6.141630901287554,8.648068669527897
dish_1550873338,233.0,205.64999999999998,8.244,14.31,20.15,3,88.26180257510728,3.5381974248927035,6.141630901287554,8.648068669527897
dish_1550873434,138.0,227.7,4.968,0.0,42.78,1,165.0,3.5999999999999996,0.0,31.0
dish_1550873486,36.0,144.72,11.88,0.468,9.0,1,401.99999999999994,33.0,1.3,25.0
dish_1550873572,29.0,46.4,4.35,2.61,0.58,1,160.0,15.0,9.0,1.9999999999999998
dish_1550873668,203.0,418.82,21.198,3.078,52.36,3,206.31527093596057,10.442364532019704,1.5162561576354678,25.79310344827586
dish_1550873788,203.0,418.82,21.198,3.078,52.36,3,206.31527093596057,10.442364532019704,1.5162561576354678,25.79310344827586
dish_1550873952,49.0,16.66,0.343,3.332,0.343,1,34.0,0.7000000000000001,6.799999999999999,0.7000000000000001
dish_1550874079,78.0,70.2,10.14,0.0,14.352,1,90.0,13.0,0.0,18.4
dish_1550874153,13.0,5.33,0.026,1.3,0.117,1,41.0,0.2,10.0,0.9000000000000001
dish_1550874191,140.0,92.19,10.509,4.632,14.812000000000001,3,65.85,7.506428571428573,3.3085714285714283,10.58
dish_1550874267,140.0,92.19,10.509,4.632,14.812000000000001,3,65.85,7.506428571428573,3.3085714285714283,10.58
dish_1550874464,41.0,36.9,5.33,0.0,7.544,1,89.99999999999999,13.0,0.0,18.4
dish_1550874640,46.0,35.42,0.046,7.82,0.92,1,77.0,0.1,17.0,2.0
dish_1550874679,40.0,13.6,0.28,2.72,0.28,1,34.0,0.7000000000000001,6.800000000000001,0.7000000000000001
dish_1550874729,127.0,85.92,5.656000000000001,10.540000000000001,8.744,3,67.65354330708662,4.453543307086615,8.299212598425196,6.88503937007874
dish_1550874756,127.0,85.92,5.656,10.540000000000001,8.744,3,67.65354330708662,4.453543307086614,8.299212598425196,6.88503937007874
dish_1550874829,26.0,41.6,3.9,2.34,0.52,1,160.0,15.0,9.0,2.0
dish_1550874872,53.0,40.81,0.053,9.01,1.06,1,77.0,0.1,17.0,2.0
dish_1550874918,62.0,55.8,8.06,0.0,11.408,1,89.99999999999999,13.0,0.0,18.4
dish_1550874950,141.0,138.21,12.013000000000002,11.35,12.988,3,98.0212765957447,8.51985815602837,8.049645390070921,9.211347517730497
dish_1550875058,141.0,138.21,12.013,11.35,12.988,3,98.0212765957447,8.519858156028368,8.049645390070921,9.211347517730497
dish_1550875168,49.0,44.1,6.37,0.0,9.016,1,90.0,13.0,0.0,18.4
dish_1550875229,84.0,28.56,0.168,6.72,0.672,1,34.0,0.2,8.0,0.8
dish_1550875293,36.0,144.72,11.88,0.468,9.0,1,401.99999999999994,33.0,1.3,25.0
dish_1550875347,169.0,217.38,18.418,7.188,18.688,3,128.62721893491124,10.898224852071005,4.253254437869822,11.057988165680472
dish_1550875400,169.0,217.38,18.418,7.188,18.688000000000002,3,128.62721893491124,10.898224852071005,4.253254437869822,11.057988165680475
dish_1550875891,120.0,198.0,4.32,0.0,37.2,1,165.0,3.6000000000000005,0.0,31.0
dish_1550875931,54.0,41.58,0.054,9.18,1.08,1,77.0,0.1,17.0,2.0
dish_1550875968,41.0,13.94,0.082,3.28,0.328,1,34.0,0.2,8.0,0.8
dish_1550876012,215.0,253.51999999999998,4.456,12.459999999999999,38.608000000000004,3,117.91627906976743,2.072558139534884,5.795348837209302,17.957209302325584
dish_1550876055,215.0,253.51999999999998,4.456,12.459999999999999,38.608000000000004,3,117.91627906976743,2.072558139534884,5.795348837209302,17.957209302325584
dish_1550876249,50.0,82.5,1.8,0.0,15.5,1,165.0,3.6000000000000005,0.0,31.0
dish_1550876298,39.0,62.4,5.85,3.51,0.78,1,160.0,15.0,9.0,2.0
dish_1550876376,31.0,14.57,0.031,3.72,0.279,1,47.0,0.1,12.000000000000002,0.9000000000000001
dish_1550876416,120.0,159.47,7.680999999999999,7.23,16.559,3,132.89166666666668,6.400833333333332,6.025,13.799166666666668
dish_1550876467,120.0,159.47,7.680999999999999,7.23,16.559,3,132.89166666666668,6.400833333333332,6.025,13.799166666666668
dish_1550876619,30.0,10.2,0.21,2.04,0.21,1,34.0,0.7000000000000001,6.800000000000001,0.7000000000000001
dish_1550876748,19.0,30.4,2.85,1.71,0.38,1,160.0,15.0,9.0,2.0
dish_1550876819,17.0,68.34,5.61,0.221,4.25,1,402.00000000000006,33.0,1.3,25.0
dish_1550876892,66.0,108.94,8.67,3.971,4.84,3,165.06060606060606,13.136363636363635,6.016666666666667,7.333333333333333
dish_1550876969,66.0,108.94,8.67,3.971,4.84,3,165.06060606060606,13.136363636363635,6.016666666666667,7.333333333333333
dish_1551122493,88.0,59.84,1.232,10.56,2.112,1,68.0,1.4000000000000001,12.000000000000002,2.4
dish_1551122567,59.0,45.43,0.059,10.03,1.18,1,77.0,0.1,17.0,2.0
dish_1551122614,78.0,33.54,0.234,7.02,2.652,1,43.0,0.3,9.0,3.4000000000000004
dish_1551122662,225.0,138.81,1.525,27.61,5.944,3,61.693333333333335,0.6777777777777777,12.27111111111111,2.6417777777777776
dish_1551122713,225.0,138.81,1.525,27.61,5.944,3,61.693333333333335,0.6777777777777777,12.27111111111111,2.6417777777777776
dish_1551122795,129.0,87.72,1.806,15.48,3.096,1,68.0,1.4000000000000001,12.000000000000002,2.4
dish_1551122844,18.0,97.38,7.56,0.252,6.66,1,541.0,42.0,1.4000000000000001,37.0
dish_1551122871,18.0,5.04,0.072,0.954,0.396,1,28.000000000000004,0.4,5.3,2.2
dish_1551122914,165.0,190.14,9.437999999999999,16.686,10.152000000000001,3,115.23636363636362,5.72,10.112727272727273,6.152727272727273
dish_1551122952,165.0,190.14,9.437999999999999,16.686,10.152000000000001,3,115.23636363636362,5.72,10.112727272727273,6.152727272727273
dish_1551123023,72.0,48.96,1.008,8.64,1.728,1,68.0,1.4000000000000001,12.000000000000002,2.4
dish_1551123072,56.0,19.04,0.112,4.48,0.448,1,34.0,0.2,8.0,0.8
dish_1551123396,65.0,32.5,0.065,8.45,0.325,1,50.0,0.1,12.999999999999998,0.5
dish_1551123455,193.0,100.5,1.185,21.57,2.501,3,52.07253886010362,0.6139896373056994,11.176165803108809,1.2958549222797928
dish_1551123633,193.0,100.5,1.185,21.57,2.501,3,52.07253886010362,0.6139896373056994,11.176165803108809,1.2958549222797928
dish_1551123904,65.0,44.2,0.91,7.8,1.56,1,68.0,1.4000000000000001,12.0,2.4
dish_1551123986,47.0,15.98,0.329,3.196,0.329,1,34.0,0.7000000000000001,6.800000000000001,0.7000000000000001
dish_1551124062,56.0,82.88,6.16,0.896,5.6,1,148.0,11.0,1.6,10.0
dish_1551124116,168.0,143.06,7.399,11.892,7.489,3,85.15476190476191,4.404166666666667,7.078571428571428,4.457738095238096
dish_1551124157,168.0,143.06,7.399,11.892,7.489,3,85.15476190476191,4.404166666666667,7.078571428571428,4.457738095238096
dish_1551124221,67.0,99.16,7.37,1.072,6.7,1,148.0,11.0,1.6,10.0
dish_1551124267,89.0,38.27,0.267,8.01,3.026,1,43.00000000000001,0.3,9.0,3.3999999999999995
dish_1551124322,14.0,3.92,0.056,0.742,0.308,1,27.999999999999996,0.4,5.3,2.1999999999999997
dish_1551124362,170.0,141.35,7.6930000000000005,9.823999999999998,10.034,3,83.1470588235294,4.525294117647059,5.778823529411763,5.9023529411764715
dish_1551124407,170.0,141.35,7.6930000000000005,9.824,10.034,3,83.1470588235294,4.525294117647059,5.778823529411765,5.9023529411764715
dish_1551124481,48.0,36.96,0.048,8.16,0.96,1,77.0,0.1,17.0,2.0
dish_1551124591,63.0,21.42,0.441,4.284,0.441,1,34.0,0.7000000000000001,6.799999999999999,0.7000000000000001
dish_1551124637,20.0,108.2,8.4,0.28,7.4,1,541.0,42.00000000000001,1.4000000000000001,37.0
dish_1551124687,131.0,166.58,8.889000000000001,12.724,8.801,3,127.16030534351145,6.785496183206108,9.712977099236642,6.718320610687023
dish_1551124723,131.0,166.58,8.889000000000001,12.724,8.801,3,127.16030534351145,6.785496183206108,9.712977099236642,6.718320610687023
dish_1551125258,60.0,25.8,0.18,5.4,2.04,1,43.0,0.3,9.000000000000002,3.4000000000000004
dish_1551125305,16.0,4.48,0.064,0.848,0.352,1,28.000000000000004,0.4,5.3,2.1999999999999997
dish_1551125357,68.0,23.12,0.476,4.624,0.476,1,34.0,0.7,6.799999999999999,0.7
dish_1551125384,144.0,53.400000000000006,0.72,10.872,2.868,3,37.083333333333336,0.5,7.55,1.9916666666666667
dish_1551125436,144.0,53.400000000000006,0.72,10.872,2.868,3,37.083333333333336,0.5,7.55,1.9916666666666667
dish_1551133789,89.0,44.5,0.089,11.57,0.445,1,50.0,0.1,13.0,0.5
dish_1551133870,62.0,21.08,0.124,4.96,0.496,1,34.0,0.2,8.0,0.8
dish_1551134053,87.0,128.76,9.57,1.392,8.7,1,148.0,11.0,1.6,10.0
dish_1551134138,238.0,194.33999999999997,9.783,17.922,9.641,3,81.65546218487394,4.110504201680672,7.530252100840336,4.050840336134454
dish_1551134208,238.0,194.33999999999997,9.783000000000001,17.922,9.641,3,81.65546218487394,4.110504201680673,7.530252100840336,4.050840336134454
dish_1551134442,70.0,30.1,0.21,6.3,2.38,1,43.0,0.3,9.0,3.3999999999999995
dish_1551134622,41.0,56.58,0.861,10.25,1.845,1,138.0,2.1,25.0,4.5
dish_1551134757,42.0,32.34,0.042,7.14,0.84,1,77.00000000000001,0.1,17.0,2.0
dish_1551134824,153.0,119.02000000000001,1.113,23.69,5.0649999999999995,3,77.79084967320262,0.7274509803921568,15.483660130718954,3.3104575163398686
dish_1551134895,153.0,119.02000000000001,1.113,23.69,5.0649999999999995,3,77.79084967320262,0.7274509803921568,15.483660130718954,3.3104575163398686
dish_1551134987,73.0,116.8,10.95,6.57,1.46,1,160.0,15.0,9.000000000000002,2.0
dish_1551135179,55.0,145.97,2.31,23.265,7.425,1,265.4,4.2,42.3,13.5
dish_1551135297,75.0,25.5,0.525,5.1,0.525,1,34.0,0.7000000000000001,6.799999999999999,0.7000000000000001
dish_1551135363,203.0,288.27,13.785,34.935,9.41,3,142.00492610837438,6.790640394088671,17.20935960591133,4.635467980295567
dish_1551135415,203.0,288.27,13.785,34.935,9.41,3,142.00492610837438,6.790640394088671,17.20935960591133,4.635467980295567
dish_1551135536,71.0,63.9,9.23,0.0,13.064,1,90.0,13.0,0.0,18.4
dish_1551135590,25.0,10.0,0.05,2.25,0.5,1,40.0,0.2,9.0,2.0
dish_1551135656,47.0,15.98,0.329,3.196,0.329,1,34.0,0.7000000000000001,6.800000000000001,0.7000000000000001
dish_1551135718,143.0,89.88,9.609,5.446,13.893,3,62.853146853146846,6.719580419580419,3.8083916083916085,9.715384615384616
dish_1551135767,143.0,89.88,9.609,5.446,13.893,3,62.853146853146846,6.719580419580419,3.8083916083916085,9.715384615384616
dish_1551135896,58.0,24.94,0.174,5.22,1.972,1,43.00000000000001,0.3,9.0,3.4000000000000004
dish_1551136043,41.0,59.45,2.46,0.615,8.61,1,145.00000000000003,6.0,1.5,21.0
dish_1551136264,72.0,115.2,10.8,6.48,1.44,1,160.0,15.000000000000002,9.000000000000002,2.0
dish_1551136315,171.0,199.59,13.434000000000001,12.315,12.021999999999998,3,116.71929824561404,7.856140350877193,7.201754385964912,7.030409356725145
dish_1551136396,171.0,199.59,13.434000000000001,12.315,12.021999999999998,3,116.71929824561404,7.856140350877193,7.201754385964912,7.030409356725145
dish_1551136531,55.0,81.4,6.05,0.88,5.5,1,148.00000000000003,11.0,1.6,10.0
dish_1551136610,47.0,64.86,0.987,11.75,2.115,1,138.0,2.1,25.0,4.500000000000001
dish_1551136683,13.0,70.33,5.46,0.182,4.81,1,541.0,42.0,1.4000000000000001,37.0
dish_1551136769,115.0,216.59,12.497,12.812,12.425,3,188.33913043478262,10.86695652173913,11.140869565217391,10.804347826086957
dish_1551136814,115.0,216.59,12.497,12.812,12.425,3,188.33913043478262,10.86695652173913,11.140869565217391,10.804347826086957
dish_1551136891,52.0,40.04,0.052,8.84,1.04,1,77.0,0.1,17.0,2.0
dish_1551137091,60.0,159.24,2.52,25.38,8.1,1,265.40000000000003,4.2,42.3,13.499999999999998
dish_1551137173,12.0,3.36,0.048,0.636,0.264,1,27.999999999999996,0.4,5.3,2.2
dish_1551137277,124.0,202.64000000000001,2.62,34.856,9.404,3,163.4193548387097,2.1129032258064515,28.10967741935484,7.5838709677419365
dish_1551137348,124.0,202.64000000000001,2.62,34.856,9.404,3,163.4193548387097,2.1129032258064515,28.10967741935484,7.5838709677419365
dish_1551137431,27.0,71.658,1.134,11.421,3.645,1,265.4,4.199999999999999,42.3,13.5
dish_1551138110,89.0,44.5,0.089,11.57,0.445,1,50.0,0.1,13.0,0.5
dish_1551138180,67.0,22.78,0.469,4.556,0.469,1,34.0,0.7,6.800000000000001,0.7
dish_1551138237,183.0,138.938,1.692,27.547,4.559,3,75.92240437158469,0.9245901639344263,15.053005464480876,2.491256830601093
dish_1551138312,183.0,138.938,1.6919999999999997,27.547,4.559,3,75.92240437158469,0.9245901639344261,15.053005464480876,2.491256830601093
dish_1551139066,29.0,42.05,1.74,0.435,6.09,1,145.0,6.0,1.5,21.0
dish_1551139192,63.0,31.5,0.063,8.19,0.315,1,50.0,0.1,13.0,0.5
dish_1551139260,15.0,4.2,0.06,0.795,0.33,1,28.000000000000004,0.4,5.300000000000001,2.2
dish_1551139325,107.0,77.75,1.863,9.42,6.734999999999999,3,72.66355140186917,1.741121495327103,8.80373831775701,6.294392523364485
dish_1551139367,107.0,77.75,1.863,9.42,6.734999999999999,3,72.66355140186917,1.741121495327103,8.80373831775701,6.294392523364485
dish_1551139415,63.0,21.42,0.126,5.04,0.504,1,34.0,0.2,8.0,0.8
dish_1551139487,56.0,24.08,0.168,5.04,1.904,1,43.0,0.3,9.0,3.3999999999999995
dish_1551139535,34.0,13.6,0.068,3.06,0.68,1,40.0,0.2,9.0,2.0
dish_1551139576,153.0,59.1,0.362,13.14,3.088,3,38.62745098039216,0.23660130718954248,8.588235294117649,2.018300653594771
dish_1551139606,153.0,59.1,0.362,13.14,3.088,3,38.62745098039216,0.23660130718954248,8.588235294117649,2.018300653594771
dish_1551139675,49.0,44.1,6.37,0.0,9.016,1,90.0,13.0,0.0,18.4
dish_1551139764,21.0,55.734,0.882,8.883,2.835,1,265.4,4.2,42.29999999999999,13.5
dish_1551139831,84.0,134.4,12.6,7.56,1.68,1,160.0,15.0,9.0,2.0
dish_1551139874,154.0,234.234,19.852,16.442999999999998,13.531,3,152.10000000000002,12.890909090909092,10.677272727272726,8.786363636363637
dish_1551139956,154.0,234.234,19.852,16.442999999999998,13.530999999999999,3,152.10000000000002,12.890909090909092,10.677272727272726,8.786363636363635
dish_1551141628,46.0,63.48,0.966,11.5,2.07,1,138.0,2.0999999999999996,25.0,4.5
dish_1551141670,41.0,16.4,0.082,3.69,0.82,1,40.0,0.2,9.0,2.0
dish_1551141710,61.0,54.9,7.93,0.0,11.224,1,90.0,13.0,0.0,18.4
dish_1551141747,148.0,134.78,8.978,15.19,14.114,3,91.06756756756756,6.066216216216215,10.263513513513512,9.536486486486487
dish_1551141779,148.0,134.78,8.978,15.19,14.114,3,91.06756756756756,6.066216216216215,10.263513513513512,9.536486486486487
dish_1551141849,85.0,125.8,9.35,1.36,8.5,1,148.0,11.0,1.6,10.0
dish_1551141892,18.0,5.04,0.072,0.954,0.396,1,28.000000000000004,0.4,5.3,2.2
dish_1551141931,62.0,21.08,0.124,4.96,0.496,1,34.0,0.2,8.0,0.8
dish_1551142001,165.0,151.92,9.546,7.274,9.392,3,92.07272727272726,5.785454545454545,4.408484848484848,5.6921212121212115
dish_1551142046,165.0,151.92,9.546,7.274,9.392,3,92.07272727272726,5.785454545454545,4.408484848484848,5.6921212121212115
dish_1551142128,87.0,43.5,0.087,11.31,0.435,1,50.0,0.1,13.0,0.5
dish_1551142459,67.0,97.15,4.02,1.005,14.07,1,145.00000000000003,5.999999999999999,1.4999999999999998,21.0
dish_1551142509,64.0,49.28,0.064,10.88,1.28,1,77.0,0.1,17.0,2.0
dish_1551142547,218.0,189.93,4.170999999999999,23.195,15.785,3,87.12385321100918,1.913302752293578,10.639908256880734,7.240825688073395
dish_1551142589,218.0,189.93,4.170999999999999,23.195,15.785,3,87.12385321100918,1.913302752293578,10.639908256880734,7.240825688073395
dish_1551221581,34.0,74.12,0.986,15.3,2.04,1,218.00000000000003,2.9,45.0,6.0
dish_1551221801,45.0,40.5,5.85,0.0,8.28,1,90.0,13.0,0.0,18.4
dish_1551221853,97.0,24.25,0.291,4.85,1.746,1,25.0,0.3,5.0,1.7999999999999998
dish_1551221892,176.0,138.87,7.127,20.15,12.065999999999999,3,78.9034090909091,4.049431818181818,11.448863636363637,6.855681818181818
dish_1551221935,176.0,138.87,7.127,20.15,12.065999999999999,3,78.9034090909091,4.049431818181818,11.448863636363637,6.855681818181818
dish_1551222036,65.0,141.7,1.885,29.25,3.9,1,217.99999999999997,2.9000000000000004,45.0,6.0
dish_1551222068,51.0,5.1,0.0,1.02,0.51,1,10.0,0.0,2.0,1.0
dish_1551222188,22.0,9.02,0.044,2.2,0.198,1,41.0,0.2,10.0,0.9000000000000001
dish_1551222225,138.0,155.82,1.929,32.47,4.608,3,112.91304347826086,1.3978260869565218,23.528985507246375,3.3391304347826085
dish_1551222311,138.0,155.82,1.929,32.47,4.608,3,112.91304347826086,1.3978260869565218,23.528985507246375,3.3391304347826085
dish_1551222363,45.0,62.1,0.945,11.25,2.025,1,138.0,2.0999999999999996,25.0,4.5
dish_1551222472,24.0,5.28,0.072,0.792,0.744,1,22.0,0.3,3.3000000000000003,3.1
dish_1551222527,60.0,15.0,0.18,3.0,1.08,1,25.0,0.3,5.0,1.8000000000000003
dish_1551222558,129.0,82.38,1.197,15.042,3.849,3,63.860465116279066,0.9279069767441861,11.66046511627907,2.9837209302325585
dish_1551222587,129.0,82.38,1.197,15.042,3.849,3,63.860465116279066,0.9279069767441861,11.66046511627907,2.9837209302325585
dish_1551222638,18.0,39.24,0.522,8.1,1.08,1,218.00000000000003,2.9000000000000004,44.99999999999999,6.000000000000001
dish_1551222712,51.0,21.93,0.153,4.59,1.734,1,43.0,0.3,9.0,3.4000000000000004
dish_1551222759,37.0,14.8,0.074,3.33,0.74,1,40.0,0.2,9.0,2.0
dish_1551222791,106.0,75.97,0.749,16.02,3.5540000000000003,3,71.66981132075472,0.7066037735849057,15.11320754716981,3.3528301886792455
dish_1551222833,106.0,75.97,0.749,16.02,3.5540000000000003,3,71.66981132075472,0.7066037735849057,15.11320754716981,3.3528301886792455
dish_1551222877,48.0,104.64,1.392,21.6,2.88,1,218.00000000000003,2.9,45.0,6.0
dish_1551222935,16.0,6.56,0.032,1.6,0.144,1,41.0,0.2,10.0,0.8999999999999999
dish_1551222982,38.0,13.3,0.152,2.66,0.912,1,35.0,0.4,7.000000000000001,2.4
dish_1551223023,102.0,124.5,1.5759999999999998,25.860000000000003,3.936,3,122.05882352941177,1.5450980392156861,25.35294117647059,3.8588235294117643
dish_1551223114,102.0,124.5,1.5759999999999998,25.860000000000003,3.936,3,122.05882352941177,1.5450980392156861,25.35294117647059,3.8588235294117643
dish_1551223195,54.0,143.316,2.268,22.842,7.29,1,265.4,4.199999999999999,42.3,13.5
dish_1551223249,60.0,82.8,1.26,15.0,2.7,1,138.0,2.1,25.0,4.500000000000001
dish_1551223311,33.0,3.3,0.0,0.66,0.33,1,10.0,0.0,2.0,1.0
dish_1551223346,147.0,229.416,3.5279999999999996,38.501999999999995,10.32,3,156.065306122449,2.4,26.191836734693872,7.020408163265306
dish_1551223394,147.0,229.416,3.5279999999999996,38.501999999999995,10.32,3,156.065306122449,2.4,26.191836734693872,7.020408163265306
dish_1551224001,78.0,33.54,0.234,7.02,2.652,1,43.0,0.3,9.0,3.4000000000000004
dish_1551224089,29.0,6.38,0.087,0.957,0.899,1,22.0,0.3,3.3000000000000003,3.1
dish_1551224138,55.0,22.0,0.11,4.95,1.1,1,40.0,0.2,9.0,2.0
dish_1551224175,162.0,61.92,0.431,12.927,4.651,3,38.22222222222222,0.2660493827160494,7.979629629629629,2.8709876543209876
dish_1551224208,162.0,61.92,0.431,12.927,4.651,3,38.22222222222222,0.2660493827160494,7.979629629629629,2.8709876543209876
dish_1551224283,107.0,26.75,0.321,5.35,1.926,1,25.0,0.3,5.0,1.7999999999999998
dish_1551224380,29.0,76.966,1.218,12.267,3.915,1,265.4,4.199999999999999,42.3,13.5
dish_1551224447,93.0,83.7,12.09,0.0,17.112,1,90.0,13.0,0.0,18.4
dish_1551224483,229.0,187.416,13.629,17.616999999999997,22.953,3,81.84104803493449,5.951528384279476,7.69301310043668,10.023144104803492
dish_1551224534,229.0,187.416,13.629,17.616999999999997,22.952999999999996,3,81.84104803493449,5.951528384279476,7.69301310043668,10.02314410480349
dish_1551224647,252.0,131.04,0.504,35.28,0.756,1,52.0,0.2,14.000000000000002,0.3
dish_1551224689,42.0,4.2,0.0,0.84,0.42,1,10.0,0.0,2.0,1.0
dish_1551224751,37.0,15.91,0.111,3.33,1.258,1,43.0,0.3,9.0,3.4000000000000004
dish_1551224787,331.0,151.14999999999998,0.615,39.45,2.434,3,45.66465256797582,0.18580060422960723,11.91842900302115,0.7353474320241692
dish_1551224833,331.0,151.14999999999998,0.615,39.45,2.434,3,45.66465256797582,0.18580060422960723,11.91842900302115,0.7353474320241692
dish_1551224928,129.0,67.08,0.258,18.06,0.387,1,52.0,0.2,13.999999999999998,0.3
dish_1551225021,76.0,19.0,0.228,3.8,1.368,1,25.0,0.3,5.0,1.8000000000000003
dish_1551225067,46.0,63.48,0.966,11.5,2.07,1,138.0,2.0999999999999996,25.0,4.5
dish_1551225106,251.0,149.56,1.452,33.36,3.825,3,59.58565737051793,0.5784860557768924,13.290836653386453,1.5239043824701195
dish_1551225155,251.0,149.56,1.452,33.36,3.825,3,59.58565737051793,0.5784860557768924,13.290836653386453,1.5239043824701195
dish_1551225281,46.0,122.084,1.932,19.458,6.21,1,265.4,4.199999999999999,42.3,13.5
dish_1551225381,111.0,57.72,0.222,15.54,0.333,1,52.0,0.2,13.999999999999998,0.3
dish_1551225467,70.0,63.0,9.1,0.0,12.88,1,90.0,13.0,0.0,18.400000000000002
dish_1551225501,227.0,242.804,11.254,34.998,19.423000000000002,3,106.96211453744493,4.957709251101321,15.417621145374449,8.556387665198239
dish_1551225541,227.0,242.804,11.254,34.998,19.423000000000002,3,106.96211453744493,4.957709251101321,15.417621145374449,8.556387665198239
dish_1551225609,62.0,32.24,0.124,8.68,0.186,1,52.0,0.2,13.999999999999998,0.3
dish_1551225666,25.0,5.5,0.075,0.825,0.775,1,22.0,0.3,3.3000000000000003,3.1
dish_1551225714,31.0,67.58,0.899,13.95,1.86,1,218.00000000000003,2.9000000000000004,44.99999999999999,6.000000000000001
dish_1551225764,118.0,105.32,1.0979999999999999,23.455,2.821,3,89.25423728813558,0.9305084745762711,19.877118644067796,2.390677966101695
dish_1551225793,118.0,105.32,1.0979999999999999,23.455,2.821,3,89.25423728813558,0.9305084745762711,19.877118644067796,2.390677966101695
dish_1551225836,87.0,189.66,2.523,39.15,5.22,1,218.00000000000003,2.9000000000000004,45.0,6.0
dish_1551225948,15.0,6.15,0.03,1.5,0.135,1,41.0,0.2,10.0,0.9000000000000001
dish_1551226013,64.0,27.52,0.192,5.76,2.176,1,43.0,0.3,9.0,3.4000000000000004
dish_1551226049,166.0,223.33,2.745,46.41,7.531,3,134.53614457831327,1.6536144578313254,27.957831325301203,4.536746987951807
dish_1551226101,166.0,223.32999999999998,2.745,46.41,7.531,3,134.53614457831324,1.6536144578313254,27.957831325301203,4.536746987951807
dish_1551226308,21.0,45.78,0.609,9.45,1.26,1,218.00000000000003,2.9,44.99999999999999,6.0
dish_1551226363,49.0,17.15,0.196,3.43,1.176,1,35.0,0.4,7.000000000000001,2.4
dish_1551226409,57.0,24.51,0.171,5.13,1.938,1,43.00000000000001,0.3,9.0,3.4000000000000004
dish_1551226442,127.0,87.44,0.976,18.009999999999998,4.374,3,68.85039370078741,0.768503937007874,14.181102362204722,3.4440944881889766
dish_1551226475,127.0,87.44,0.976,18.009999999999998,4.374,3,68.85039370078741,0.768503937007874,14.181102362204722,3.4440944881889766
dish_1551226840,122.0,109.8,15.86,0.0,22.448,1,90.0,13.0,0.0,18.4
dish_1551226892,31.0,67.58,0.899,13.95,1.86,1,218.00000000000003,2.9000000000000004,44.99999999999999,6.000000000000001
dish_1551226948,47.0,18.8,0.094,4.23,0.94,1,40.0,0.2,9.000000000000002,2.0
dish_1551226999,200.0,196.18,16.853,18.18,25.248,3,98.09,8.4265,9.09,12.624000000000002
dish_1551227050,200.0,196.18,16.852999999999998,18.18,25.248,3,98.09,8.426499999999999,9.09,12.624000000000002
dish_1551227165,29.0,76.966,1.218,12.267,3.915,1,265.4,4.199999999999999,42.3,13.5
dish_1551227216,24.0,5.28,0.072,0.792,0.744,1,22.0,0.3,3.3000000000000003,3.1
dish_1551227280,49.0,4.9,0.0,0.98,0.49,1,10.0,0.0,2.0,1.0
dish_1551227325,102.0,87.146,1.29,14.039,5.149,3,85.43725490196078,1.2647058823529411,13.763725490196077,5.048039215686274
dish_1551227380,102.0,87.146,1.29,14.039,5.149,3,85.43725490196078,1.2647058823529411,13.763725490196077,5.048039215686274
dish_1551227435,87.0,37.41,0.261,7.83,2.958,1,42.99999999999999,0.3,9.0,3.4000000000000004
dish_1551227539,126.0,31.5,0.378,6.3,2.268,1,25.0,0.3,5.0,1.7999999999999998
dish_1551227581,31.0,12.4,0.062,2.79,0.62,1,40.0,0.2,9.0,2.0
dish_1551227628,244.0,81.31,0.7010000000000001,16.92,5.846,3,33.32377049180328,0.28729508196721315,6.9344262295081975,2.3959016393442623
dish_1551227669,244.0,81.31,0.7010000000000001,16.92,5.846,3,33.32377049180328,0.28729508196721315,6.9344262295081975,2.3959016393442623
dish_1551228296,94.0,48.88,0.188,13.16,0.282,1,52.0,0.2,14.000000000000002,0.3
dish_1551228355,28.0,38.64,0.588,7.0,1.26,1,138.0,2.0999999999999996,25.0,4.5
dish_1551228396,31.0,3.1,0.0,0.62,0.31,1,10.0,0.0,2.0,1.0
dish_1551228438,153.0,90.62,0.776,20.78,1.8519999999999999,3,59.22875816993465,0.5071895424836601,13.58169934640523,1.2104575163398692
dish_1551228478,153.0,90.62,0.776,20.78,1.8519999999999999,3,59.22875816993465,0.5071895424836601,13.58169934640523,1.2104575163398692
dish_1551228551,25.0,5.5,0.075,0.825,0.775,1,22.0,0.3,3.3000000000000003,3.1
dish_1551228582,36.0,32.4,4.68,0.0,6.624,1,89.99999999999999,13.0,0.0,18.4
dish_1551228630,37.0,80.66,1.073,16.65,2.22,1,217.99999999999997,2.9,44.99999999999999,6.000000000000001
dish_1551228669,98.0,118.56,5.827999999999999,17.474999999999998,9.619,3,120.9795918367347,5.946938775510204,17.83163265306122,9.815306122448979
dish_1551228715,98.0,118.56,5.828,17.474999999999998,9.619,3,120.9795918367347,5.946938775510204,17.83163265306122,9.815306122448979
dish_1551228830,29.0,40.02,0.609,7.25,1.305,1,138.0,2.0999999999999996,25.0,4.5
dish_1551228876,17.0,6.97,0.034,1.7,0.153,1,41.0,0.2,10.0,0.8999999999999999
dish_1551228930,36.0,14.4,0.072,3.24,0.72,1,40.0,0.2,9.000000000000002,2.0
dish_1551228971,82.0,61.39,0.715,12.190000000000001,2.178,3,74.86585365853658,0.871951219512195,14.865853658536587,2.65609756097561
dish_1551229028,82.0,61.39,0.715,12.19,2.178,3,74.86585365853658,0.871951219512195,14.865853658536585,2.65609756097561
dish_1551232627,73.0,65.7,9.49,0.0,13.432,1,90.0,13.0,0.0,18.4
dish_1551232686,49.0,71.05,2.94,0.735,10.29,1,145.0,6.0,1.5,21.0
dish_1551232713,78.0,33.54,0.234,7.02,2.652,1,43.0,0.3,9.0,3.4000000000000004
dish_1551232748,200.0,170.29,12.664,7.755,26.374,3,85.145,6.332,3.8774999999999995,13.187
dish_1551232782,200.0,170.29,12.664,7.755,26.374,3,85.145,6.332,3.8774999999999995,13.187
dish_1551232851,126.0,31.5,0.378,6.3,2.268,1,25.0,0.3,5.0,1.7999999999999998
dish_1551232905,45.0,62.1,0.945,11.25,2.025,1,138.0,2.0999999999999996,25.0,4.5
dish_1551232936,35.0,14.0,0.07,3.15,0.7,1,40.0,0.2,9.0,2.0
dish_1551232973,206.0,107.6,1.393,20.7,4.993,3,52.23300970873787,0.6762135922330098,10.048543689320388,2.42378640776699
dish_1551233007,206.0,107.6,1.393,20.7,4.993,3,52.23300970873787,0.6762135922330098,10.048543689320388,2.42378640776699
dish_1551233095,14.0,3.08,0.042,0.462,0.434,1,22.0,0.3,3.3000000000000003,3.1
dish_1551233150,55.0,75.9,1.155,13.75,2.475,1,138.0,2.1,25.0,4.5
dish_1551233180,36.0,52.2,2.16,0.54,7.56,1,145.00000000000003,6.000000000000001,1.5000000000000002,21.0
dish_1551233210,105.0,131.18,3.357,14.752,10.469,3,124.93333333333334,3.1971428571428575,14.049523809523809,9.97047619047619
dish_1551233248,105.0,131.18,3.357,14.752,10.469,3,124.93333333333334,3.1971428571428575,14.049523809523809,9.97047619047619
dish_1551233313,24.0,5.28,0.072,0.792,0.744,1,22.0,0.3,3.3000000000000003,3.1
dish_1551233345,27.0,2.7,0.0,0.54,0.27,1,10.0,0.0,2.0,1.0
dish_1551233375,55.0,19.25,0.22,3.85,1.32,1,35.0,0.4,7.000000000000001,2.4
dish_1551233403,106.0,27.23,0.292,5.182,2.334,3,25.68867924528302,0.27547169811320754,4.8886792452830194,2.20188679245283
dish_1551233434,106.0,27.23,0.292,5.182,2.334,3,25.68867924528302,0.27547169811320754,4.8886792452830194,2.20188679245283
dish_1551233491,71.0,17.75,0.213,3.55,1.278,1,25.0,0.3,5.0,1.7999999999999998
dish_1551233523,20.0,43.6,0.58,9.0,1.2,1,218.00000000000003,2.9,45.0,6.0
dish_1551233573,65.0,33.8,0.13,9.1,0.195,1,51.99999999999999,0.2,13.999999999999998,0.3
dish_1551233610,156.0,95.15,0.9229999999999999,21.65,2.673,3,60.99358974358975,0.5916666666666667,13.878205128205126,1.7134615384615384
dish_1551233633,156.0,95.15,0.9229999999999999,21.65,2.673,3,60.99358974358975,0.5916666666666667,13.878205128205126,1.7134615384615384
dish_1551233708,41.0,108.814,1.722,17.343,5.535,1,265.4,4.2,42.3,13.5
dish_1551233745,47.0,68.15,2.82,0.705,9.87,1,145.00000000000003,6.0,1.5,21.0
dish_1551233802,69.0,35.88,0.138,9.66,0.207,1,52.0,0.2,14.000000000000002,0.3
dish_1551233827,157.0,212.844,4.68,27.708,15.611999999999998,3,135.56942675159235,2.9808917197452227,17.6484076433121,9.943949044585986
dish_1551233859,157.0,212.844,4.68,27.708,15.611999999999998,3,135.56942675159235,2.9808917197452227,17.6484076433121,9.943949044585986
dish_1551233938,34.0,49.3,2.04,0.51,7.14,1,145.0,6.0,1.5,21.0
dish_1551233982,36.0,78.48,1.044,16.2,2.16,1,218.00000000000003,2.9000000000000004,44.99999999999999,6.000000000000001
dish_1551234017,31.0,12.4,0.062,2.79,0.62,1,40.0,0.2,9.0,2.0
dish_1551234046,101.0,140.18,3.146,19.5,9.92,3,138.7920792079208,3.114851485148515,19.306930693069308,9.821782178217822
dish_1551234106,101.0,140.18,3.146,19.5,9.92,3,138.7920792079208,3.114851485148515,19.306930693069308,9.821782178217822
dish_1551234185,17.0,3.74,0.051,0.561,0.527,1,22.0,0.3,3.3000000000000003,3.1
dish_1551234214,29.0,2.9,0.0,0.58,0.29,1,10.0,0.0,1.9999999999999998,0.9999999999999999
dish_1551234252,44.0,15.4,0.176,3.08,1.056,1,35.0,0.4,7.000000000000001,2.4
dish_1551234288,90.0,22.04,0.22699999999999998,4.221,1.873,3,24.488888888888887,0.25222222222222224,4.69,2.081111111111111
dish_1551234316,90.0,22.04,0.22699999999999998,4.221,1.873,3,24.488888888888887,0.25222222222222224,4.69,2.081111111111111
dish_1551235109,59.0,156.586,2.478,24.957,7.965,1,265.40000000000003,4.2,42.3,13.5
dish_1551235171,14.0,3.92,0.056,0.742,0.308,1,27.999999999999996,0.4,5.3,2.1999999999999997
dish_1551235211,39.0,156.78,12.87,0.507,9.75,1,402.00000000000006,32.99999999999999,1.3,25.0
dish_1551235240,112.0,317.286,15.404,26.206,18.023,3,283.2910714285714,13.753571428571428,23.398214285714285,16.091964285714287
dish_1551235270,112.0,317.286,15.404,26.206,18.023,3,283.2910714285714,13.753571428571428,23.398214285714285,16.091964285714287
dish_1551235561,69.0,172.5,10.35,0.0,17.94,1,250.0,15.0,0.0,26.0
dish_1551235600,178.0,83.66,0.178,21.36,1.602,1,47.0,0.1,12.0,0.9000000000000001
dish_1551235669,17.0,68.34,5.61,0.221,4.25,1,402.00000000000006,33.0,1.3,25.0
dish_1551235699,264.0,324.5,16.137999999999998,21.581,23.792,3,122.91666666666667,6.112878787878787,8.174621212121211,9.012121212121214
dish_1551235759,264.0,324.5,16.137999999999998,21.581,23.792,3,122.91666666666667,6.112878787878787,8.174621212121211,9.012121212121214
dish_1551235868,178.0,83.66,0.178,21.36,1.602,1,47.0,0.1,12.0,0.9000000000000001
dish_1551235946,12.0,3.36,0.048,0.636,0.264,1,27.999999999999996,0.4,5.3,2.2
dish_1551235983,118.0,194.7,4.248,0.0,36.58,1,165.0,3.6000000000000005,0.0,31.0
dish_1551236011,308.0,281.71999999999997,4.474,21.996,38.446,3,91.46753246753245,1.4525974025974027,7.14155844155844,12.482467532467533
dish_1551236159,308.0,281.72,4.474,21.996,38.446,3,91.46753246753248,1.4525974025974027,7.14155844155844,12.482467532467533
dish_1551236417,47.0,68.15,2.82,0.705,9.87,1,145.00000000000003,6.0,1.5,21.0
dish_1551236466,20.0,80.4,6.6,0.26,5.0,1,402.00000000000006,32.99999999999999,1.3,25.0
dish_1551236495,112.0,297.248,4.704,47.376,15.12,1,265.4,4.199999999999999,42.3,13.499999999999998
dish_1551236521,179.0,445.798,14.123999999999999,48.340999999999994,29.99,3,249.04916201117317,7.890502793296089,27.006145251396646,16.754189944134076
dish_1551236550,179.0,445.798,14.123999999999999,48.341,29.99,3,249.04916201117317,7.890502793296089,27.006145251396646,16.754189944134076
dish_1551236621,77.0,192.5,11.55,0.0,20.02,1,250.0,15.000000000000002,0.0,26.0
dish_1551236657,30.0,6.6,0.09,0.99,0.93,1,22.0,0.3,3.3000000000000003,3.1000000000000005
dish_1551236712,69.0,32.43,0.069,8.28,0.621,1,47.0,0.1,12.0,0.8999999999999999
dish_1551236775,176.0,231.53,11.709000000000001,9.27,21.570999999999998,3,131.55113636363635,6.6528409090909095,5.267045454545454,12.25625
dish_1551236827,176.0,231.53,11.709000000000001,9.27,21.570999999999998,3,131.55113636363635,6.6528409090909095,5.267045454545454,12.25625
dish_1551236949,102.0,43.86,0.306,9.18,3.468,1,43.0,0.3,9.0,3.4000000000000004
dish_1551236981,107.0,176.55,3.852,0.0,33.17,1,165.0,3.5999999999999996,0.0,31.0
dish_1551237016,37.0,92.5,5.55,0.0,9.62,1,250.0,15.0,0.0,25.999999999999996
dish_1551237046,246.0,312.91,9.708,9.18,46.258,3,127.19918699186994,3.946341463414634,3.7317073170731705,18.804065040650407
dish_1551237079,246.0,312.91,9.708,9.18,46.258,3,127.19918699186994,3.946341463414634,3.7317073170731705,18.804065040650407
dish_1551237180,216.0,101.52,0.216,25.92,1.944,1,47.0,0.1,12.000000000000002,0.8999999999999999
dish_1551237231,33.0,47.85,1.98,0.495,6.93,1,145.0,6.0,1.5,21.0
dish_1551237274,23.0,9.2,0.046,2.07,0.46,1,40.0,0.2,9.0,2.0
dish_1551237321,272.0,158.57,2.242,28.485000000000003,9.334,3,58.29779411764706,0.824264705882353,10.472426470588236,3.431617647058823
dish_1551237348,272.0,158.57,2.242,28.485000000000003,9.334,3,58.29779411764706,0.824264705882353,10.472426470588236,3.431617647058823
dish_1551237436,69.0,35.88,0.138,9.66,0.207,1,52.0,0.2,14.000000000000002,0.3
dish_1551237463,41.0,14.35,0.164,2.87,0.984,1,35.0,0.4,7.000000000000001,2.4
dish_1551237498,128.0,176.64,2.688,32.0,5.76,1,138.0,2.1,25.0,4.5
dish_1551237527,238.0,226.86999999999998,2.99,44.53,6.951,3,95.3235294117647,1.2563025210084033,18.710084033613448,2.9205882352941175
dish_1551237558,238.0,226.86999999999998,2.99,44.53,6.951,3,95.3235294117647,1.2563025210084033,18.710084033613448,2.9205882352941175
dish_1551237607,39.0,53.82,0.819,9.75,1.755,1,138.0,2.0999999999999996,25.0,4.5
dish_1551237710,73.0,182.5,10.95,0.0,18.98,1,250.0,15.0,0.0,26.0
dish_1551237778,47.0,102.46,1.363,21.15,2.82,1,217.99999999999997,2.9000000000000004,44.99999999999999,6.0
dish_1551237814,159.0,338.78,13.132,30.9,23.555,3,213.0691823899371,8.259119496855345,19.433962264150942,14.814465408805031
dish_1551237854,159.0,338.78,13.132,30.9,23.555,3,213.0691823899371,8.259119496855345,19.433962264150942,14.814465408805031
dish_1551303168,55.0,54.45,0.165,0.11,13.2,1,99.00000000000001,0.3,0.2,24.0
dish_1551303285,61.0,79.3,0.183,17.08,1.647,1,130.0,0.3,27.999999999999996,2.7
dish_1551303338,65.0,91.0,0.39,15.6,5.85,1,140.0,0.6,24.0,9.0
dish_1551303437,181.0,224.75,0.738,32.79,20.697,3,124.17127071823204,0.40773480662983425,18.116022099447513,11.434806629834254
dish_1551303476,181.0,224.75,0.738,32.79,20.697,3,124.17127071823204,0.40773480662983425,18.116022099447513,11.434806629834254
dish_1551303644,15.0,80.4,5.25,7.95,1.05,1,536.0,35.0,53.0,7.000000000000001
dish_1551303727,62.0,26.66,0.186,5.58,2.108,1,43.0,0.3,9.0,3.4000000000000004
dish_1551303770,12.0,64.92,5.04,0.168,4.44,1,541.0,42.0,1.4000000000000001,37.00000000000001
dish_1551303822,89.0,171.98000000000002,10.475999999999999,13.698,7.598000000000001,3,193.2359550561798,11.770786516853931,15.391011235955057,8.537078651685395
dish_1551303866,89.0,171.98000000000002,10.475999999999999,13.698,7.598000000000001,3,193.2359550561798,11.770786516853931,15.391011235955057,8.537078651685395
dish_1551303912,50.0,70.0,0.3,12.0,4.5,1,140.0,0.6,24.0,9.0
dish_1551303984,92.0,46.0,0.092,11.96,0.46,1,50.0,0.1,13.0,0.5
dish_1551304110,40.0,39.6,0.12,0.08,9.6,1,99.0,0.3,0.2,24.0
dish_1551304155,182.0,155.6,0.512,24.04,14.56,3,85.49450549450549,0.2813186813186813,13.20879120879121,8.0
dish_1551304197,182.0,155.6,0.512,24.04,14.56,3,85.49450549450549,0.2813186813186813,13.20879120879121,8.0
dish_1551304349,121.0,30.25,0.363,6.05,2.178,1,25.0,0.3,5.0,1.7999999999999998
dish_1551304456,22.0,117.92,7.7,11.66,1.54,1,536.0,35.0,53.0,7.000000000000001
dish_1551304571,82.0,121.36,9.02,1.312,8.2,1,148.0,11.0,1.6,10.0
dish_1551304608,225.0,269.53,17.083,19.022,11.918,3,119.79111111111109,7.592444444444443,8.45422222222222,5.296888888888889
dish_1551304741,225.0,269.53,17.083,19.022,11.918,3,119.79111111111109,7.592444444444443,8.45422222222222,5.296888888888889
dish_1551304854,134.0,91.12,1.876,16.08,3.216,1,68.0,1.4,11.999999999999998,2.4
dish_1551304973,27.0,5.94,0.081,0.891,0.837,1,22.0,0.3,3.3000000000000003,3.1
dish_1551305168,33.0,31.68,0.495,6.93,1.122,1,96.0,1.5,21.0,3.4000000000000004
dish_1551305209,194.0,128.74,2.452,23.900999999999996,5.175000000000001,3,66.36082474226804,1.2639175257731958,12.320103092783503,2.6675257731958766
dish_1551305257,194.0,128.74,2.452,23.900999999999996,5.175000000000001,3,66.36082474226804,1.2639175257731958,12.320103092783503,2.6675257731958766
dish_1551305410,62.0,80.6,0.186,17.36,1.674,1,129.99999999999997,0.3,27.999999999999996,2.7
dish_1551306241,19.0,102.79,7.98,0.266,7.03,1,541.0,42.00000000000001,1.4000000000000001,37.0
dish_1551306290,27.0,25.92,0.405,5.67,0.918,1,96.00000000000001,1.5000000000000002,21.0,3.4000000000000004
dish_1551306339,108.0,209.31,8.571,23.296,9.622,3,193.80555555555557,7.93611111111111,21.57037037037037,8.90925925925926
dish_1551306375,108.0,209.31,8.571,23.296,9.622,3,193.80555555555557,7.93611111111111,21.57037037037037,8.90925925925926
dish_1551306452,70.0,98.0,0.42,16.8,6.3,1,140.0,0.6,24.000000000000004,9.0
dish_1551306491,62.0,15.5,0.186,3.1,1.116,1,25.0,0.3,5.0,1.8000000000000003
dish_1551306561,38.0,8.36,0.114,1.254,1.178,1,21.999999999999996,0.3,3.3000000000000003,3.1
dish_1551306647,170.0,121.86,0.72,21.154,8.594,3,71.68235294117648,0.4235294117647058,12.443529411764706,5.055294117647058
dish_1551306691,170.0,121.86,0.72,21.154,8.594,3,71.68235294117648,0.4235294117647058,12.443529411764706,5.055294117647058
dish_1551306798,20.0,107.2,7.0,10.6,1.4,1,536.0,35.0,53.0,6.999999999999999
dish_1551306860,11.0,59.51,4.62,0.154,4.07,1,541.0,42.0,1.4000000000000001,37.00000000000001
dish_1551306958,22.0,4.84,0.066,0.726,0.682,1,22.0,0.3,3.3000000000000003,3.1000000000000005
dish_1551307013,53.0,171.55,11.686,11.48,6.152,3,323.6792452830189,22.049056603773582,21.660377358490567,11.60754716981132
dish_1551307090,53.0,171.55,11.686,11.48,6.152000000000001,3,323.6792452830189,22.049056603773582,21.660377358490567,11.607547169811323
dish_1551307170,48.0,20.64,0.144,4.32,1.632,1,43.0,0.3,9.000000000000002,3.3999999999999995
dish_1551307258,45.0,43.2,0.675,9.45,1.53,1,96.00000000000001,1.5000000000000002,21.0,3.4000000000000004
dish_1551307325,72.0,106.56,7.92,1.152,7.2,1,148.0,11.0,1.6,10.0
dish_1551307361,165.0,170.4,8.739,14.922,10.362,3,103.27272727272727,5.296363636363637,9.043636363636363,6.279999999999999
dish_1551307394,165.0,170.4,8.739,14.921999999999999,10.362,3,103.27272727272727,5.296363636363637,9.043636363636363,6.279999999999999
dish_1551313782,81.0,49.41,0.405,12.15,0.891,1,61.0,0.5,15.0,1.0999999999999999
dish_1551313822,63.0,18.27,0.189,5.67,0.693,1,28.999999999999996,0.3,9.0,1.0999999999999999
dish_1551313872,46.0,64.4,0.276,11.04,4.14,1,140.0,0.6,24.0,9.0
dish_1551313896,190.0,132.07999999999998,0.8700000000000001,28.86,5.724,3,69.5157894736842,0.4578947368421053,15.189473684210524,3.0126315789473685
dish_1551313924,190.0,132.07999999999998,0.8700000000000001,28.86,5.724,3,69.5157894736842,0.4578947368421053,15.189473684210524,3.0126315789473685
dish_1551314022,39.0,23.79,0.195,5.85,0.429,1,61.0,0.5,15.0,1.0999999999999999
dish_1551314048,29.0,27.84,0.435,6.09,0.986,1,96.0,1.5,21.0,3.4000000000000004
dish_1551314095,45.0,21.15,0.045,5.4,0.405,1,47.0,0.1,12.000000000000002,0.9000000000000001
dish_1551314121,113.0,72.78,0.675,17.34,1.82,3,64.40707964601769,0.5973451327433629,15.345132743362832,1.6106194690265487
dish_1551314163,113.0,72.78,0.675,17.34,1.82,3,64.40707964601769,0.5973451327433629,15.345132743362832,1.6106194690265487
dish_1551314254,41.0,11.89,0.123,3.69,0.451,1,29.000000000000004,0.3,9.0,1.1
dish_1551314290,31.0,14.57,0.031,3.72,0.279,1,47.0,0.1,12.000000000000002,0.9000000000000001
dish_1551314337,67.0,33.5,0.067,8.71,0.335,1,50.0,0.1,13.0,0.5
dish_1551314360,139.0,59.96,0.221,16.12,1.065,3,43.13669064748202,0.15899280575539568,11.597122302158274,0.7661870503597121
dish_1551314390,139.0,59.96,0.221,16.12,1.065,3,43.13669064748202,0.15899280575539568,11.597122302158274,0.7661870503597121
dish_1551314442,23.0,5.06,0.069,0.759,0.713,1,21.999999999999996,0.3,3.3000000000000003,3.1
dish_1551314496,44.0,26.84,0.22,6.6,0.484,1,61.0,0.5,15.0,1.0999999999999999
dish_1551314531,17.0,91.12,5.95,9.01,1.19,1,536.0,35.0,53.0,6.999999999999999
dish_1551314560,84.0,123.02000000000001,6.239,16.369,2.387,3,146.45238095238096,7.427380952380952,19.48690476190476,2.841666666666667
dish_1551314589,84.0,123.02000000000001,6.239,16.369,2.387,3,146.45238095238096,7.427380952380952,19.48690476190476,2.841666666666667
dish_1551314669,91.0,26.39,0.273,8.19,1.001,1,28.999999999999996,0.3,9.0,1.0999999999999999
dish_1551314810,15.0,81.15,6.3,0.21,5.55,1,541.0,42.0,1.4000000000000001,37.0
dish_1551314855,36.0,34.56,0.54,7.56,1.224,1,96.00000000000001,1.5000000000000002,21.0,3.4000000000000004
dish_1551314927,142.0,142.10000000000002,7.1129999999999995,15.959999999999999,7.775,3,100.07042253521128,5.009154929577464,11.23943661971831,5.475352112676057
dish_1551314967,142.0,142.10000000000002,7.1129999999999995,15.959999999999999,7.775,3,100.07042253521128,5.009154929577464,11.23943661971831,5.475352112676057
dish_1551316737,70.0,91.0,0.21,19.6,1.89,1,130.0,0.3,28.000000000000004,2.7
dish_1551316788,70.0,32.9,0.07,8.4,0.63,1,47.0,0.1,12.000000000000002,0.8999999999999999
dish_1551316838,50.0,21.5,0.15,4.5,1.7,1,43.0,0.3,9.0,3.4000000000000004
dish_1551316878,190.0,145.4,0.43,32.5,4.22,3,76.52631578947368,0.2263157894736842,17.105263157894736,2.221052631578947
dish_1551317350,190.0,145.4,0.43,32.5,4.22,3,76.52631578947368,0.2263157894736842,17.105263157894736,2.221052631578947
dish_1551317449,50.0,65.0,0.15,14.0,1.35,1,130.0,0.3,28.000000000000004,2.7
dish_1551317508,100.0,29.0,0.3,9.0,1.1,1,28.999999999999996,0.3,9.0,1.1
dish_1551317589,32.0,44.8,0.192,7.68,2.88,1,140.0,0.6,24.0,9.0
dish_1551317628,182.0,138.8,0.642,30.68,5.33,3,76.26373626373628,0.35274725274725277,16.857142857142858,2.928571428571429
dish_1551317743,182.0,138.8,0.642,30.68,5.33,3,76.26373626373628,0.35274725274725277,16.857142857142858,2.928571428571429
dish_1551317998,47.0,28.67,0.235,7.05,0.517,1,61.0,0.5,15.0,1.1
dish_1551318068,33.0,31.68,0.495,6.93,1.122,1,96.0,1.5,21.0,3.4000000000000004
dish_1551318183,17.0,91.12,5.95,9.01,1.19,1,536.0,35.0,53.0,6.999999999999999
dish_1551318377,97.0,151.47,6.680000000000001,22.990000000000002,2.8289999999999997,3,156.15463917525773,6.88659793814433,23.701030927835053,2.9164948453608246
dish_1551318422,97.0,151.47,6.680000000000001,22.990000000000002,2.8289999999999997,3,156.15463917525773,6.88659793814433,23.701030927835053,2.9164948453608246
dish_1551318504,68.0,17.0,0.204,3.4,1.224,1,25.0,0.3,5.0,1.7999999999999998
dish_1551318543,59.0,17.11,0.177,5.31,0.649,1,28.999999999999996,0.3,9.0,1.1
dish_1551318603,124.0,84.32,1.736,14.88,2.976,1,68.0,1.4000000000000001,12.000000000000002,2.4
dish_1551318673,251.0,118.42999999999999,2.117,23.59,4.849,3,47.18326693227091,0.8434262948207171,9.398406374501992,1.9318725099601592
dish_1551318716,251.0,118.42999999999999,2.117,23.59,4.849,3,47.18326693227091,0.8434262948207171,9.398406374501992,1.9318725099601592
dish_1551319895,129.0,60.63,0.129,15.48,1.161,1,47.0,0.1,12.000000000000002,0.9000000000000001
dish_1551320684,54.0,75.6,0.324,12.96,4.86,1,140.0,0.6,24.000000000000004,9.000000000000002
dish_1551321715,42.0,25.62,0.21,6.3,0.462,1,61.0,0.5,15.0,1.1
dish_1551321757,225.0,161.85,0.663,34.74,6.4830000000000005,3,71.93333333333332,0.2946666666666667,15.440000000000001,2.8813333333333335
dish_1551321793,225.0,161.85,0.663,34.74,6.483,3,71.93333333333332,0.2946666666666667,15.440000000000001,2.8813333333333335
dish_1551322577,79.0,37.13,0.079,9.48,0.711,1,47.0,0.1,12.000000000000002,0.8999999999999999
dish_1551322652,65.0,18.85,0.195,5.85,0.715,1,29.000000000000004,0.3,9.0,1.0999999999999999
dish_1551322714,34.0,32.64,0.51,7.14,1.156,1,96.0,1.5,21.0,3.3999999999999995
dish_1551322755,178.0,88.62,0.784,22.47,2.582,3,49.78651685393259,0.4404494382022472,12.623595505617976,1.450561797752809
dish_1551322804,178.0,88.62,0.784,22.47,2.582,3,49.78651685393259,0.4404494382022472,12.623595505617976,1.450561797752809
dish_1551322890,93.0,137.64,10.23,1.488,9.3,1,147.99999999999997,11.0,1.6,10.0
dish_1551322934,34.0,7.48,0.102,1.122,1.054,1,22.0,0.3,3.3000000000000003,3.1
dish_1551322988,74.0,96.2,0.222,20.72,1.998,1,130.0,0.3,27.999999999999996,2.7
dish_1551323035,201.0,241.32,10.554,23.33,12.352,3,120.0597014925373,5.250746268656717,11.606965174129352,6.145273631840796
dish_1551323073,201.0,241.32,10.554,23.33,12.352,3,120.0597014925373,5.250746268656717,11.606965174129352,6.145273631840796
dish_1551323219,43.0,26.23,0.215,6.45,0.473,1,61.0,0.5,15.0,1.0999999999999999
dish_1551323262,84.0,42.0,0.084,10.92,0.42,1,50.0,0.1,13.0,0.5
dish_1551323309,16.0,85.76,5.6,8.48,1.12,1,536.0,35.0,53.0,7.000000000000001
dish_1551323342,143.0,153.99,5.899,25.85,2.013,3,107.68531468531468,4.125174825174825,18.076923076923077,1.4076923076923076
dish_1551323381,143.0,153.99,5.899,25.85,2.013,3,107.68531468531468,4.125174825174825,18.076923076923077,1.4076923076923076
dish_1551323433,24.0,33.6,0.144,5.76,2.16,1,140.0,0.6,24.0,9.000000000000002
dish_1551323487,79.0,78.21,0.237,0.158,18.96,1,98.99999999999999,0.3,0.2,24.000000000000004
dish_1551323574,91.0,61.88,1.274,10.92,2.184,1,68.0,1.4000000000000001,12.0,2.4
dish_1551323618,194.0,173.69,1.655,16.838,23.304000000000002,3,89.53092783505154,0.8530927835051546,8.67938144329897,12.012371134020619
dish_1551323662,194.0,173.69,1.655,16.838,23.304000000000002,3,89.53092783505154,0.8530927835051546,8.67938144329897,12.012371134020619
dish_1551323794,89.0,25.81,0.267,8.01,0.979,1,28.999999999999996,0.3,9.0,1.0999999999999999
dish_1551323866,41.0,40.59,0.123,0.082,9.84,1,99.00000000000001,0.3,0.2,24.0
dish_1551323937,74.0,31.82,0.222,6.66,2.516,1,43.0,0.3,9.0,3.4000000000000004
dish_1551323969,204.0,98.22,0.612,14.751999999999999,13.334999999999999,3,48.147058823529406,0.3,7.231372549019607,6.536764705882353
dish_1551324010,204.0,98.22,0.612,14.752,13.335,3,48.147058823529406,0.3,7.231372549019609,6.536764705882353
dish_1551324079,59.0,58.41,0.177,0.118,14.16,1,99.0,0.3,0.2,24.0
dish_1551324180,118.0,29.5,0.354,5.9,2.124,1,25.0,0.3,5.0,1.8000000000000003
dish_1551324246,14.0,75.74,5.88,0.196,5.18,1,540.9999999999999,42.0,1.4000000000000001,37.0
dish_1551324284,191.0,163.64999999999998,6.411,6.214,21.464,3,85.6806282722513,3.356544502617801,3.2534031413612565,11.237696335078533
dish_1551324331,191.0,163.64999999999998,6.411,6.214,21.464,3,85.6806282722513,3.356544502617801,3.2534031413612565,11.237696335078533
dish_1551373181,88.0,78.32,0.264,20.24,0.968,1,88.99999999999999,0.3,23.0,1.0999999999999999
dish_1551373253,32.0,128.64,10.56,0.416,8.0,1,401.99999999999994,33.0,1.3,25.0
dish_1551373647,69.0,32.43,0.069,8.28,0.621,1,47.0,0.1,12.0,0.8999999999999999
dish_1551373738,189.0,239.39,10.893,28.936,9.589,3,126.66137566137566,5.7634920634920634,15.31005291005291,5.073544973544974
dish_1551373813,189.0,239.39,10.893,28.936,9.589,3,126.66137566137566,5.7634920634920634,15.31005291005291,5.073544973544974
dish_1551374021,85.0,48.45,0.255,11.9,0.595,1,57.00000000000001,0.3,14.000000000000002,0.7
dish_1551374155,63.0,38.43,0.315,9.45,0.693,1,61.0,0.5,15.0,1.0999999999999999
dish_1551374189,73.0,94.9,0.219,20.44,1.971,1,130.0,0.3,28.000000000000004,2.7
dish_1551374222,221.0,181.78000000000003,0.789,41.79,3.2590000000000003,3,82.25339366515838,0.3570135746606335,18.90950226244344,1.474660633484163
dish_1551374332,221.0,181.78000000000003,0.789,41.79,3.2590000000000003,3,82.25339366515838,0.3570135746606335,18.90950226244344,1.474660633484163
dish_1551374440,54.0,48.06,0.162,12.42,0.594,1,89.0,0.3,23.0,1.0999999999999999
dish_1551374463,39.0,13.65,0.156,2.73,0.936,1,35.0,0.4,6.999999999999999,2.4
dish_1551374502,101.0,34.34,0.202,8.08,0.808,1,34.0,0.2,8.0,0.8
dish_1551374527,194.0,96.05000000000001,0.52,23.23,2.338,3,49.510309278350526,0.26804123711340205,11.974226804123711,1.205154639175258
dish_1551374560,194.0,96.05000000000001,0.52,23.23,2.338,3,49.510309278350526,0.26804123711340205,11.974226804123711,1.205154639175258
dish_1551374604,112.0,32.48,0.336,10.08,1.232,1,28.999999999999996,0.3,9.0,1.0999999999999999
dish_1551374665,97.0,86.33,0.291,22.31,1.067,1,89.0,0.3,23.0,1.0999999999999999
dish_1551374712,59.0,14.75,0.177,2.95,1.062,1,25.0,0.3,5.0,1.8000000000000003
dish_1551374746,268.0,133.56,0.804,35.34,3.3609999999999998,3,49.83582089552239,0.3,13.186567164179106,1.2541044776119403
dish_1551374783,268.0,133.56,0.804,35.339999999999996,3.3609999999999998,3,49.83582089552239,0.3,13.186567164179102,1.2541044776119403
dish_1551374831,13.0,70.33,5.46,0.182,4.81,1,541.0,42.0,1.4000000000000001,37.0
dish_1551374895,52.0,18.2,0.208,3.64,1.248,1,35.0,0.4,7.000000000000001,2.4
dish_1551374946,100.0,61.0,0.5,15.0,1.1,1,61.0,0.5,15.0,1.1
dish_1551374982,165.0,149.53,6.168,18.822,7.1579999999999995,3,90.62424242424242,3.7381818181818183,11.407272727272726,4.338181818181818
dish_1551375027,165.0,149.53,6.168,18.822,7.1579999999999995,3,90.62424242424242,3.7381818181818183,11.407272727272726,4.338181818181818
dish_1551375086,89.0,41.83,0.089,10.68,0.801,1,47.0,0.1,12.0,0.9000000000000001
dish_1551375142,82.0,46.74,0.246,11.48,0.574,1,57.00000000000001,0.3,14.000000000000002,0.7
dish_1551375189,48.0,20.64,0.144,4.32,1.632,1,43.0,0.3,9.000000000000002,3.3999999999999995
dish_1551375218,219.0,109.21000000000001,0.479,26.48,3.0069999999999997,3,49.8675799086758,0.2187214611872146,12.091324200913242,1.3730593607305934
dish_1551375252,219.0,109.21000000000001,0.479,26.48,3.0069999999999997,3,49.8675799086758,0.2187214611872146,12.091324200913242,1.3730593607305934
dish_1551375297,55.0,31.35,0.165,7.7,0.385,1,57.00000000000001,0.3,14.000000000000002,0.7000000000000001
dish_1551375366,40.0,39.6,0.12,0.08,9.6,1,99.0,0.3,0.2,24.0
dish_1551375411,83.0,28.22,0.166,6.64,0.664,1,34.0,0.2,8.0,0.8
dish_1551375443,178.0,99.17,0.451,14.42,10.649,3,55.713483146067425,0.2533707865168539,8.101123595505618,5.982584269662921
dish_1551375480,178.0,99.17,0.451,14.42,10.649,3,55.713483146067425,0.2533707865168539,8.101123595505618,5.982584269662921
dish_1551375596,30.0,29.7,0.09,0.06,7.2,1,99.0,0.3,0.2,24.000000000000004
dish_1551375650,61.0,90.28,6.71,0.976,6.1,1,148.0,11.0,1.6,10.0
dish_1551375715,76.0,25.84,0.152,6.08,0.608,1,34.0,0.2,8.0,0.8
dish_1551375747,167.0,145.82,6.952,7.116,13.908,3,87.31736526946108,4.162874251497007,4.261077844311377,8.32814371257485
dish_1551375783,167.0,145.82,6.952,7.116,13.908,3,87.31736526946108,4.162874251497007,4.261077844311377,8.32814371257485
dish_1551375848,37.0,224.59,19.98,7.77,7.4,1,607.0,54.0,21.0,20.0
dish_1551375933,55.0,71.5,0.165,15.4,1.485,1,130.0,0.3,28.000000000000004,2.7
dish_1551375981,55.0,19.25,0.22,3.85,1.32,1,35.0,0.4,7.000000000000001,2.4
dish_1551376575,147.0,315.34000000000003,20.365000000000002,27.02,10.205,3,214.5170068027211,13.85374149659864,18.38095238095238,6.9421768707483
dish_1551376623,147.0,315.34000000000003,20.365,27.02,10.205,3,214.5170068027211,13.853741496598637,18.38095238095238,6.9421768707483
dish_1551376692,43.0,41.28,0.645,9.03,1.462,1,96.00000000000001,1.5000000000000002,21.0,3.4000000000000004
dish_1551376850,78.0,44.46,0.234,10.92,0.546,1,57.00000000000001,0.3,13.999999999999998,0.7000000000000001
dish_1551376892,65.0,39.65,0.325,9.75,0.715,1,61.0,0.5,15.0,1.0999999999999999
dish_1551376933,186.0,125.39,1.2040000000000002,29.7,2.723,3,67.41397849462366,0.6473118279569893,15.96774193548387,1.4639784946236558
dish_1551376970,186.0,125.39,1.204,29.7,2.723,3,67.41397849462366,0.6473118279569893,15.96774193548387,1.4639784946236558
dish_1551377052,51.0,50.49,0.153,0.102,12.24,1,99.0,0.3,0.2,24.0
dish_1551377094,79.0,37.13,0.079,9.48,0.711,1,47.0,0.1,12.000000000000002,0.8999999999999999
dish_1551377135,19.0,4.18,0.057,0.627,0.589,1,21.999999999999996,0.3,3.3000000000000003,3.1
dish_1551377177,149.0,91.80000000000001,0.289,10.209,13.540000000000001,3,61.61073825503356,0.19395973154362414,6.851677852348994,9.087248322147651
dish_1551377209,149.0,91.80000000000001,0.289,10.209,13.540000000000001,3,61.61073825503356,0.19395973154362414,6.851677852348994,9.087248322147651
dish_1551377316,67.0,66.33,0.201,0.134,16.08,1,99.0,0.3,0.2,23.999999999999996
dish_1551377388,35.0,31.15,0.105,8.05,0.385,1,89.0,0.3,23.0,1.1
dish_1551377438,28.0,112.56,9.24,0.364,7.0,1,402.00000000000006,33.0,1.3,25.0
dish_1551377473,130.0,210.04000000000002,9.546000000000001,8.548,23.464999999999996,3,161.56923076923078,7.343076923076924,6.575384615384615,18.049999999999997
dish_1551377521,130.0,210.04000000000002,9.546000000000001,8.548,23.464999999999996,3,161.56923076923078,7.343076923076924,6.575384615384615,18.049999999999997
dish_1551377674,71.0,40.47,0.213,9.94,0.497,1,56.99999999999999,0.3,13.999999999999998,0.7000000000000001
dish_1551377737,18.0,96.48,6.3,9.54,1.26,1,536.0,35.0,52.99999999999999,7.000000000000001
dish_1551377782,127.0,86.36,1.778,15.24,3.048,1,68.0,1.4000000000000001,12.0,2.4
dish_1551377828,216.0,223.31,8.291,34.72,4.805,3,103.38425925925927,3.8384259259259266,16.074074074074073,2.224537037037037
dish_1551377874,216.0,223.31,8.291,34.72,4.805,3,103.38425925925927,3.8384259259259266,16.074074074074073,2.224537037037037
dish_1551378018,22.0,4.488,0.022,0.858,0.484,1,20.400000000000002,0.1,3.9,2.1999999999999997
dish_1551378054,50.0,303.5,27.0,10.5,10.0,1,607.0,54.0,21.0,20.0
dish_1551378099,65.0,18.85,0.195,5.85,0.715,1,29.000000000000004,0.3,9.0,1.0999999999999999
dish_1551378151,137.0,326.838,27.217,17.208,11.199,3,238.56788321167883,19.86642335766423,12.560583941605838,8.174452554744525
dish_1551378179,137.0,326.838,27.217,17.208,11.199,3,238.56788321167883,19.86642335766423,12.560583941605838,8.174452554744525
dish_1551378291,36.0,7.344,0.036,1.404,0.792,1,20.400000000000002,0.1,3.9,2.2
dish_1551378344,73.0,64.97,0.219,16.79,0.803,1,89.0,0.3,23.0,1.1
dish_1551378397,32.0,44.8,0.192,7.68,2.88,1,140.0,0.6,24.0,9.0
dish_1551378449,141.0,117.114,0.447,25.874,4.475,3,83.0595744680851,0.3170212765957447,18.350354609929077,3.1737588652482267
dish_1551378490,141.0,117.11399999999999,0.447,25.874,4.475,3,83.05957446808509,0.3170212765957447,18.350354609929077,3.1737588652482267
dish_1551378584,15.0,3.06,0.015,0.585,0.33,1,20.400000000000002,0.1,3.9,2.2
dish_1551378635,80.0,27.2,0.16,6.4,0.64,1,34.0,0.2,8.0,0.8
dish_1551378684,59.0,25.37,0.177,5.31,2.006,1,43.0,0.3,9.0,3.3999999999999995
dish_1551378719,154.0,55.629999999999995,0.352,12.295,2.976,3,36.12337662337662,0.22857142857142854,7.983766233766233,1.9324675324675324
dish_1551378762,154.0,55.629999999999995,0.352,12.295,2.976,3,36.12337662337662,0.22857142857142854,7.983766233766233,1.9324675324675324
dish_1551378829,31.0,6.324,0.031,1.209,0.682,1,20.4,0.1,3.9,2.2
dish_1551378898,109.0,31.61,0.327,9.81,1.199,1,28.999999999999996,0.3,9.000000000000002,1.1
dish_1551378955,125.0,85.0,1.75,15.0,3.0,1,68.0,1.4000000000000001,12.0,2.4
dish_1551378996,265.0,122.934,2.108,26.019,4.881,3,46.390188679245284,0.7954716981132075,9.818490566037735,1.8418867924528304
dish_1551379045,265.0,122.934,2.108,26.019,4.881,3,46.390188679245284,0.7954716981132075,9.818490566037735,1.8418867924528304
dish_1551379162,75.0,42.75,0.225,10.5,0.525,1,56.99999999999999,0.3,14.000000000000002,0.7000000000000001
dish_1551379252,59.0,20.65,0.236,4.13,1.416,1,35.0,0.4,6.999999999999999,2.4
dish_1551379331,36.0,35.64,0.108,0.072,8.64,1,99.0,0.3,0.2,24.000000000000004
dish_1551379379,170.0,99.03999999999999,0.569,14.702,10.581000000000001,3,58.258823529411764,0.33470588235294113,8.648235294117647,6.224117647058824
dish_1551379408,170.0,99.03999999999999,0.569,14.701999999999998,10.581,3,58.258823529411764,0.33470588235294113,8.648235294117645,6.224117647058823
dish_1551379478,70.0,62.3,0.21,16.1,0.77,1,89.0,0.3,23.0,1.1
dish_1551379524,68.0,23.12,0.136,5.44,0.544,1,34.0,0.2,8.0,0.8
dish_1551379566,36.0,144.72,11.88,0.468,9.0,1,401.99999999999994,33.0,1.3,25.0
dish_1551379605,174.0,230.14,12.226,22.008000000000003,10.314,3,132.26436781609195,7.0264367816091955,12.648275862068967,5.927586206896552
dish_1551379654,174.0,230.14,12.226,22.008000000000003,10.314,3,132.26436781609195,7.0264367816091955,12.648275862068967,5.927586206896552
dish_1551379741,114.0,28.5,0.342,5.7,2.052,1,25.0,0.3,5.0,1.8000000000000003
dish_1551379788,43.0,261.01,23.22,9.03,8.6,1,606.9999999999999,53.99999999999999,21.0,20.0
dish_1551379852,11.0,58.96,3.85,5.83,0.77,1,536.0,35.0,53.0,7.000000000000001
dish_1551379881,168.0,348.46999999999997,27.412,20.56,11.421999999999999,3,207.42261904761904,16.316666666666666,12.238095238095237,6.798809523809524
dish_1551379922,168.0,348.47,27.412,20.56,11.422,3,207.42261904761907,16.316666666666666,12.238095238095237,6.798809523809524
dish_1551380856,59.0,128.62,1.711,26.55,3.54,1,218.00000000000003,2.9000000000000004,45.0,6.0
dish_1551380910,22.0,4.84,0.066,0.726,0.682,1,22.0,0.3,3.3000000000000003,3.1000000000000005
dish_1551380950,21.0,84.42,6.93,0.273,5.25,1,402.00000000000006,32.99999999999999,1.3,25.0
dish_1551381050,102.0,217.88,8.707,27.549,9.472000000000001,3,213.60784313725492,8.536274509803922,27.008823529411764,9.286274509803922
dish_1551381103,102.0,217.88,8.707,27.549,9.472000000000001,3,213.60784313725492,8.536274509803922,27.008823529411764,9.286274509803922
dish_1551381173,32.0,69.76,0.928,14.4,1.92,1,218.00000000000003,2.9000000000000004,45.0,6.0
dish_1551381208,71.0,17.75,0.213,3.55,1.278,1,25.0,0.3,5.0,1.7999999999999998
dish_1551381249,71.0,20.59,0.213,6.39,0.781,1,28.999999999999996,0.3,9.0,1.1
dish_1551381285,174.0,108.10000000000001,1.354,24.34,3.979,3,62.12643678160919,0.7781609195402299,13.988505747126437,2.2867816091954025
dish_1551381321,174.0,108.10000000000001,1.354,24.34,3.979,3,62.12643678160919,0.7781609195402299,13.988505747126437,2.2867816091954025
dish_1551381365,16.0,34.88,0.464,7.2,0.96,1,218.00000000000003,2.9000000000000004,45.0,6.0
dish_1551381404,36.0,50.4,0.216,8.64,3.24,1,140.0,0.6,24.000000000000004,9.000000000000002
dish_1551381450,26.0,104.52,8.58,0.338,6.5,1,401.99999999999994,33.0,1.3,25.0
dish_1551381496,78.0,189.79999999999998,9.26,16.178,10.7,3,243.33333333333331,11.871794871794872,20.741025641025644,13.717948717948717
dish_1551381555,78.0,189.79999999999998,9.26,16.178,10.7,3,243.33333333333331,11.871794871794872,20.741025641025644,13.717948717948717
dish_1551381661,43.0,93.74,1.247,19.35,2.58,1,217.99999999999997,2.9000000000000004,45.0,6.000000000000001
dish_1551381730,41.0,39.36,0.615,8.61,1.394,1,96.0,1.5,21.0,3.3999999999999995
dish_1551381829,13.0,2.652,0.013,0.507,0.286,1,20.400000000000002,0.1,3.9,2.1999999999999997
dish_1551381877,97.0,135.75199999999998,1.875,28.467000000000002,4.26,3,139.9505154639175,1.9329896907216495,29.34742268041237,4.391752577319587
dish_1551381921,97.0,135.752,1.875,28.467,4.26,3,139.95051546391755,1.9329896907216495,29.34742268041237,4.391752577319587
dish_1551381990,3324.0,678.096,3.324,129.636,73.128,1,20.400000000000002,0.1,3.9,2.1999999999999997
dish_1551382060,65.0,44.2,0.91,7.8,1.56,1,68.0,1.4000000000000001,12.0,2.4
dish_1551382115,46.0,59.8,0.138,12.88,1.242,1,130.0,0.3,28.000000000000004,2.7
dish_1551382149,3435.0,782.096,4.372,150.316,75.93,3,22.76844250363901,0.12727802037845706,4.376011644832606,2.2104803493449783
dish_1551382179,3435.0,782.096,4.372,150.316,75.93,3,22.76844250363901,0.12727802037845706,4.376011644832606,2.2104803493449783
dish_1551382255,36.0,7.344,0.036,1.404,0.792,1,20.400000000000002,0.1,3.9,2.2
dish_1551384024,82.0,46.74,0.246,11.48,0.574,1,57.00000000000001,0.3,14.000000000000002,0.7
dish_1551384080,92.0,46.0,0.092,11.96,0.46,1,50.0,0.1,13.0,0.5
dish_1551384115,210.0,100.084,0.374,24.844,1.826,3,47.65904761904763,0.17809523809523808,11.83047619047619,0.8695238095238096
dish_1551384167,210.0,100.084,0.374,24.844,1.826,3,47.65904761904763,0.17809523809523808,11.83047619047619,0.8695238095238096
dish_1551388984,21.0,4.284,0.021,0.819,0.462,1,20.4,0.1,3.9,2.2
dish_1551389118,23.0,36.8,3.45,2.07,0.46,1,160.0,15.0,9.0,2.0
dish_1551389176,64.0,94.72,7.04,1.024,6.4,1,148.0,11.0,1.6,10.0
dish_1551389218,108.0,135.804,10.511,3.913,7.322,3,125.74444444444444,9.732407407407406,3.6231481481481485,6.77962962962963
dish_1551389268,108.0,135.804,10.511,3.913,7.322,3,125.74444444444444,9.732407407407406,3.6231481481481485,6.77962962962963
dish_1551389387,18.0,28.8,2.7,1.62,0.36,1,160.0,15.000000000000002,9.000000000000002,2.0
dish_1551389458,7974.0,2312.46,23.922,717.66,87.714,1,28.999999999999996,0.3,9.0,1.0999999999999999
dish_1551389506,62.0,59.52,0.93,13.02,2.108,1,96.00000000000001,1.5000000000000002,21.0,3.4000000000000004
dish_1551389551,8054.0,2400.78,27.552,732.3,90.182,3,29.80854233921033,0.3420908865160169,9.09237645890241,1.1197169108517508
dish_1551389588,8054.0,2400.78,27.552,732.3,90.182,3,29.80854233921033,0.3420908865160169,9.09237645890241,1.1197169108517508
dish_1551389684,33.0,6.732,0.033,1.287,0.726,1,20.400000000000002,0.1,3.9,2.1999999999999997
dish_1551389749,44.0,57.2,0.132,12.32,1.188,1,130.0,0.3,28.000000000000004,2.7
dish_1551390006,80.0,58.4,3.84,1.52,6.4,1,73.0,4.8,1.9,8.0
dish_1551390051,157.0,122.332,4.005,15.127,8.314,3,77.9184713375796,2.550955414012739,9.635031847133758,5.295541401273885
dish_1551390087,157.0,122.332,4.005,15.126999999999999,8.314,3,77.9184713375796,2.550955414012739,9.635031847133757,5.295541401273885
dish_1551390215,43.0,15.05,0.172,3.01,1.032,1,35.0,0.4,6.999999999999999,2.4
dish_1551390265,56.0,92.4,2.016,0.0,17.36,1,165.0,3.5999999999999996,0.0,31.0
dish_1551390304,65.0,39.65,0.325,9.75,0.715,1,61.0,0.5,15.0,1.0999999999999999
dish_1551390341,164.0,147.10000000000002,2.513,12.76,19.107,3,89.69512195121952,1.5323170731707316,7.780487804878049,11.65060975609756
dish_1551390382,164.0,147.10000000000002,2.513,12.76,19.107,3,89.69512195121952,1.5323170731707316,7.780487804878049,11.65060975609756
dish_1551390429,100.0,61.0,0.5,15.0,1.1,1,61.0,0.5,15.0,1.1
dish_1551390474,51.0,37.23,2.448,0.969,4.08,1,73.0,4.8,1.9,8.0
dish_1551390528,63.0,15.75,0.189,3.15,1.134,1,25.0,0.3,5.0,1.7999999999999998
dish_1551390560,214.0,113.97999999999999,3.137,19.119,6.314,3,53.26168224299065,1.4658878504672896,8.93411214953271,2.9504672897196262
dish_1551390594,214.0,113.97999999999999,3.137,19.119,6.314,3,53.26168224299065,1.4658878504672896,8.93411214953271,2.9504672897196262
dish_1551390651,85.0,21.25,0.255,4.25,1.53,1,25.0,0.3,5.0,1.7999999999999998
dish_1551390758,27.0,58.86,0.783,12.15,1.62,1,218.00000000000003,2.9000000000000004,45.0,6.000000000000001
dish_1551390802,94.0,44.18,0.094,11.28,0.846,1,47.0,0.1,12.0,0.8999999999999999
dish_1551390837,206.0,124.28999999999999,1.1320000000000001,27.68,3.996,3,60.33495145631067,0.5495145631067961,13.436893203883496,1.9398058252427186
dish_1551390872,206.0,124.28999999999999,1.1320000000000001,27.68,3.996,3,60.33495145631067,0.5495145631067961,13.436893203883496,1.9398058252427186
dish_1551390930,119.0,86.87,5.712,2.261,9.52,1,73.00000000000001,4.8,1.9,8.0
dish_1551390979,91.0,55.51,0.455,13.65,1.001,1,61.0,0.5,15.0,1.0999999999999999
dish_1551391034,72.0,48.96,1.008,8.64,1.728,1,68.0,1.4000000000000001,12.000000000000002,2.4
dish_1551391083,282.0,191.34,7.175,24.551000000000002,12.248999999999999,3,67.85106382978724,2.5443262411347516,8.706028368794328,4.343617021276596
dish_1551391122,282.0,191.34,7.175,24.551000000000002,12.248999999999999,3,67.85106382978724,2.5443262411347516,8.706028368794328,4.343617021276596
dish_1551391197,40.0,39.6,0.12,0.08,9.6,1,99.0,0.3,0.2,24.0
dish_1551391257,79.0,130.35,2.844,0.0,24.49,1,165.0,3.5999999999999996,0.0,31.0
dish_1551391302,79.0,26.86,0.158,6.32,0.632,1,34.0,0.2,8.0,0.8
dish_1551391337,198.0,196.81,3.122,6.4,34.722,3,99.3989898989899,1.5767676767676768,3.2323232323232323,17.536363636363635
dish_1551391379,198.0,196.81,3.122,6.4,34.721999999999994,3,99.3989898989899,1.5767676767676768,3.2323232323232323,17.53636363636363
dish_1551391438,26.0,25.74,0.078,0.052,6.24,1,99.0,0.3,0.2,24.000000000000004
dish_1551391477,55.0,19.25,0.22,3.85,1.32,1,35.0,0.4,7.000000000000001,2.4
dish_1551391505,54.0,327.78,29.16,11.34,10.8,1,606.9999999999999,54.0,21.0,20.0
dish_1551391543,135.0,372.77,29.458,15.242,18.36,3,276.1259259259259,21.82074074074074,11.290370370370372,13.599999999999998
dish_1551391586,135.0,372.77,29.458,15.241999999999999,18.36,3,276.1259259259259,21.82074074074074,11.29037037037037,13.599999999999998
dish_1551391672,76.0,22.04,0.228,6.84,0.836,1,28.999999999999996,0.3,9.0,1.0999999999999999
dish_1551391710,19.0,102.79,7.98,0.266,7.03,1,541.0,42.00000000000001,1.4000000000000001,37.0
dish_1551391733,46.0,33.58,2.208,0.874,3.68,1,73.0,4.8,1.9,8.0
dish_1551391758,141.0,158.41,10.416,7.9799999999999995,11.546000000000001,3,112.34751773049645,7.387234042553192,5.659574468085106,8.188652482269504
dish_1551391795,141.0,158.41,10.416,7.9799999999999995,11.546000000000001,3,112.34751773049645,7.387234042553192,5.659574468085106,8.188652482269504
dish_1551392271,32.0,23.36,1.536,0.608,2.56,1,73.0,4.8,1.9,8.0
dish_1551392316,30.0,6.12,0.03,1.17,0.66,1,20.400000000000002,0.1,3.9,2.2
dish_1551392347,57.0,32.49,0.171,7.98,0.399,1,57.00000000000001,0.3,14.000000000000002,0.7000000000000001
dish_1551392376,119.0,61.97,1.737,9.758000000000001,3.619,3,52.07563025210084,1.4596638655462184,8.200000000000001,3.041176470588235
dish_1551392424,119.0,61.97,1.737,9.758000000000001,3.619,3,52.07563025210084,1.4596638655462184,8.200000000000001,3.041176470588235
dish_1551392519,77.0,56.21,3.696,1.463,6.16,1,73.0,4.8,1.9,8.0
dish_1551392557,12.0,64.32,4.2,6.36,0.84,1,536.0,35.0,53.0,6.999999999999999
dish_1551392590,23.0,5.06,0.069,0.759,0.713,1,21.999999999999996,0.3,3.3000000000000003,3.1
dish_1551392654,112.0,125.59,7.965,8.582,7.713,3,112.13392857142857,7.111607142857143,7.662500000000001,6.886607142857143
dish_1551392701,112.0,125.59,7.965,8.582,7.713,3,112.13392857142857,7.111607142857143,7.662500000000001,6.886607142857143
dish_1551392752,25.0,35.0,0.15,6.0,2.25,1,140.0,0.6,24.0,9.0
dish_1551392833,32.0,13.76,0.096,2.88,1.088,1,43.0,0.3,9.0,3.4000000000000004
dish_1551392884,29.0,27.84,0.435,6.09,0.986,1,96.0,1.5,21.0,3.4000000000000004
dish_1551392919,86.0,76.6,0.681,14.969999999999999,4.324,3,89.06976744186046,0.7918604651162792,17.406976744186046,5.027906976744186
dish_1551392958,86.0,76.60000000000001,0.681,14.969999999999999,4.324,3,89.06976744186046,0.7918604651162792,17.406976744186046,5.027906976744186
dish_1551393021,69.0,50.37,3.312,1.311,5.52,1,73.0,4.8,1.9,7.999999999999999
dish_1551393069,63.0,81.9,0.189,17.64,1.701,1,130.0,0.3,28.000000000000004,2.7
dish_1551393113,58.0,352.06,31.32,12.18,11.6,1,607.0,54.0,21.0,20.0
dish_1551393161,190.0,484.33000000000004,34.821,31.131,18.820999999999998,3,254.9105263157895,18.326842105263157,16.384736842105262,9.905789473684209
dish_1551393210,190.0,484.33000000000004,34.821,31.131,18.820999999999998,3,254.9105263157895,18.326842105263157,16.384736842105262,9.905789473684209
dish_1551394614,50.0,23.5,0.05,6.0,0.45,1,47.0,0.1,12.0,0.9000000000000001
dish_1551394781,36.0,26.28,1.728,0.684,2.88,1,73.0,4.8,1.9000000000000004,8.0
dish_1551394835,27.0,16.47,0.135,4.05,0.297,1,61.0,0.5,15.0,1.0999999999999999
dish_1551394874,113.0,66.25,1.913,10.734,3.627,3,58.62831858407079,1.692920353982301,9.499115044247787,3.2097345132743365
dish_1551394927,113.0,66.25,1.913,10.734,3.6270000000000002,3,58.62831858407079,1.692920353982301,9.499115044247787,3.2097345132743365
dish_1551395022,43.0,70.95,1.548,0.0,13.33,1,165.0,3.6000000000000005,0.0,31.0
dish_1551395088,28.0,26.88,0.42,5.88,0.952,1,96.0,1.5,21.0,3.3999999999999995
dish_1551395194,42.0,41.58,0.126,0.084,10.08,1,99.0,0.3,0.2,24.0
dish_1551395233,113.0,139.41,2.094,5.9639999999999995,24.362000000000002,3,123.3716814159292,1.8530973451327433,5.2778761061946895,21.55929203539823
dish_1551395269,113.0,139.41,2.094,5.9639999999999995,24.362000000000002,3,123.3716814159292,1.8530973451327433,5.2778761061946895,21.55929203539823
dish_1551395396,20.0,4.08,0.02,0.78,0.44,1,20.400000000000002,0.1,3.9,2.1999999999999997
dish_1551395512,51.0,25.5,0.051,6.63,0.255,1,50.0,0.1,13.0,0.5
dish_1551395580,47.0,61.1,0.141,13.16,1.269,1,130.0,0.3,28.000000000000004,2.7
dish_1551395766,118.0,90.68,0.21199999999999997,20.57,1.964,3,76.84745762711866,0.1796610169491525,17.43220338983051,1.664406779661017
dish_1551395800,118.0,90.68,0.21199999999999997,20.57,1.964,3,76.84745762711866,0.1796610169491525,17.43220338983051,1.664406779661017
dish_1551395909,15.0,3.06,0.015,0.585,0.33,1,20.400000000000002,0.1,3.9,2.2
dish_1551395987,24.0,52.32,0.696,10.8,1.44,1,218.00000000000003,2.9,45.0,6.0
dish_1551396061,36.0,218.52,19.44,7.56,7.2,1,607.0,54.0,21.0,20.0
dish_1551396096,75.0,273.90000000000003,20.151,18.945,8.97,3,365.20000000000005,26.868,25.259999999999998,11.96
dish_1551396309,75.0,273.90000000000003,20.151,18.945,8.97,3,365.20000000000005,26.868,25.259999999999998,11.96
dish_1551396629,80.0,48.8,0.4,12.0,0.88,1,61.0,0.5,15.0,1.0999999999999999
dish_1551396678,22.0,4.488,0.022,0.858,0.484,1,20.400000000000002,0.1,3.9,2.1999999999999997
dish_1551397543,63.0,45.99,3.024,1.197,5.04,1,73.0,4.8,1.9,8.0
dish_1551397591,165.0,99.278,3.446,14.055,6.404,3,60.16848484848485,2.0884848484848484,8.518181818181818,3.8812121212121213
dish_1551397629,165.0,99.27799999999999,3.446,14.055,6.404,3,60.16848484848485,2.0884848484848484,8.518181818181818,3.8812121212121213
dish_1551397714,82.0,23.78,0.246,7.38,0.902,1,29.000000000000004,0.3,9.0,1.1
dish_1551397752,51.0,84.15,1.836,0.0,15.81,1,165.0,3.6000000000000005,0.0,31.0
dish_1551399031,12.0,48.24,3.96,0.156,3.0,1,402.00000000000006,33.0,1.3,25.0
dish_1551399100,145.0,156.17000000000002,6.042,7.536,19.712,3,107.70344827586209,4.166896551724138,5.197241379310345,13.59448275862069
dish_1551399151,145.0,156.17000000000002,6.042,7.536,19.712,3,107.70344827586209,4.166896551724138,5.197241379310345,13.59448275862069
dish_1551399293,18.0,109.26,9.72,3.78,3.6,1,607.0,54.0,21.0,20.0
dish_1551399340,50.0,48.0,0.75,10.5,1.7,1,96.0,1.5,21.0,3.4000000000000004
dish_1551399402,22.0,117.92,7.7,11.66,1.54,1,536.0,35.0,53.0,7.000000000000001
dish_1551399449,90.0,275.18,18.17,25.939999999999998,6.84,3,305.75555555555553,20.18888888888889,28.822222222222223,7.6
dish_1551399484,90.0,275.18,18.17,25.939999999999998,6.84,3,305.75555555555553,20.18888888888889,28.822222222222223,7.6
dish_1551485983,57.0,34.77,0.285,8.55,0.627,1,61.00000000000001,0.49999999999999994,15.000000000000002,1.0999999999999999
dish_1551486108,45.0,65.25,2.7,0.675,9.45,1,145.0,6.000000000000001,1.5000000000000002,21.0
dish_1551486158,36.0,41.4,3.852,2.268,0.288,1,114.99999999999999,10.7,6.3,0.8
dish_1551486217,138.0,141.42000000000002,6.837,11.493,10.365,3,102.47826086956522,4.9543478260869565,8.328260869565218,7.510869565217392
dish_1551486277,138.0,141.42000000000002,6.837,11.493,10.365,3,102.47826086956522,4.9543478260869565,8.328260869565218,7.510869565217392
dish_1551486372,79.0,90.85,8.453,4.977,0.632,1,114.99999999999999,10.7,6.3,0.8
dish_1551486411,14.0,5.74,0.028,1.4,0.126,1,41.0,0.2,10.0,0.8999999999999999
dish_1551486571,33.0,31.68,0.495,6.93,1.122,1,96.0,1.5,21.0,3.4000000000000004
dish_1551486628,126.0,128.26999999999998,8.975999999999999,13.307,1.8800000000000001,3,101.80158730158728,7.1238095238095225,10.561111111111112,1.492063492063492
dish_1551486680,126.0,128.26999999999998,8.975999999999999,13.307,1.8800000000000003,3,101.80158730158728,7.1238095238095225,10.561111111111112,1.4920634920634923
dish_1551487117,15.0,7.05,0.015,1.8,0.135,1,47.0,0.1,12.000000000000002,0.9000000000000001
dish_1551487158,82.0,94.3,8.774,5.166,0.656,1,114.99999999999999,10.7,6.3,0.8
dish_1551487288,42.0,30.66,2.016,0.798,3.36,1,73.0,4.8,1.9,8.0
dish_1551487472,139.0,132.01,10.805,7.764,4.151,3,94.97122302158273,7.773381294964028,5.585611510791367,2.9863309352517984
dish_1551487560,139.0,132.01,10.805,7.764,4.151,3,94.97122302158273,7.773381294964028,5.585611510791367,2.9863309352517984
dish_1551487735,20.0,4.08,0.02,0.78,0.44,1,20.400000000000002,0.1,3.9,2.1999999999999997
dish_1551487779,40.0,58.0,2.4,0.6,8.4,1,145.0,6.0,1.5,21.000000000000004
dish_1551488103,19.0,7.79,0.038,1.9,0.171,1,41.0,0.2,10.0,0.9000000000000001
dish_1551488137,79.0,69.87,2.4579999999999997,3.28,9.011,3,88.44303797468355,3.111392405063291,4.151898734177215,11.406329113924048
dish_1551488197,79.0,69.87,2.4579999999999997,3.2800000000000002,9.011000000000001,3,88.44303797468355,3.111392405063291,4.151898734177215,11.406329113924052
dish_1551488324,40.0,46.0,4.28,2.52,0.32,1,114.99999999999999,10.700000000000001,6.3,0.8
dish_1551488371,29.0,42.05,1.74,0.435,6.09,1,145.0,6.0,1.5,21.0
dish_1551488415,10.0,4.7,0.01,1.2,0.09,1,47.0,0.1,12.0,0.8999999999999999
dish_1551488448,79.0,92.75,6.03,4.155,6.5,3,117.40506329113924,7.632911392405063,5.259493670886076,8.227848101265822
dish_1551488485,79.0,92.75,6.03,4.155,6.5,3,117.40506329113924,7.632911392405063,5.259493670886076,8.227848101265822
dish_1551488572,23.0,139.61,12.42,4.83,4.6,1,607.0,54.0,21.0,20.0
dish_1551488691,53.0,32.33,0.265,7.95,0.583,1,61.0,0.5,15.0,1.0999999999999999
dish_1551488737,48.0,22.56,0.048,5.76,0.432,1,47.0,0.1,12.0,0.8999999999999999
dish_1551488776,124.0,194.5,12.733,18.54,5.614999999999999,3,156.85483870967744,10.268548387096775,14.951612903225806,4.528225806451612
dish_1551488807,124.0,194.5,12.733,18.54,5.615,3,156.85483870967744,10.268548387096775,14.951612903225806,4.528225806451613
dish_1551488861,63.0,217.098,17.199,2.646,12.159,1,344.6,27.3,4.199999999999999,19.3
dish_1551489812,65.0,74.75,6.955,4.095,0.52,1,114.99999999999999,10.7,6.3,0.8
dish_1551489885,30.0,43.5,1.8,0.45,6.3,1,145.0,6.000000000000001,1.5000000000000002,21.0
dish_1551489931,158.0,335.348,25.954,7.191,18.979,3,212.24556962025315,16.426582278481014,4.55126582278481,12.012025316455697
dish_1551489961,158.0,335.348,25.954,7.191,18.979,3,212.24556962025315,16.426582278481014,4.55126582278481,12.012025316455697
dish_1551490399,48.0,165.408,13.104,2.016,9.264,1,344.59999999999997,27.299999999999997,4.2,19.299999999999997
dish_1551490433,34.0,6.936,0.034,1.326,0.748,1,20.4,0.1,3.9,2.1999999999999997
dish_1551490469,16.0,6.56,0.032,1.6,0.144,1,41.0,0.2,10.0,0.8999999999999999
dish_1551490503,98.0,178.904,13.17,4.942,10.155999999999999,3,182.55510204081634,13.438775510204081,5.042857142857144,10.363265306122447
dish_1551490544,98.0,178.904,13.17,4.942,10.155999999999999,3,182.55510204081634,13.438775510204081,5.042857142857144,10.363265306122447
dish_1551490670,45.0,51.75,4.815,2.835,0.36,1,114.99999999999999,10.700000000000001,6.3,0.8
dish_1551490701,92.0,317.032,25.116,3.864,17.756,1,344.59999999999997,27.3,4.199999999999999,19.3
dish_1551490740,45.0,65.25,2.7,0.675,9.45,1,145.0,6.000000000000001,1.5000000000000002,21.0
dish_1551490767,182.0,434.032,32.631,7.374,27.566,3,238.47912087912087,17.92912087912088,4.0516483516483515,15.146153846153846
dish_1551490819,182.0,434.032,32.631,7.374,27.566,3,238.47912087912087,17.92912087912088,4.0516483516483515,15.146153846153846
dish_1551490896,36.0,12.6,0.144,2.52,0.864,1,35.0,0.4,7.000000000000001,2.4
dish_1551490962,42.0,48.3,4.494,2.646,0.336,1,114.99999999999999,10.7,6.3,0.8
dish_1551491020,41.0,29.93,1.968,0.779,3.28,1,73.0,4.8,1.9,8.0
dish_1551491048,119.0,90.83,6.606,5.945,4.4799999999999995,3,76.32773109243696,5.5512605042016805,4.995798319327731,3.7647058823529407
dish_1551491090,119.0,90.83,6.606,5.945,4.4799999999999995,3,76.32773109243696,5.5512605042016805,4.995798319327731,3.7647058823529407
dish_1551491179,97.0,334.262,26.481,4.074,18.721,1,344.6,27.3,4.199999999999999,19.3
dish_1551491216,66.0,97.68,7.26,1.056,6.6,1,148.00000000000003,11.0,1.6,10.0
dish_1551491271,30.0,43.5,1.8,0.45,6.3,1,145.0,6.000000000000001,1.5000000000000002,21.0
dish_1551491297,193.0,475.442,35.541000000000004,5.58,31.621000000000002,3,246.34300518134717,18.415025906735753,2.8911917098445596,16.3839378238342
dish_1551491326,193.0,475.442,35.541000000000004,5.58,31.621,3,246.34300518134717,18.415025906735753,2.8911917098445596,16.383937823834195
dish_1551491413,39.0,44.85,4.173,2.457,0.312,1,115.00000000000001,10.7,6.3,0.8
dish_1551491452,27.0,5.508,0.027,1.053,0.594,1,20.4,0.1,3.9,2.1999999999999997
dish_1551492023,19.0,27.55,1.14,0.285,3.99,1,145.0,6.0,1.5,21.000000000000004
dish_1551492056,85.0,77.908,5.34,3.795,4.896,3,91.6564705882353,6.2823529411764705,4.46470588235294,5.76
dish_1551492093,85.0,77.908,5.34,3.795,4.896,3,91.6564705882353,6.2823529411764705,4.46470588235294,5.76
dish_1551492252,60.0,69.0,6.42,3.78,0.48,1,114.99999999999999,10.7,6.3,0.8
dish_1551492287,62.0,15.5,0.186,3.1,1.116,1,25.0,0.3,5.0,1.8000000000000003
dish_1551492318,79.0,130.35,2.844,0.0,24.49,1,165.0,3.5999999999999996,0.0,31.0
dish_1551492348,201.0,214.85,9.45,6.88,26.086,3,106.89054726368158,4.701492537313433,3.422885572139303,12.978109452736316
dish_1551492369,201.0,214.85,9.45,6.88,26.086,3,106.89054726368158,4.701492537313433,3.422885572139303,12.978109452736316
dish_1551492468,87.0,299.802,23.751,3.654,16.791,1,344.6,27.3,4.199999999999999,19.3
dish_1551492506,45.0,51.75,4.815,2.835,0.36,1,114.99999999999999,10.700000000000001,6.3,0.8
dish_1551492534,29.0,6.38,0.087,0.957,0.899,1,22.0,0.3,3.3000000000000003,3.1
dish_1551492561,161.0,357.932,28.653000000000002,7.446,18.05,3,222.31801242236025,17.796894409937888,4.6248447204968945,11.211180124223603
dish_1551492590,161.0,357.932,28.653000000000002,7.446,18.05,3,222.31801242236025,17.796894409937888,4.6248447204968945,11.211180124223603
dish_1551492666,41.0,29.93,1.968,0.779,3.28,1,73.0,4.8,1.9,8.0
dish_1551492702,114.0,28.5,0.342,5.7,2.052,1,25.0,0.3,5.0,1.8000000000000003
dish_1551492732,39.0,44.85,4.173,2.457,0.312,1,115.00000000000001,10.7,6.3,0.8
dish_1551492762,194.0,103.28,6.4830000000000005,8.936,5.644,3,53.23711340206185,3.3417525773195877,4.606185567010309,2.9092783505154642
dish_1551492790,194.0,103.28,6.483,8.936,5.644,3,53.23711340206185,3.3417525773195873,4.606185567010309,2.9092783505154642
dish_1551492866,28.0,26.88,0.42,5.88,0.952,1,96.0,1.5,21.0,3.3999999999999995
dish_1551492908,77.0,127.05,2.772,0.0,23.87,1,165.0,3.5999999999999996,0.0,31.0
dish_1551492935,73.0,105.85,4.38,1.095,15.33,1,145.0,6.0,1.5,21.0
dish_1551492975,178.0,259.78,7.571999999999999,6.975,40.152,3,145.94382022471908,4.253932584269663,3.918539325842697,22.557303370786517
dish_1551493005,178.0,259.78,7.571999999999999,6.975,40.152,3,145.94382022471908,4.253932584269663,3.918539325842697,22.557303370786517
dish_1551493123,66.0,40.26,0.33,9.9,0.726,1,61.0,0.5,15.0,1.0999999999999999
dish_1551493159,96.0,330.816,26.208,4.032,18.528,1,344.59999999999997,27.299999999999997,4.2,19.299999999999997
dish_1551493236,36.0,46.8,0.108,10.08,0.972,1,129.99999999999997,0.3,28.000000000000004,2.7
dish_1551493278,198.0,417.876,26.645999999999997,24.012,20.226,3,211.0484848484848,13.457575757575757,12.127272727272727,10.215151515151515
dish_1551493311,198.0,417.876,26.645999999999997,24.012,20.226,3,211.0484848484848,13.457575757575757,12.127272727272727,10.215151515151515
dish_1551493680,53.0,24.91,0.053,6.36,0.477,1,47.0,0.1,12.000000000000002,0.8999999999999999
dish_1551493698,58.0,66.7,6.206,3.654,0.464,1,115.00000000000001,10.700000000000001,6.3,0.8
dish_1551493723,52.0,179.192,14.196,2.184,10.036,1,344.6,27.3,4.2,19.3
dish_1551493749,163.0,270.802,20.455,12.198,10.977,3,166.1361963190184,12.549079754601225,7.483435582822086,6.734355828220859
dish_1551493773,163.0,270.802,20.455,12.198,10.977,3,166.1361963190184,12.549079754601225,7.483435582822086,6.734355828220859
dish_1551493823,44.0,15.4,0.176,3.08,1.056,1,35.0,0.4,7.000000000000001,2.4
dish_1551493854,116.0,399.736,31.668,4.872,22.388,1,344.59999999999997,27.3,4.199999999999999,19.3
dish_1551493883,15.0,6.15,0.03,1.5,0.135,1,41.0,0.2,10.0,0.9000000000000001
dish_1551493916,175.0,421.28599999999994,31.874,9.452,23.579000000000004,3,240.7348571428571,18.213714285714286,5.401142857142857,13.473714285714289
dish_1551493942,175.0,421.28599999999994,31.874,9.452,23.579000000000004,3,240.7348571428571,18.213714285714286,5.401142857142857,13.473714285714289
dish_1551494035,67.0,146.06,1.943,30.15,4.02,1,218.00000000000003,2.9000000000000004,44.99999999999999,5.999999999999999
dish_1551494058,94.0,108.1,10.058,5.922,0.752,1,114.99999999999999,10.7,6.3,0.8
dish_1551494095,70.0,115.5,2.52,0.0,21.7,1,165.0,3.5999999999999996,0.0,31.0
dish_1551494147,231.0,369.65999999999997,14.521,36.071999999999996,26.471999999999998,3,160.025974025974,6.286147186147187,15.615584415584413,11.459740259740258
dish_1551494178,231.0,369.65999999999997,14.521,36.071999999999996,26.471999999999998,3,160.025974025974,6.286147186147187,15.615584415584413,11.459740259740258
dish_1551562881,38.0,43.7,4.066,2.394,0.304,1,115.00000000000001,10.7,6.3,0.8
dish_1551563001,42.0,60.9,2.52,0.63,8.82,1,145.0,6.0,1.5,21.000000000000004
dish_1551563119,57.0,32.49,0.171,7.98,0.399,1,57.00000000000001,0.3,14.000000000000002,0.7000000000000001
dish_1551563170,137.0,137.09,6.757,11.004000000000001,9.523,3,100.06569343065695,4.932116788321168,8.032116788321169,6.951094890510949
dish_1551563213,137.0,137.09,6.757,11.004000000000001,9.523,3,100.06569343065695,4.932116788321168,8.032116788321169,6.951094890510949
dish_1551563294,28.0,32.2,2.996,1.764,0.224,1,115.00000000000001,10.7,6.3,0.8
dish_1551563337,81.0,279.126,22.113,3.402,15.633,1,344.59999999999997,27.3,4.2,19.299999999999997
dish_1551563370,16.0,6.56,0.032,1.6,0.144,1,41.0,0.2,10.0,0.8999999999999999
dish_1551563400,125.0,317.88599999999997,25.141,6.766,16.000999999999998,3,254.30879999999996,20.112799999999996,5.4128,12.800799999999999
dish_1551563429,125.0,317.88599999999997,25.141,6.766,16.000999999999998,3,254.30879999999996,20.112799999999996,5.4128,12.800799999999999
dish_1551563511,37.0,10.73,0.111,3.33,0.407,1,29.000000000000004,0.3,9.0,1.0999999999999999
dish_1551563550,42.0,30.66,2.016,0.798,3.36,1,73.0,4.8,1.9,8.0
dish_1551563591,27.0,35.1,0.081,7.56,0.729,1,130.0,0.3,27.999999999999996,2.7
dish_1551563627,106.0,76.49,2.208,11.687999999999999,4.4959999999999996,3,72.16037735849056,2.0830188679245283,11.02641509433962,4.241509433962263
dish_1551563660,106.0,76.49000000000001,2.208,11.687999999999999,4.4959999999999996,3,72.16037735849058,2.0830188679245283,11.02641509433962,4.241509433962263
dish_1551563723,56.0,28.0,0.056,7.28,0.28,1,50.0,0.1,13.0,0.5
dish_1551563773,64.0,92.8,3.84,0.96,13.44,1,145.0,6.0,1.5,21.0
dish_1551563824,43.0,70.95,1.548,0.0,13.33,1,165.0,3.6000000000000005,0.0,31.0
dish_1551563853,163.0,191.75,5.444,8.24,27.05,3,117.63803680981594,3.3398773006134967,5.0552147239263805,16.595092024539877
dish_1551563890,163.0,191.75,5.444,8.24,27.049999999999997,3,117.63803680981594,3.3398773006134967,5.0552147239263805,16.595092024539877
dish_1551563925,41.0,59.45,2.46,0.615,8.61,1,145.00000000000003,6.0,1.5,21.0
dish_1551563964,44.0,50.6,4.708,2.772,0.352,1,115.00000000000001,10.7,6.3,0.8
dish_1551564016,64.0,43.52,0.896,7.68,1.536,1,68.0,1.4000000000000001,12.0,2.4
dish_1551564053,149.0,153.57,8.064,11.067,10.498,3,103.06711409395972,5.412080536912751,7.427516778523489,7.045637583892617
dish_1551564084,149.0,153.57,8.064,11.067,10.498,3,103.06711409395972,5.412080536912751,7.427516778523489,7.045637583892617
dish_1551564131,48.0,32.64,0.672,5.76,1.152,1,68.0,1.4000000000000001,12.0,2.4
dish_1551564176,55.0,40.15,2.64,1.045,4.4,1,73.0,4.8,1.9,8.0
dish_1551564221,52.0,31.72,0.26,7.8,0.572,1,61.0,0.5,15.0,1.0999999999999999
dish_1551564255,155.0,104.50999999999999,3.572,14.605,6.1240000000000006,3,67.4258064516129,2.304516129032258,9.422580645161291,3.950967741935484
dish_1551564282,155.0,104.50999999999999,3.572,14.605,6.1240000000000006,3,67.4258064516129,2.304516129032258,9.422580645161291,3.950967741935484
dish_1551564352,66.0,31.02,0.066,7.92,0.594,1,47.0,0.1,12.0,0.8999999999999999
dish_1551564381,56.0,64.4,5.992,3.528,0.448,1,115.00000000000001,10.7,6.3,0.8
dish_1551564423,18.0,7.38,0.036,1.8,0.162,1,41.0,0.2,10.0,0.9000000000000001
dish_1551564456,140.0,102.80000000000001,6.094,13.248,1.204,3,73.42857142857143,4.352857142857143,9.462857142857143,0.86
dish_1551564480,140.0,102.80000000000001,6.094,13.248,1.204,3,73.42857142857143,4.352857142857143,9.462857142857143,0.86
dish_1551564543,38.0,43.7,4.066,2.394,0.304,1,115.00000000000001,10.7,6.3,0.8
dish_1551564577,25.0,54.5,0.725,11.25,1.5,1,218.00000000000003,2.9,45.0,6.0
dish_1551564637,49.0,17.15,0.196,3.43,1.176,1,35.0,0.4,7.000000000000001,2.4
dish_1551564857,112.0,115.35,4.986999999999999,17.074,2.98,3,102.99107142857142,4.452678571428571,15.244642857142859,2.6607142857142856
dish_1551564907,112.0,115.35,4.987,17.074,2.98,3,102.99107142857142,4.452678571428572,15.244642857142859,2.6607142857142856
dish_1551564947,14.0,30.52,0.406,6.3,0.84,1,218.00000000000003,2.9000000000000004,45.0,6.0
dish_1551564992,49.0,71.05,2.94,0.735,10.29,1,145.0,6.0,1.5,21.0
dish_1551565034,19.0,7.79,0.038,1.9,0.171,1,41.0,0.2,10.0,0.9000000000000001
dish_1551565068,82.0,109.36,3.384,8.934999999999999,11.300999999999998,3,133.3658536585366,4.126829268292683,10.896341463414632,13.781707317073169
dish_1551565096,82.0,109.36,3.384,8.934999999999999,11.300999999999998,3,133.3658536585366,4.126829268292683,10.896341463414632,13.781707317073169
dish_1551565168,102.0,25.5,0.306,5.1,1.836,1,25.0,0.3,5.0,1.8000000000000003
dish_1551565204,49.0,56.35,5.243,3.087,0.392,1,115.00000000000001,10.700000000000001,6.3,0.8
dish_1551565237,22.0,6.38,0.066,1.98,0.242,1,28.999999999999996,0.3,9.0,1.0999999999999999
dish_1551565289,173.0,88.23,5.615,10.167,2.47,3,51.0,3.2456647398843934,5.876878612716762,1.4277456647398845
dish_1551565321,173.0,88.23,5.615,10.167,2.47,3,51.0,3.2456647398843934,5.876878612716762,1.4277456647398845
dish_1551565379,28.0,40.6,1.68,0.42,5.88,1,145.0,6.0,1.5,21.0
dish_1551565425,45.0,15.75,0.18,3.15,1.08,1,35.0,0.4,6.999999999999999,2.4
dish_1551565464,42.0,19.74,0.042,5.04,0.378,1,47.0,0.1,12.0,0.8999999999999999
dish_1551565495,115.0,76.09,1.902,8.61,7.338,3,66.16521739130435,1.6539130434782607,7.486956521739129,6.380869565217391
dish_1551565529,115.0,76.09,1.902,8.61,7.338,3,66.16521739130435,1.6539130434782607,7.486956521739129,6.380869565217391
dish_1551565570,42.0,60.9,2.52,0.63,8.82,1,145.0,6.0,1.5,21.000000000000004
dish_1551565613,53.0,13.25,0.159,2.65,0.954,1,25.0,0.3,5.0,1.7999999999999998
dish_1551565653,37.0,48.1,0.111,10.36,0.999,1,130.0,0.3,27.999999999999996,2.7
dish_1551565720,132.0,122.25,2.79,13.64,10.773,3,92.61363636363636,2.1136363636363638,10.333333333333334,8.161363636363635
dish_1551565752,132.0,122.25,2.79,13.64,10.773,3,92.61363636363636,2.1136363636363638,10.333333333333334,8.161363636363635
dish_1551565797,39.0,44.85,4.173,2.457,0.312,1,115.00000000000001,10.7,6.3,0.8
dish_1551565845,96.0,27.84,0.288,8.64,1.056,1,28.999999999999996,0.3,9.000000000000002,1.1
dish_1551565884,44.0,25.08,0.132,6.16,0.308,1,56.99999999999999,0.3,14.000000000000002,0.7000000000000001
dish_1551565909,179.0,97.77,4.593,17.257,1.6760000000000002,3,54.620111731843565,2.565921787709497,9.640782122905028,0.9363128491620113
dish_1551565945,179.0,97.77,4.593,17.257,1.6760000000000002,3,54.620111731843565,2.565921787709497,9.640782122905028,0.9363128491620113
dish_1551565996,88.0,303.248,24.024,3.696,16.984,1,344.59999999999997,27.3,4.2,19.300000000000004
dish_1551566047,75.0,37.5,0.075,9.75,0.375,1,50.0,0.1,13.0,0.5
dish_1551566083,43.0,20.21,0.043,5.16,0.387,1,47.0,0.1,12.000000000000002,0.9000000000000001
dish_1551566130,206.0,360.95799999999997,24.142,18.606,17.746000000000002,3,175.22233009708737,11.719417475728156,9.032038834951457,8.614563106796117
dish_1551566159,206.0,360.95799999999997,24.142,18.606,17.746000000000002,3,175.22233009708737,11.719417475728156,9.032038834951457,8.614563106796117
dish_1551566208,28.0,32.2,2.996,1.764,0.224,1,115.00000000000001,10.7,6.3,0.8
dish_1551566236,45.0,155.07,12.285,1.89,8.685,1,344.59999999999997,27.3,4.199999999999999,19.3
dish_1551566277,19.0,41.42,0.551,8.55,1.14,1,218.00000000000003,2.9000000000000004,45.0,6.0
dish_1551566316,92.0,228.69,15.832,12.204,10.049,3,248.57608695652175,17.208695652173915,13.265217391304349,10.92282608695652
dish_1551566356,92.0,228.69,15.832,12.204,10.049000000000001,3,248.57608695652175,17.208695652173915,13.265217391304349,10.922826086956523
dish_1551566421,11.0,23.98,0.319,4.95,0.66,1,218.00000000000003,2.9000000000000004,45.0,6.000000000000001
dish_1551566464,45.0,11.25,0.135,2.25,0.81,1,25.0,0.3,5.0,1.8000000000000003
dish_1551566499,34.0,56.1,1.224,0.0,10.54,1,165.0,3.5999999999999996,0.0,31.0
dish_1551566524,90.0,91.33,1.678,7.2,12.01,3,101.47777777777777,1.8644444444444443,8.0,13.344444444444445
dish_1551566547,90.0,91.33000000000001,1.678,7.2,12.01,3,101.4777777777778,1.8644444444444443,8.0,13.344444444444445
dish_1551566592,57.0,94.05,2.052,0.0,17.67,1,165.0,3.6000000000000005,0.0,31.000000000000007
dish_1551566642,14.0,5.74,0.028,1.4,0.126,1,41.0,0.2,10.0,0.8999999999999999
dish_1551566687,63.0,42.84,0.882,7.56,1.512,1,68.0,1.4000000000000001,12.0,2.4
dish_1551566753,134.0,142.63,2.962,8.959999999999999,19.308000000000003,3,106.44029850746269,2.2104477611940303,6.686567164179104,14.408955223880598
dish_1551566781,134.0,142.63,2.962,8.96,19.308,3,106.44029850746269,2.2104477611940303,6.686567164179105,14.408955223880596
dish_1551566851,21.0,8.61,0.042,2.1,0.189,1,41.0,0.2,10.0,0.8999999999999999
dish_1551566887,33.0,37.95,3.531,2.079,0.264,1,115.00000000000001,10.7,6.3,0.8
dish_1551566922,33.0,24.09,1.584,0.627,2.64,1,73.0,4.8,1.9,8.0
dish_1551566974,87.0,70.65,5.157,4.806,3.0930000000000004,3,81.20689655172414,5.927586206896552,5.524137931034483,3.555172413793104
dish_1551567004,87.0,70.65,5.157,4.806,3.0930000000000004,3,81.20689655172414,5.927586206896552,5.524137931034483,3.555172413793104
dish_1551567084,56.0,16.24,0.168,5.04,0.616,1,28.999999999999996,0.3,9.0,1.0999999999999999
dish_1551567106,37.0,224.59,19.98,7.77,7.4,1,607.0,54.0,21.0,20.0
dish_1551567141,17.0,3.468,0.017,0.663,0.374,1,20.4,0.1,3.9,2.1999999999999997
dish_1551567170,110.0,244.298,20.165,13.472999999999999,8.39,3,222.0890909090909,18.33181818181818,12.248181818181818,7.627272727272729
dish_1551567230,110.0,244.298,20.165,13.472999999999999,8.39,3,222.0890909090909,18.33181818181818,12.248181818181818,7.627272727272729
dish_1551567293,35.0,25.55,1.68,0.665,2.8,1,73.0,4.8,1.9,8.0
dish_1551567329,70.0,101.5,4.2,1.05,14.7,1,145.0,6.000000000000001,1.5000000000000002,21.0
dish_1551567368,44.0,15.4,0.176,3.08,1.056,1,35.0,0.4,7.000000000000001,2.4
dish_1551567396,149.0,142.45,6.056,4.795,18.556,3,95.60402684563758,4.064429530201343,3.2181208053691277,12.453691275167786
dish_1551567426,149.0,142.45,6.056,4.795,18.555999999999997,3,95.60402684563758,4.064429530201343,3.2181208053691277,12.453691275167783
dish_1551567471,49.0,71.05,2.94,0.735,10.29,1,145.0,6.0,1.5,21.0
dish_1551567508,7974.0,9170.1,853.218,502.362,63.792,1,115.00000000000001,10.7,6.3,0.8
dish_1551567541,71.0,244.666,19.383,2.982,13.703,1,344.6,27.299999999999997,4.2,19.3
dish_1551567573,8094.0,9485.816,875.5409999999999,506.079,87.785,3,117.19565109957995,10.81716085989622,6.25252038547072,1.0845688164072154
dish_1551567604,8094.0,9485.816,875.5409999999999,506.079,87.785,3,117.19565109957995,10.81716085989622,6.25252038547072,1.0845688164072154
dish_1551567650,24.0,4.896,0.024,0.936,0.528,1,20.4,0.1,3.9,2.2
dish_1551567694,60.0,30.0,0.06,7.8,0.3,1,50.0,0.1,13.0,0.5
dish_1551567731,37.0,42.55,3.959,2.331,0.296,1,114.99999999999999,10.7,6.3,0.8
dish_1551567775,121.0,77.446,4.043,11.067,1.124,3,64.00495867768595,3.341322314049587,9.146280991735537,0.9289256198347109
dish_1551567805,121.0,77.446,4.043,11.067,1.124,3,64.00495867768595,3.341322314049587,9.146280991735537,0.9289256198347109
dish_1551567848,63.0,72.45,6.741,3.969,0.504,1,115.00000000000001,10.7,6.3,0.8
dish_1551567896,51.0,17.85,0.204,3.57,1.224,1,35.0,0.4,6.999999999999999,2.4
dish_1551567937,56.0,14.0,0.168,2.8,1.008,1,25.0,0.3,5.0,1.7999999999999998
dish_1551567964,170.0,104.30000000000001,7.1129999999999995,10.338999999999999,2.7359999999999998,3,61.3529411764706,4.184117647058824,6.081764705882351,1.609411764705882
dish_1551567992,170.0,104.30000000000001,7.1129999999999995,10.338999999999999,2.7359999999999998,3,61.3529411764706,4.184117647058824,6.081764705882351,1.609411764705882
dish_1551568059,123.0,35.67,0.369,11.07,1.353,1,29.000000000000004,0.3,9.0,1.0999999999999999
dish_1551568156,80.0,54.4,1.12,9.6,1.92,1,68.0,1.4000000000000001,12.0,2.4
dish_1551568200,67.0,38.19,0.201,9.38,0.469,1,56.99999999999999,0.3,14.000000000000002,0.7
dish_1551568240,270.0,128.26,1.6900000000000002,30.05,3.742,3,47.5037037037037,0.625925925925926,11.12962962962963,1.3859259259259258
dish_1551568285,270.0,128.26,1.6900000000000002,30.05,3.742,3,47.5037037037037,0.625925925925926,11.12962962962963,1.3859259259259258
dish_1556572657,36.0,41.4,3.852,2.268,0.288,1,114.99999999999999,10.7,6.3,0.8
dish_1556573514,23.0,6.44,0.092,1.219,0.506,1,28.000000000000004,0.4,5.300000000000001,2.1999999999999997
dish_1556575014,62.0,71.3,6.634,3.906,0.496,1,114.99999999999999,10.700000000000001,6.3,0.8
dish_1556575083,64.0,27.52,0.192,5.76,2.176,1,43.0,0.3,9.0,3.4000000000000004
dish_1556575124,28.0,4.48,0.056,0.952,0.196,1,16.0,0.2,3.3999999999999995,0.7000000000000001
dish_1556575273,154.0,103.3,6.882000000000001,10.618,2.8680000000000003,3,67.07792207792208,4.468831168831169,6.894805194805195,1.8623376623376626
dish_1556575327,154.0,103.3,6.882000000000001,10.618,2.8680000000000003,3,67.07792207792208,4.468831168831169,6.894805194805195,1.8623376623376626
dish_1556575386,154.0,103.3,6.882000000000001,10.618,2.8680000000000003,3,67.07792207792208,4.468831168831169,6.894805194805195,1.8623376623376626
dish_1556575446,154.0,103.3,6.882000000000001,10.618,2.8680000000000003,3,67.07792207792208,4.468831168831169,6.894805194805195,1.8623376623376626
dish_1556575499,154.0,103.3,6.882000000000001,10.618,2.8680000000000003,3,67.07792207792208,4.468831168831169,6.894805194805195,1.8623376623376626
dish_1556575558,154.0,103.3,6.882000000000001,10.618,2.8680000000000003,3,67.07792207792208,4.468831168831169,6.894805194805195,1.8623376623376626
dish_1556575700,86.0,0.0,0.0,0.0,0.0,1,0.0,0.0,0.0,0.0
dish_1557853154,57.0,18.81,0.171,4.56,0.399,1,32.99999999999999,0.3,7.999999999999999,0.7000000000000001
dish_1557853229,126.0,195.93,13.23,1.512,15.75,1,155.50000000000003,10.500000000000002,1.2,12.5
dish_1557853314,93.0,115.413,0.186,27.342,1.488,1,124.1,0.2,29.4,1.6
dish_1557853429,276.0,330.153,13.587,33.414,17.637,3,119.62065217391304,4.922826086956522,12.106521739130436,6.390217391304348
dish_1557861216,1.0,0.0,0.0,0.0,0.0,1,0.0,0.0,0.0,0.0
dish_1557861605,39.0,35.1,5.07,0.0,7.176,1,90.0,13.0,0.0,18.4
dish_1557861697,53.0,13.144,0.106,3.127,0.53,1,24.8,0.2,5.8999999999999995,1.0
dish_1557861795,31.0,13.64,0.651,1.333,0.992,1,44.0,2.1,4.3,3.2
dish_1557861837,123.0,61.884,5.827,4.46,8.698,3,50.31219512195122,4.73739837398374,3.626016260162602,7.071544715447155
dish_1557862345,63.0,103.95,2.268,0.0,19.53,1,165.0,3.5999999999999996,0.0,31.0
dish_1557862384,77.0,19.25,0.231,3.85,1.386,1,25.0,0.3,5.0,1.7999999999999998
dish_1557862696,77.0,19.25,0.231,3.85,1.386,1,25.0,0.3,5.0,1.7999999999999998
dish_1557862738,118.0,319.78,22.42,0.0,29.5,1,271.0,19.0,0.0,25.0
dish_1557862783,258.0,442.97999999999996,24.919000000000004,3.85,50.416,3,171.69767441860463,9.658527131782947,1.4922480620155039,19.54108527131783
dish_1557862829,24.0,5.52,0.096,0.864,0.696,1,23.0,0.4,3.5999999999999996,2.9
dish_1557863012,31.0,3.1,0.0,0.62,0.31,1,10.0,0.0,2.0,1.0
dish_1557863056,47.0,75.2,7.05,4.23,0.94,1,160.0,15.0,9.000000000000002,2.0
dish_1557863104,40.0,46.0,4.28,2.52,0.32,1,114.99999999999999,10.700000000000001,6.3,0.8
dish_1557863170,142.0,129.82,11.426,8.234,2.266,4,91.4225352112676,8.046478873239437,5.798591549295774,1.5957746478873238
dish_1557936555,96.0,149.28,10.08,1.152,12.0,1,155.5,10.5,1.2,12.5
dish_1557936599,63.0,22.05,0.252,4.41,1.512,1,35.0,0.4,7.000000000000001,2.4
dish_1557936645,36.0,11.88,0.108,2.88,0.252,1,33.0,0.3,8.0,0.7000000000000001
dish_1557937037,49.0,25.97,0.343,5.88,0.588,1,53.0,0.7000000000000001,12.0,1.2
dish_1557937079,27.0,146.07,11.34,0.378,9.99,1,541.0,42.0,1.4000000000000001,37.0
dish_1557937157,271.0,355.25,22.122999999999998,14.7,24.342,5,131.08856088560884,8.163468634686346,5.424354243542435,8.982287822878227
dish_1557937335,38.0,47.158,0.076,11.172,0.608,1,124.10000000000001,0.2,29.400000000000006,1.6
dish_1557937427,17.0,26.435,1.785,0.204,2.125,1,155.5,10.5,1.2,12.5
dish_1557937574,13.0,5.59,0.065,1.196,0.182,1,43.0,0.5,9.2,1.4000000000000001
dish_1557937615,21.0,6.93,0.063,1.68,0.147,1,32.99999999999999,0.3,8.0,0.7
dish_1557937715,39.0,20.67,0.273,4.68,0.468,1,53.0,0.7000000000000001,12.0,1.2
dish_1557937758,128.0,106.783,2.262,18.932,3.5300000000000002,5,83.42421875,1.7671875,14.790624999999999,2.7578125
dish_1558026623,83.0,29.88,0.083,7.47,0.415,1,36.0,0.1,9.0,0.5
dish_1558026684,71.0,24.14,0.142,5.68,0.568,1,34.0,0.19999999999999996,8.0,0.7999999999999998
dish_1558026714,24.0,129.84,10.08,0.336,8.88,1,541.0,42.0,1.4000000000000001,37.00000000000001
dish_1558026756,178.0,183.86,10.305,13.485999999999999,9.863000000000001,3,103.29213483146069,5.789325842696629,7.576404494382022,5.5410112359550565
dish_1558027001,68.0,20.4,0.068,5.168,0.408,1,30.0,0.1,7.6,0.6
dish_1558027057,65.0,80.665,0.13,19.11,1.04,1,124.10000000000001,0.2,29.4,1.6
dish_1558027164,30.0,162.3,12.6,0.42,11.1,1,541.0,42.0,1.4000000000000001,37.0
dish_1558027243,163.0,263.365,12.798,24.698,12.547999999999998,3,161.57361963190183,7.851533742331289,15.152147239263805,7.698159509202453
dish_1558028007,71.0,54.67,0.071,12.07,1.42,1,77.0,0.09999999999999998,17.0,2.0
dish_1558028057,28.0,151.48,11.76,0.392,10.36,1,540.9999999999999,42.0,1.4000000000000001,37.0
dish_1558028142,73.0,21.9,0.073,5.548,0.438,1,30.0,0.1,7.6,0.6
dish_1558028194,172.0,228.04999999999998,11.904,18.01,12.218,3,132.58720930232556,6.920930232558139,10.470930232558139,7.1034883720930235
dish_1558028492,61.0,20.74,0.122,4.88,0.488,1,34.0,0.2,8.0,0.8
dish_1558028606,65.0,19.5,0.065,4.94,0.39,1,30.0,0.1,7.600000000000001,0.6
dish_1558028690,66.0,23.76,0.066,5.94,0.33,1,36.00000000000001,0.1,9.000000000000002,0.5
dish_1558028772,192.0,64.0,0.253,15.760000000000002,1.208,3,33.33333333333333,0.13177083333333334,8.208333333333334,0.6291666666666667
dish_1558029148,108.0,38.88,0.108,9.72,0.54,1,36.00000000000001,0.1,9.000000000000002,0.5
dish_1558029230,115.0,88.55,0.115,19.55,2.3,1,77.0,0.1,17.0,1.9999999999999998
dish_1558029278,27.0,146.07,11.34,0.378,9.99,1,541.0,42.0,1.4000000000000001,37.0
dish_1558029324,250.0,273.5,11.563,29.648000000000003,12.830000000000002,3,109.4,4.6252,11.859200000000001,5.132000000000001
dish_1558029518,111.0,137.751,0.222,32.634,1.776,1,124.10000000000001,0.2,29.4,1.6
dish_1558029686,22.0,119.02,9.24,0.308,8.14,1,541.0,42.0,1.4000000000000001,37.00000000000001
dish_1558029842,67.0,22.78,0.134,5.36,0.536,1,34.0,0.2,8.0,0.8
dish_1558029923,200.0,279.551,9.596,38.302,10.452,3,139.7755,4.798,19.151,5.226
dish_1558030182,88.0,67.76,0.088,14.96,1.76,1,77.0,0.1,17.0,2.0
dish_1558030289,107.0,38.52,0.107,9.63,0.535,1,36.00000000000001,0.1,9.000000000000002,0.5
dish_1558030383,26.0,140.66,10.92,0.364,9.62,1,541.0,42.0,1.4000000000000001,37.0
dish_1558030435,221.0,246.94000000000003,11.115,24.954,11.915,3,111.737556561086,5.029411764705882,11.291402714932126,5.391402714932126
dish_1558030724,61.0,18.3,0.061,4.636,0.366,1,30.0,0.1,7.6,0.6
dish_1558030832,72.0,89.352,0.144,21.168,1.152,1,124.10000000000001,0.2,29.4,1.6
dish_1558030910,15.0,81.15,6.3,0.21,5.55,1,541.0,42.0,1.4000000000000001,37.0
dish_1558030971,49.0,17.64,0.049,4.41,0.245,1,36.0,0.1,9.0,0.5
dish_1558031019,197.0,206.442,6.554,30.424,7.313,4,104.79289340101523,3.326903553299493,15.443654822335025,3.7121827411167514
dish_1558031133,110.0,136.51,0.22,32.34,1.76,1,124.1,0.2,29.400000000000006,1.6
dish_1558031237,93.0,31.62,0.186,7.44,0.744,1,34.0,0.2,8.0,0.8
dish_1558031302,74.0,56.98,0.074,12.58,1.48,1,76.99999999999999,0.1,17.0,2.0
dish_1558031351,41.0,12.3,0.041,3.116,0.246,1,30.000000000000004,0.1,7.6,0.6
dish_1558031394,318.0,237.41,0.521,55.476000000000006,4.23,4,74.6572327044025,0.16383647798742138,17.445283018867926,1.330188679245283
dish_1558031526,62.0,76.942,0.124,18.228,0.992,1,124.1,0.2,29.400000000000006,1.6
dish_1558031566,26.0,140.66,10.92,0.364,9.62,1,541.0,42.0,1.4000000000000001,37.0
dish_1558031628,92.0,31.28,0.184,7.36,0.736,1,34.0,0.2,8.0,0.8
dish_1558031675,180.0,248.882,11.228,25.952,11.348,3,138.26777777777778,6.237777777777778,14.41777777777778,6.304444444444444
dish_1558032156,26.0,140.66,10.92,0.364,9.62,1,541.0,42.0,1.4000000000000001,37.0
dish_1558109511,37.0,213.897,18.315,8.399,8.288,1,578.1,49.50000000000001,22.7,22.400000000000002
dish_1558109714,37.0,213.897,18.315,8.399,8.288,1,578.1,49.50000000000001,22.7,22.400000000000002
dish_1558109864,37.0,213.897,18.315,8.399,8.288,1,578.1,49.50000000000001,22.7,22.400000000000002
dish_1558109907,63.0,43.47,0.126,11.34,0.441,1,69.0,0.2,18.0,0.7000000000000001
dish_1558109945,143.0,74.36,0.286,0.429,20.02,1,52.0,0.2,0.3,13.999999999999998
dish_1558109986,75.0,258.45,20.475,3.15,14.475,1,344.59999999999997,27.3,4.199999999999999,19.3
dish_1558110245,51.0,29.07,0.153,7.14,0.357,1,56.99999999999999,0.3,13.999999999999998,0.7
dish_1558110297,51.0,29.07,0.153,7.14,0.357,1,56.99999999999999,0.3,13.999999999999998,0.7
dish_1558110335,7.0,37.87,2.94,0.098,2.59,1,540.9999999999999,42.0,1.4000000000000001,37.0
dish_1558110385,34.0,52.87,3.57,0.408,4.25,1,155.5,10.5,1.2,12.5
dish_1558110436,69.0,85.629,0.138,20.286,1.104,1,124.10000000000001,0.2,29.400000000000006,1.6
dish_1558110478,161.0,205.439,6.801,27.932000000000002,8.301,4,127.60186335403728,4.2242236024844715,17.349068322981367,5.155900621118013
dish_1558113154,54.0,37.26,0.108,9.72,0.378,1,69.0,0.2,18.000000000000004,0.7000000000000001
dish_1558113204,31.0,179.211,15.345,7.037,6.944,1,578.1,49.5,22.7,22.400000000000002
dish_1558113255,90.0,30.6,0.18,7.2,0.72,1,34.0,0.2,8.0,0.8
dish_1558113304,175.0,247.07100000000003,15.633000000000001,23.957,8.042,3,141.18342857142858,8.933142857142858,13.689714285714286,4.595428571428571
dish_1558113430,28.0,7.84,0.112,1.484,0.616,1,27.999999999999996,0.4,5.3,2.1999999999999997
dish_1558113477,50.0,289.05,24.75,11.35,11.2,1,578.1,49.5,22.7,22.4
dish_1558113941,78.0,296.89,24.862,12.834,11.815999999999999,2,380.6282051282051,31.874358974358973,16.45384615384615,15.148717948717946
dish_1558114086,143.0,74.36,0.286,0.429,20.02,1,52.0,0.2,0.3,13.999999999999998
dish_1558114145,83.0,57.27,0.166,14.94,0.581,1,69.0,0.2,18.0,0.7
dish_1558114209,90.0,30.6,0.18,7.2,0.72,1,34.0,0.2,8.0,0.8
dish_1558114284,316.0,162.23000000000002,0.632,22.569,21.320999999999998,3,51.33860759493671,0.2,7.142088607594936,6.747151898734177
dish_1558114441,75.0,258.45,20.475,3.15,14.475,1,344.59999999999997,27.3,4.199999999999999,19.3
dish_1558114484,28.0,151.48,11.76,0.392,10.36,1,540.9999999999999,42.0,1.4000000000000001,37.0
dish_1558114523,18.0,104.058,8.91,4.086,4.032,1,578.1,49.5,22.7,22.400000000000002
dish_1558114569,39.0,26.91,0.078,7.02,0.273,1,69.0,0.2,18.0,0.7000000000000001
dish_1558114609,160.0,540.898,41.223,14.648,29.14,4,338.06125000000003,25.764375,9.155,18.212500000000002
dish_1558114875,143.0,74.36,0.286,0.429,20.02,1,52.0,0.2,0.3,13.999999999999998
dish_1558114937,49.0,13.72,0.196,2.597,1.078,1,28.000000000000004,0.4,5.3,2.2
dish_1558115011,20.0,115.62,9.9,4.54,4.48,1,578.1,49.5,22.7,22.400000000000002
dish_1558115047,212.0,203.7,10.382,7.566,25.578,3,96.08490566037734,4.8971698113207545,3.568867924528302,12.065094339622641
dish_1558115169,28.0,151.48,11.76,0.392,10.36,1,540.9999999999999,42.0,1.4000000000000001,37.0
dish_1558115241,111.0,85.47,0.111,18.87,2.22,1,77.0,0.1,17.0,2.0
dish_1558115282,144.0,74.88,0.288,0.432,20.16,1,52.0,0.2,0.3,14.000000000000002
dish_1558115320,30.0,173.43,14.85,6.81,6.72,1,578.1,49.5,22.7,22.400000000000002
dish_1558115364,313.0,485.26,27.009,26.504,39.459999999999994,4,155.03514376996804,8.629073482428115,8.467731629392972,12.607028753993607
dish_1558115448,94.0,64.86,0.188,16.92,0.658,1,69.0,0.2,18.000000000000004,0.7000000000000001
dish_1558115512,126.0,434.196,34.398,5.292,24.318,1,344.6,27.3,4.199999999999999,19.3
dish_1558115601,111.0,85.47,0.111,18.87,2.22,1,77.0,0.1,17.0,2.0
dish_1558115641,331.0,584.5260000000001,34.697,41.082,27.196,3,176.59395770392752,10.482477341389728,12.411480362537764,8.21631419939577
dish_1558115764,28.0,151.48,11.76,0.392,10.36,1,540.9999999999999,42.0,1.4000000000000001,37.0
dish_1558115825,62.0,42.78,0.124,11.16,0.434,1,69.0,0.2,18.0,0.7000000000000001
dish_1558115867,23.0,132.963,11.385,5.221,5.152,1,578.1,49.5,22.7,22.400000000000002
dish_1558115915,59.0,203.314,16.107,2.478,11.387,1,344.59999999999997,27.299999999999997,4.2,19.3
dish_1558115960,51.0,39.27,0.051,8.67,1.02,1,77.0,0.1,17.0,2.0
dish_1558116001,223.0,569.807,39.427,27.921,28.353,5,255.5188340807175,17.680269058295963,12.520627802690582,12.714349775784752
dish_1558116090,91.0,30.94,0.182,7.28,0.728,1,34.0,0.2,8.0,0.8
dish_1558116146,111.0,76.59,0.222,19.98,0.777,1,69.0,0.2,18.0,0.7000000000000001
dish_1558116201,91.0,313.586,24.843,3.822,17.563,1,344.6,27.3,4.2,19.299999999999997
dish_1558116260,75.0,433.575,37.125,17.025,16.8,1,578.1,49.5,22.7,22.400000000000002
dish_1558116298,368.0,854.691,62.372,48.107,35.868,4,232.2529891304348,16.94891304347826,13.072554347826088,9.746739130434783
dish_1558116399,25.0,7.0,0.1,1.325,0.55,1,28.000000000000004,0.4,5.3,2.2
dish_1558116436,17.0,91.97,7.14,0.238,6.29,1,541.0,42.0,1.4,37.0
dish_1558116486,57.0,39.33,0.114,10.26,0.399,1,69.0,0.2,18.0,0.7000000000000001
dish_1558116547,144.0,74.88,0.288,0.432,20.16,1,52.0,0.2,0.3,14.000000000000002
dish_1558122583,61.0,46.97,0.061,10.37,1.22,1,77.0,0.1,17.0,2.0
dish_1558122740,304.0,260.15,7.702999999999999,22.625,28.619,5,85.57565789473684,2.5338815789473683,7.442434210526317,9.414144736842104
dish_1558372433,143.0,74.36,0.286,0.429,20.02,1,52.0,0.2,0.3,13.999999999999998
dish_1558372525,42.0,242.802,20.79,9.534,9.408,1,578.1,49.5,22.7,22.4
dish_1558372650,83.0,57.27,0.166,14.94,0.581,1,69.0,0.2,18.0,0.7
dish_1558372695,43.0,148.178,11.739,1.806,8.299,1,344.59999999999997,27.3,4.2,19.299999999999997
dish_1558372771,311.0,522.61,32.981,26.709,38.308,4,168.04180064308682,10.604823151125402,8.588102893890676,12.317684887459807
dish_1558372948,119.0,687.939,58.905,27.013,26.656,1,578.1,49.5,22.7,22.4
dish_1558373008,73.0,251.558,19.929,3.066,14.089,1,344.59999999999997,27.299999999999997,4.199999999999999,19.3
dish_1558373074,142.0,73.84,0.284,0.426,19.88,1,52.0,0.19999999999999996,0.3,13.999999999999998
dish_1558373159,334.0,1013.337,79.118,30.505000000000003,60.625,3,303.39431137724546,23.688023952095808,9.133233532934131,18.15119760479042
dish_1558373284,113.0,389.398,30.849,4.746,21.809,1,344.6,27.3,4.2,19.3
dish_1558373352,100.0,69.0,0.2,18.0,0.7,1,69.0,0.2,18.0,0.7
dish_1558373405,40.0,13.6,0.08,3.2,0.32,1,34.0,0.2,8.0,0.8
dish_1558373449,72.0,416.232,35.64,16.344,16.128,1,578.1,49.5,22.7,22.400000000000002
dish_1558373492,325.0,888.23,66.769,42.29,38.957,4,273.3015384615385,20.544307692307694,13.012307692307692,11.986769230769232
dish_1558373639,20.0,5.6,0.08,1.06,0.44,1,27.999999999999996,0.4,5.300000000000001,2.1999999999999997
dish_1558373687,89.0,306.694,24.297,3.738,17.177,1,344.6,27.3,4.2,19.3
dish_1558375506,142.0,73.84,0.284,0.426,19.88,1,52.0,0.19999999999999996,0.3,13.999999999999998
dish_1558375583,251.0,386.134,24.660999999999998,5.224,37.497,3,153.83824701195218,9.825099601593624,2.0812749003984066,14.939043824701196
dish_1558375667,119.0,687.939,58.905,27.013,26.656,1,578.1,49.5,22.7,22.4
dish_1558375732,66.0,45.54,0.132,11.88,0.462,1,69.0,0.2,18.000000000000004,0.7000000000000001
dish_1558375833,92.0,317.032,25.116,3.864,17.756,1,344.59999999999997,27.3,4.199999999999999,19.3
dish_1558375886,277.0,1050.511,84.153,42.757000000000005,44.874,3,379.24584837545126,30.380144404332132,15.435740072202167,16.2
dish_1558376212,52.0,300.612,25.74,11.804,11.648,1,578.1,49.5,22.7,22.400000000000002
dish_1558376306,108.0,372.168,29.484,4.536,20.844,1,344.6,27.3,4.199999999999999,19.3
dish_1558376364,71.0,48.99,0.142,12.78,0.497,1,69.0,0.19999999999999996,18.0,0.7000000000000001
dish_1558376437,39.0,13.26,0.078,3.12,0.312,1,34.0,0.2,8.0,0.8
dish_1558376483,270.0,735.03,55.444,32.24,33.301,4,272.23333333333335,20.534814814814816,11.940740740740742,12.333703703703705
dish_1558376734,60.0,206.76,16.38,2.52,11.58,1,344.59999999999997,27.299999999999997,4.2,19.3
dish_1558376768,143.0,74.36,0.286,0.429,20.02,1,52.0,0.2,0.3,13.999999999999998
dish_1558376801,15.0,4.2,0.06,0.795,0.33,1,28.000000000000004,0.4,5.300000000000001,2.2
dish_1558376874,58.0,335.298,28.71,13.166,12.992,1,578.1,49.5,22.7,22.400000000000002
dish_1558376938,74.0,51.06,0.148,13.32,0.518,1,69.0,0.2,18.0,0.7000000000000001
dish_1558376984,350.0,671.678,45.584,30.23,45.44,5,191.908,13.024000000000003,8.637142857142857,12.982857142857144
dish_1558377105,113.0,389.398,30.849,4.746,21.809,1,344.6,27.3,4.2,19.3
dish_1558378516,134.0,92.46,0.268,24.12,0.938,1,69.0,0.2,18.000000000000004,0.7
dish_1558378553,68.0,393.108,33.66,15.436,15.232,1,578.1,49.49999999999999,22.7,22.4
dish_1558378634,315.0,874.966,64.777,44.302,37.979,3,277.76698412698414,20.564126984126986,14.064126984126984,12.056825396825396
dish_1558379128,53.0,36.57,0.106,9.54,0.371,1,69.0,0.2,18.0,0.7000000000000001
dish_1558379182,56.0,323.736,27.72,12.712,12.544,1,578.1,49.5,22.7,22.400000000000002
dish_1558379273,66.0,227.436,18.018,2.772,12.738,1,344.6,27.3,4.199999999999999,19.3
dish_1558379324,48.0,16.32,0.096,3.84,0.384,1,34.0,0.2,8.0,0.8
dish_1558379391,223.0,604.062,45.94,28.863999999999997,26.037,4,270.8798206278027,20.600896860986545,12.943497757847533,11.67578475336323
dish_1558379588,143.0,74.36,0.286,0.429,20.02,1,52.0,0.2,0.3,13.999999999999998
dish_1558379639,112.0,385.952,30.576,4.704,21.616,1,344.6,27.3,4.199999999999999,19.3
dish_1558379712,119.0,687.939,58.905,27.013,26.656,1,578.1,49.5,22.7,22.4
dish_1558379876,374.0,1148.251,89.767,32.146,68.292,3,307.01898395721923,24.00187165775401,8.595187165775402,18.259893048128344
dish_1558380014,134.0,92.46,0.268,24.12,0.938,1,69.0,0.2,18.000000000000004,0.7
dish_1558380058,36.0,208.116,17.82,8.172,8.064,1,578.1,49.5,22.7,22.400000000000002
dish_1558380152,143.0,74.36,0.286,0.429,20.02,1,52.0,0.2,0.3,13.999999999999998
dish_1558380181,313.0,374.93600000000004,18.374,32.721000000000004,29.022,3,119.78785942492014,5.870287539936101,10.453993610223643,9.27220447284345
dish_1558380414,52.0,35.88,0.104,9.36,0.364,1,69.0,0.2,18.0,0.7000000000000001
dish_1558380464,48.0,277.488,23.76,10.896,10.752,1,578.1,49.50000000000001,22.7,22.400000000000002
dish_1558380527,112.0,385.952,30.576,4.704,21.616,1,344.6,27.3,4.199999999999999,19.3
dish_1558380557,212.0,699.3199999999999,54.44,24.96,32.732,3,329.86792452830184,25.679245283018865,11.773584905660378,15.439622641509434
dish_1558380804,27.0,7.56,0.108,1.431,0.594,1,27.999999999999996,0.4,5.3,2.1999999999999997
dish_1558381032,20.0,115.62,9.9,4.54,4.48,1,578.1,49.5,22.7,22.400000000000002
dish_1558381084,53.0,36.57,0.106,9.54,0.371,1,69.0,0.2,18.0,0.7000000000000001
dish_1558381143,53.0,182.638,14.469,2.226,10.229,1,344.6,27.299999999999997,4.2,19.299999999999997
dish_1558381206,153.0,342.388,24.583,17.737,15.674,4,223.78300653594772,16.067320261437906,11.59281045751634,10.244444444444444
dish_1558381665,51.0,17.85,0.204,3.57,1.224,1,35.0,0.4,6.999999999999999,2.4
dish_1558381708,53.0,16.43,0.053,3.71,0.954,1,31.0,0.1,6.999999999999999,1.7999999999999998
dish_1558381742,68.0,78.2,7.276,4.284,0.544,1,115.00000000000001,10.7,6.3,0.8
dish_1558381819,65.0,22.1,0.455,4.42,0.455,1,34.0,0.7000000000000001,6.800000000000001,0.7000000000000001
dish_1558381840,69.0,113.85,2.484,0.0,21.39,1,165.0,3.5999999999999996,0.0,31.0
dish_1558381860,59.0,94.4,8.85,5.31,1.18,1,160.0,15.0,9.0,2.0
dish_1558381943,60.0,13.8,0.24,2.16,1.74,1,23.0,0.4,3.6000000000000005,2.9000000000000004
dish_1558382263,425.0,356.63,19.562,23.454,27.487000000000002,7,83.9129411764706,4.602823529411765,5.518588235294118,6.467529411764707
dish_1558457415,80.0,60.8,0.0,14.4,0.8,1,76.0,0.0,18.0,1.0
dish_1558457468,70.0,23.8,0.14,5.6,0.56,1,34.0,0.2,8.0,0.8
dish_1558457530,64.0,16.0,0.192,3.2,1.152,1,25.0,0.3,5.0,1.7999999999999998
dish_1558457577,111.0,172.605,11.655,1.332,13.875,1,155.5,10.5,1.2,12.5
dish_1558457665,325.0,273.205,11.987,24.532,16.387,4,84.06307692307692,3.688307692307692,7.5483076923076915,5.042153846153846
dish_1558458438,14.0,3.22,0.056,0.504,0.406,1,23.0,0.4,3.5999999999999996,2.9000000000000004
dish_1558458496,77.0,53.13,0.154,13.86,0.539,1,69.0,0.2,18.0,0.7000000000000001
dish_1558458541,51.0,294.831,25.245,11.577,11.424,1,578.1,49.5,22.7,22.4
dish_1558458584,142.0,351.18100000000004,25.455000000000002,25.941,12.369,3,247.31056338028174,17.92605633802817,18.26830985915493,8.71056338028169
dish_1558458737,32.0,41.6,0.096,8.96,0.864,1,130.0,0.3,28.000000000000004,2.7
dish_1558458847,143.0,74.36,0.286,20.02,0.429,1,52.0,0.2,13.999999999999998,0.3
dish_1558458903,20.0,115.62,9.9,4.54,4.48,1,578.1,49.5,22.7,22.400000000000002
dish_1558459020,61.0,10.98,0.122,2.379,0.549,1,18.0,0.2,3.9,0.9000000000000001
dish_1558459059,42.0,28.98,0.084,7.56,0.294,1,69.0,0.2,18.0,0.7
dish_1558459115,298.0,271.54,10.488,43.459,6.6160000000000005,5,91.12080536912752,3.5194630872483224,14.583557046979866,2.2201342281879195
dish_1558459276,79.0,102.7,0.237,22.12,2.133,1,130.0,0.3,28.000000000000004,2.7
dish_1558459395,36.0,208.116,17.82,8.172,8.064,1,578.1,49.5,22.7,22.400000000000002
dish_1558459462,85.0,58.65,0.17,15.3,0.595,1,69.0,0.2,18.000000000000004,0.7
dish_1558459528,64.0,11.52,0.128,2.496,0.576,1,18.0,0.2,3.9,0.8999999999999999
dish_1558459602,9.0,2.07,0.036,0.324,0.261,1,23.0,0.4,3.6000000000000005,2.9000000000000004
dish_1558459664,273.0,383.056,18.391,48.412000000000006,11.629,5,140.31355311355313,6.736630036630036,17.733333333333334,4.25970695970696
dish_1558459945,142.0,73.84,0.284,19.88,0.426,1,52.0,0.19999999999999996,13.999999999999998,0.3
dish_1558459994,37.0,25.53,0.074,6.66,0.259,1,69.0,0.2,18.0,0.7000000000000001
dish_1558460061,59.0,40.71,0.118,10.62,0.413,1,69.0,0.2,18.0,0.7
dish_1558460138,56.0,10.08,0.112,2.184,0.504,1,18.0,0.2,3.9,0.8999999999999999
dish_1558460205,8.0,1.84,0.032,0.288,0.232,1,23.0,0.4,3.5999999999999996,2.9000000000000004
dish_1558460908,302.0,152.0,0.62,39.632,1.834,4,50.331125827814574,0.20529801324503308,13.123178807947019,0.6072847682119206
dish_1558461431,5.0,1.15,0.02,0.18,0.145,1,23.0,0.4,3.5999999999999996,2.9
dish_1558461607,127.0,87.63,0.254,22.86,0.889,1,69.0,0.2,18.0,0.7000000000000001
dish_1558461692,40.0,231.24,19.8,9.08,8.96,1,578.1,49.5,22.7,22.400000000000002
dish_1558461760,61.0,10.98,0.122,2.379,0.549,1,18.0,0.2,3.9,0.9000000000000001
dish_1558461792,233.0,331.0,20.196,34.498999999999995,10.543000000000001,4,142.06008583690988,8.667811158798285,14.806437768240341,4.524892703862662
dish_1558462036,13.0,2.99,0.052,0.468,0.377,1,23.0,0.4,3.6000000000000005,2.9000000000000004
dish_1558462106,37.0,25.53,0.074,6.66,0.259,1,69.0,0.2,18.0,0.7000000000000001
dish_1558462228,17.0,22.1,0.051,4.76,0.459,1,130.0,0.3,27.999999999999996,2.7
dish_1558462531,72.0,12.96,0.144,2.808,0.648,1,18.000000000000004,0.2,3.9,0.9000000000000001
dish_1558463113,139.0,63.580000000000005,0.32099999999999995,14.696,1.743,4,45.74100719424461,0.23093525179856111,10.572661870503596,1.2539568345323742
dish_1558463362,116.0,20.88,0.232,4.524,1.044,1,18.0,0.2,3.9,0.9000000000000001
dish_1558463429,61.0,42.09,0.122,10.98,0.427,1,69.0,0.2,18.0,0.7000000000000001
dish_1558463562,64.0,369.984,31.68,14.528,14.336,1,578.1,49.5,22.7,22.400000000000002
dish_1558463690,241.0,432.95399999999995,32.034,30.032,15.807,3,179.64896265560165,13.292116182572613,12.461410788381743,6.558921161825726
dish_1558468285,44.0,12.32,0.176,2.332,0.968,1,28.000000000000004,0.4,5.3,2.1999999999999997
dish_1558468401,47.0,75.2,7.05,4.23,0.94,1,160.0,15.0,9.000000000000002,2.0
dish_1558468435,80.0,28.0,0.32,5.6,1.92,1,35.0,0.4,6.999999999999999,2.4
dish_1558468494,77.0,15.785,0.231,2.618,0.693,1,20.5,0.3,3.3999999999999995,0.8999999999999999
dish_1558468547,34.0,6.97,0.102,1.156,0.306,1,20.5,0.3,3.3999999999999995,0.8999999999999999
dish_1558468589,55.0,12.1,0.165,1.815,1.705,1,22.0,0.3,3.3000000000000003,3.1
dish_1558468632,103.0,169.95,3.708,0.0,31.93,1,165.0,3.6000000000000005,0.0,31.0
dish_1558468731,440.0,320.325,11.752,17.751,38.462,6,72.80113636363636,2.6709090909090913,4.034318181818182,8.741363636363637
dish_1558544427,103.0,160.165,10.815,1.236,12.875,1,155.5,10.5,1.2,12.5
dish_1558544482,67.0,38.19,0.201,9.38,0.469,1,56.99999999999999,0.3,14.000000000000002,0.7
dish_1558544663,208.0,141.44,2.912,24.96,4.992,1,68.0,1.4000000000000001,12.000000000000002,2.4
dish_1558544870,170.0,198.355,11.016,10.616000000000001,13.344,2,116.67941176470589,6.4799999999999995,6.2447058823529416,7.8494117647058825
dish_1558545738,142.0,73.84,0.284,19.88,0.426,1,52.0,0.19999999999999996,13.999999999999998,0.3
dish_1558546434,11.0,2.53,0.044,0.396,0.319,1,23.0,0.4,3.6000000000000005,2.9000000000000004
dish_1558546558,44.0,254.364,21.78,9.988,9.856,1,578.1,49.50000000000001,22.7,22.400000000000002
dish_1558546663,197.0,330.73400000000004,22.108,30.264,10.601,3,167.88527918781728,11.222335025380712,15.362436548223348,5.381218274111676
dish_1558546918,54.0,70.2,0.162,15.12,1.458,1,130.0,0.3,27.999999999999996,2.7
dish_1558547008,96.0,73.92,0.096,16.32,1.92,1,77.0,0.1,17.0,2.0
dish_1558547068,11.0,2.53,0.044,0.396,0.319,1,23.0,0.4,3.6000000000000005,2.9000000000000004
dish_1558547124,25.0,144.525,12.375,5.675,5.6,1,578.1,49.5,22.7,22.4
dish_1558547205,186.0,291.175,12.677,37.510999999999996,9.296999999999999,4,156.54569892473117,6.815591397849461,20.167204301075266,4.998387096774193
dish_1558548666,75.0,97.5,0.225,21.0,2.025,1,130.0,0.3,28.000000000000004,2.7
dish_1558548958,10.0,2.3,0.04,0.36,0.29,1,23.0,0.4,3.5999999999999996,2.9
dish_1558549008,115.0,20.7,0.23,4.485,1.035,1,18.0,0.2,3.9,0.8999999999999999
dish_1558549086,95.0,73.15,0.095,16.15,1.9,1,77.0,0.1,17.0,2.0
dish_1558549150,66.0,45.54,0.132,11.88,0.462,1,69.0,0.2,18.000000000000004,0.7000000000000001
dish_1558549214,361.0,239.19,0.722,53.875,5.712,5,66.25761772853186,0.2,14.923822714681439,1.5822714681440444
dish_1558549413,118.0,682.158,58.41,26.786,26.432,1,578.1,49.5,22.7,22.4
dish_1558549605,75.0,97.5,0.225,21.0,2.025,1,130.0,0.3,28.000000000000004,2.7
dish_1558549773,10.0,2.3,0.04,0.36,0.29,1,23.0,0.4,3.5999999999999996,2.9
dish_1558549806,203.0,781.958,58.675,48.146,28.747,3,385.20098522167484,28.90394088669951,23.717241379310344,14.161083743842365
dish_1558550079,142.0,73.84,0.284,19.88,0.426,1,52.0,0.19999999999999996,13.999999999999998,0.3
dish_1558550127,22.0,127.182,10.89,4.994,4.928,1,578.1,49.50000000000001,22.7,22.400000000000002
dish_1558550181,42.0,28.98,0.084,7.56,0.294,1,69.0,0.2,18.0,0.7
dish_1558550218,206.0,230.002,11.258000000000001,32.434,5.648,3,111.6514563106796,5.465048543689321,15.744660194174756,2.741747572815534
dish_1558628339,13.0,70.33,5.46,0.182,4.81,1,541.0,42.0,1.4000000000000001,37.0
dish_1558628515,56.0,31.92,0.168,7.84,0.392,1,57.00000000000001,0.3,13.999999999999998,0.7000000000000001
dish_1558628711,129.0,129.0645,0.129,30.573,1.677,2,100.05000000000001,0.1,23.700000000000003,1.3
dish_1558628760,198.0,231.3145,5.757,38.595,6.879,4,116.82550505050506,2.9075757575757573,19.492424242424242,3.474242424242424
dish_1558628888,72.0,111.96,7.56,0.864,9.0,1,155.5,10.5,1.2,12.5
dish_1558628921,60.0,24.6,0.12,6.0,0.54,1,41.0,0.2,10.0,0.9000000000000001
dish_1558628956,14.0,9.044,0.476,0.448,0.854,1,64.60000000000001,3.3999999999999995,3.2,6.1
dish_1558629013,80.0,26.4,0.24,6.4,0.56,1,32.99999999999999,0.3,8.0,0.7000000000000001
dish_1558629041,226.0,172.004,8.395999999999999,13.712,10.954,4,76.10796460176991,3.7150442477876098,6.067256637168141,4.846902654867257
dish_1558629398,64.0,21.76,0.448,4.352,0.448,1,34.0,0.7000000000000001,6.800000000000001,0.7000000000000001
dish_1558629444,39.0,225.459,19.305,8.853,8.736,1,578.1,49.5,22.7,22.400000000000002
dish_1558629488,64.0,16.0,0.192,3.2,1.152,1,25.0,0.3,5.0,1.7999999999999998
dish_1558629517,167.0,263.219,19.945,16.405,10.336,3,157.61616766467066,11.94311377245509,9.823353293413174,6.189221556886228
dish_1558629578,90.0,22.5,0.27,4.5,1.62,1,25.0,0.3,5.0,1.8000000000000003
dish_1558629644,15.0,4.2,0.06,0.795,0.33,1,28.000000000000004,0.4,5.300000000000001,2.2
dish_1558629677,142.0,73.84,0.284,19.88,0.426,1,52.0,0.19999999999999996,13.999999999999998,0.3
dish_1558629715,247.0,100.54,0.614,25.175,2.376,3,40.70445344129555,0.248582995951417,10.192307692307692,0.9619433198380566
dish_1558629818,27.0,156.087,13.365,6.129,6.048,1,578.1,49.5,22.7,22.400000000000002
dish_1558629878,142.0,73.84,0.284,19.88,0.426,1,52.0,0.19999999999999996,13.999999999999998,0.3
dish_1558630006,75.0,51.75,0.15,13.5,0.525,1,69.0,0.2,18.0,0.7000000000000001
dish_1558630038,51.0,12.75,0.153,2.55,0.918,1,25.0,0.3,5.0,1.8000000000000003
dish_1558630072,295.0,294.427,13.952000000000002,42.059,7.917,4,99.8057627118644,4.729491525423729,14.25728813559322,2.6837288135593216
dish_1558630176,142.0,73.84,0.284,19.88,0.426,1,52.0,0.19999999999999996,13.999999999999998,0.3
dish_1558630207,116.0,670.596,57.42,26.332,25.984,1,578.1,49.5,22.7,22.400000000000002
dish_1558630288,11.0,7.106,0.374,0.352,0.671,1,64.60000000000001,3.4000000000000004,3.2,6.1000000000000005
dish_1558630325,269.0,751.542,58.078,46.564,27.081000000000003,3,279.38364312267663,21.590334572490708,17.31003717472119,10.067286245353161
dish_1558630450,125.0,86.25,0.25,22.5,0.875,1,69.0,0.2,18.0,0.7000000000000001
dish_1558630488,88.0,29.92,0.176,7.04,0.704,1,34.0,0.2,8.0,0.8
dish_1558630600,142.0,73.84,0.284,19.88,0.426,1,52.0,0.19999999999999996,13.999999999999998,0.3
dish_1558630649,355.0,190.01,0.71,49.42,2.005,3,53.52394366197183,0.2,13.921126760563382,0.5647887323943662
dish_1558630737,89.0,22.25,0.267,4.45,1.602,1,25.0,0.3,5.0,1.8000000000000003
dish_1558630814,34.0,196.554,16.83,7.718,7.616,1,578.1,49.49999999999999,22.7,22.4
dish_1558630867,142.0,73.84,0.284,19.88,0.426,1,52.0,0.19999999999999996,13.999999999999998,0.3
dish_1558630932,265.0,292.644,17.380999999999997,32.048,9.644,3,110.43169811320755,6.558867924528301,12.093584905660377,3.639245283018868
dish_1558631825,112.0,118.832,2.688,24.64,3.472,1,106.1,2.4,22.0,3.1
dish_1558631872,89.0,16.02,0.178,3.471,0.801,1,18.0,0.2,3.9,0.9000000000000001
dish_1558631904,154.0,80.08,0.308,21.56,0.462,1,52.0,0.2,13.999999999999998,0.3
dish_1558631932,355.0,214.932,3.174,49.671,4.735,3,60.54422535211267,0.8940845070422535,13.991830985915493,1.3338028169014087
dish_1558632080,68.0,72.148,1.632,14.96,2.108,1,106.1,2.4,22.0,3.1
dish_1558632130,99.0,33.66,0.198,7.92,0.792,1,34.0,0.2,8.0,0.8
dish_1558632198,26.0,16.796,0.884,0.832,1.586,1,64.60000000000001,3.4000000000000004,3.2,6.1000000000000005
dish_1558632233,193.0,122.60399999999998,2.714,23.712000000000003,4.486000000000001,3,63.52538860103626,1.4062176165803109,12.286010362694302,2.324352331606218
dish_1558632445,91.0,526.071,45.045,20.657,20.384,1,578.1,49.5,22.7,22.400000000000002
dish_1558632475,112.0,118.832,2.688,24.64,3.472,1,106.1,2.4,22.0,3.1
dish_1558632799,19.0,20.159,0.456,4.18,0.589,1,106.1,2.4,21.999999999999996,3.1
dish_1558632921,155.0,80.6,0.31,21.7,0.465,1,52.0,0.2,13.999999999999998,0.3
dish_1558632959,89.0,16.02,0.178,3.471,0.801,1,18.0,0.2,3.9,0.9000000000000001
dish_1558632990,101.0,25.25,0.303,5.05,1.818,1,25.0,0.3,5.0,1.8000000000000003
dish_1558633158,85.0,34.85,0.17,8.5,0.765,1,41.0,0.2,10.0,0.8999999999999999
dish_1558633221,449.0,176.879,1.417,42.900999999999996,4.438,5,39.39398663697104,0.3155902004454343,9.55478841870824,0.9884187082405343
dish_1558635400,100.0,25.0,0.3,5.0,1.8,1,25.0,0.3,5.0,1.8000000000000003
dish_1558635489,74.0,78.514,1.776,16.28,2.294,1,106.1,2.4,22.000000000000004,3.1
dish_1558635523,43.0,55.9,0.129,12.04,1.161,1,130.0,0.3,27.999999999999996,2.7
dish_1558635546,117.0,60.84,0.234,16.38,0.351,1,52.0,0.2,13.999999999999998,0.3
dish_1558635618,334.0,220.254,2.439,49.7,5.606,4,65.9443113772455,0.7302395209580839,14.880239520958085,1.678443113772455
dish_1558635865,19.0,20.159,0.456,4.18,0.589,1,106.1,2.4,21.999999999999996,3.1
dish_1558635933,98.0,33.32,0.196,7.84,0.784,1,34.0,0.2,8.0,0.8
dish_1558635962,9.0,52.029,4.455,2.043,2.016,1,578.1,49.5,22.7,22.400000000000002
dish_1558635994,136.0,93.84,0.272,24.48,0.952,1,69.0,0.2,18.0,0.7
dish_1558636028,262.0,199.348,5.3790000000000004,38.543,4.341,4,76.08702290076337,2.0530534351145038,14.711068702290076,1.6568702290076336
dish_1558636388,96.0,24.0,0.288,4.8,1.728,1,25.0,0.3,5.0,1.7999999999999998
dish_1558636483,154.0,80.08,0.308,21.56,0.462,1,52.0,0.2,13.999999999999998,0.3
dish_1558636514,89.0,16.02,0.178,3.471,0.801,1,18.0,0.2,3.9,0.9000000000000001
dish_1558636544,71.0,410.451,35.145,16.117,15.904,1,578.1,49.50000000000001,22.7,22.400000000000002
dish_1558636582,410.0,530.551,35.919000000000004,45.948,18.895,4,129.40268292682927,8.760731707317074,11.206829268292683,4.6085365853658535
dish_1558636763,117.0,60.84,0.234,16.38,0.351,1,52.0,0.2,13.999999999999998,0.3
dish_1558636813,88.0,60.72,0.176,15.84,0.616,1,69.0,0.2,18.0,0.7000000000000001
dish_1558636868,8.0,46.248,3.96,1.816,1.792,1,578.1,49.5,22.7,22.400000000000002
dish_1558636902,95.0,38.95,0.19,9.5,0.855,1,41.0,0.2,10.0,0.8999999999999999
dish_1558636928,89.0,16.02,0.178,3.471,0.801,1,18.0,0.2,3.9,0.9000000000000001
dish_1558636980,397.0,222.77800000000002,4.7379999999999995,47.007,4.415,5,56.11536523929471,1.1934508816120906,11.840554156171285,1.1120906801007557
dish_1558637214,16.0,11.04,0.032,2.88,0.112,1,69.0,0.2,18.0,0.7000000000000001
dish_1558637247,111.0,117.771,2.664,24.42,3.441,1,106.1,2.4,22.000000000000004,3.1
dish_1558637351,154.0,80.08,0.308,21.56,0.462,1,52.0,0.2,13.999999999999998,0.3
dish_1558637393,128.0,739.968,63.36,29.056,28.672,1,578.1,49.5,22.7,22.400000000000002
dish_1558637423,409.0,948.8589999999999,66.364,77.916,32.687,4,231.99486552567237,16.22591687041565,19.050366748166258,7.991931540342298
dish_1558637698,49.0,12.25,0.147,2.45,0.882,1,25.0,0.3,5.0,1.7999999999999998
dish_1558637769,154.0,80.08,0.308,21.56,0.462,1,52.0,0.2,13.999999999999998,0.3
dish_1558637865,67.0,71.087,1.608,14.74,2.077,1,106.1,2.4,22.0,3.1
dish_1558637896,123.0,84.87,0.246,22.14,0.861,1,69.0,0.2,18.0,0.7000000000000001
dish_1558637932,393.0,248.287,2.309,60.89,4.282,4,63.177353689567425,0.5875318066157762,15.493638676844784,1.0895674300254452
dish_1558638137,117.0,60.84,0.234,16.38,0.351,1,52.0,0.2,13.999999999999998,0.3
dish_1558638163,99.0,40.59,0.198,9.9,0.891,1,41.0,0.2,10.0,0.8999999999999999
dish_1558638216,43.0,55.9,0.129,12.04,1.161,1,130.0,0.3,27.999999999999996,2.7
dish_1558638246,97.0,32.98,0.194,7.76,0.776,1,34.0,0.2,8.0,0.8
dish_1558638292,356.0,190.31,0.755,46.08,3.1790000000000003,4,53.45786516853933,0.21207865168539325,12.943820224719103,0.8929775280898878
dish_1558638844,154.0,80.08,0.308,21.56,0.462,1,52.0,0.2,13.999999999999998,0.3
dish_1558638896,126.0,22.68,0.252,4.914,1.134,1,18.0,0.2,3.9,0.8999999999999999
dish_1558638924,25.0,6.25,0.075,1.25,0.45,1,25.0,0.3,5.0,1.8000000000000003
dish_1558638954,129.0,89.01,0.258,23.22,0.903,1,69.0,0.2,18.0,0.7000000000000001
dish_1558638983,56.0,59.416,1.344,12.32,1.736,1,106.1,2.4,22.0,3.1
dish_1558639012,490.0,257.436,2.237,63.263999999999996,4.685,5,52.537959183673465,0.456530612244898,12.911020408163266,0.9561224489795918
dish_1558639045,110.0,116.71,2.64,24.2,3.41,1,106.1,2.4,22.0,3.1
dish_1558639089,28.0,19.32,0.056,5.04,0.196,1,69.0,0.2,18.0,0.7000000000000001
dish_1558639138,54.0,22.14,0.108,5.4,0.486,1,41.0,0.2,10.0,0.8999999999999999
dish_1558639167,154.0,80.08,0.308,21.56,0.462,1,52.0,0.2,13.999999999999998,0.3
dish_1558639195,346.0,238.25,3.112,56.2,4.554,4,68.85838150289018,0.8994219653179191,16.24277456647399,1.316184971098266
dish_1558639221,98.0,24.5,0.294,4.9,1.764,1,25.0,0.3,5.0,1.7999999999999998
dish_1558639266,29.0,30.769,0.696,6.38,0.899,1,106.1,2.4,22.0,3.1
dish_1558639306,99.0,40.59,0.198,9.9,0.891,1,41.0,0.2,10.0,0.8999999999999999
dish_1558639335,116.0,60.32,0.232,16.24,0.348,1,52.0,0.2,13.999999999999998,0.3
dish_1558639362,342.0,156.179,1.42,37.419999999999995,3.902,4,45.66637426900585,0.4152046783625731,10.941520467836256,1.1409356725146198
dish_1558639412,97.0,32.98,0.194,7.76,0.776,1,34.0,0.2,8.0,0.8
dish_1558639440,116.0,60.32,0.232,16.24,0.348,1,52.0,0.2,13.999999999999998,0.3
dish_1558639482,29.0,30.769,0.696,6.38,0.899,1,106.1,2.4,22.0,3.1
dish_1558639526,78.0,31.98,0.156,7.8,0.702,1,41.0,0.2,10.0,0.8999999999999999
dish_1558639555,320.0,156.04899999999998,1.278,38.18,2.725,4,48.76531249999999,0.399375,11.93125,0.8515625000000001
dish_1558639588,21.0,121.401,10.395,4.767,4.704,1,578.1,49.5,22.7,22.4
dish_1558639630,110.0,116.71,2.64,24.2,3.41,1,106.1,2.4,22.0,3.1
dish_1558639662,89.0,16.02,0.178,3.471,0.801,1,18.0,0.2,3.9,0.9000000000000001
dish_1558639673,89.0,16.02,0.178,3.471,0.801,1,18.0,0.2,3.9,0.9000000000000001
dish_1558639683,89.0,16.02,0.178,3.471,0.801,1,18.0,0.2,3.9,0.9000000000000001
dish_1558639752,220.0,254.13099999999997,13.213,32.438,8.915,3,115.51409090909091,6.00590909090909,14.744545454545454,4.052272727272727
dish_1558639787,99.0,24.75,0.297,4.95,1.782,1,25.0,0.3,5.0,1.7999999999999998
dish_1558639818,59.0,20.06,0.118,4.72,0.472,1,34.0,0.2,8.0,0.8
dish_1558639849,57.0,23.37,0.114,5.7,0.513,1,41.0,0.2,10.0,0.9000000000000001
dish_1558639876,215.0,68.18,0.5289999999999999,15.370000000000001,2.767,3,31.711627906976748,0.24604651162790694,7.148837209302326,1.2869767441860465
dish_1558639907,58.0,10.44,0.116,2.262,0.522,1,18.0,0.2,3.9,0.9000000000000001
dish_1558639949,64.0,21.76,0.128,5.12,0.512,1,34.0,0.2,8.0,0.8
dish_1558639979,90.0,520.29,44.55,20.43,20.16,1,578.1,49.5,22.7,22.400000000000002
dish_1558640008,212.0,552.49,44.794,27.811999999999998,21.194,3,260.60849056603774,21.129245283018864,13.118867924528303,9.997169811320754
dish_1558640039,98.0,40.18,0.196,9.8,0.882,1,41.0,0.2,10.0,0.8999999999999999
dish_1558640074,116.0,60.32,0.232,16.24,0.348,1,52.0,0.2,13.999999999999998,0.3
dish_1558640105,73.0,77.453,1.752,16.06,2.263,1,106.1,2.4,21.999999999999996,3.1
dish_1558640145,287.0,177.953,2.18,42.099999999999994,3.493,3,62.00452961672474,0.7595818815331011,14.668989547038326,1.2170731707317073
dish_1558640190,58.0,19.72,0.116,4.64,0.464,1,34.0,0.2,7.999999999999999,0.8
dish_1558640238,126.0,22.68,0.252,4.914,1.134,1,18.0,0.2,3.9,0.8999999999999999
dish_1558640267,92.0,63.48,0.184,16.56,0.644,1,69.0,0.2,18.0,0.7000000000000001
dish_1558640294,184.0,42.4,0.368,9.553999999999998,1.5979999999999999,2,23.043478260869566,0.2,5.192391304347825,0.8684782608695651
dish_1558640311,276.0,105.88,0.552,26.113999999999997,2.242,3,38.362318840579704,0.2,9.461594202898551,0.81231884057971
dish_1558640373,276.0,105.88,0.552,26.114,2.242,3,38.362318840579704,0.2,9.461594202898551,0.81231884057971
dish_1558640418,35.0,14.35,0.07,3.5,0.315,1,41.0,0.2,10.0,0.8999999999999999
dish_1558640450,154.0,80.08,0.308,21.56,0.462,1,52.0,0.2,13.999999999999998,0.3
dish_1558640477,56.0,59.416,1.344,12.32,1.736,1,106.1,2.4,22.0,3.1
dish_1558640513,245.0,153.846,1.722,37.379999999999995,2.513,3,62.794285714285714,0.7028571428571428,15.257142857142854,1.0257142857142858
dish_1558640563,23.0,4.14,0.046,0.897,0.207,1,18.0,0.2,3.9,0.8999999999999999
dish_1558640593,116.0,60.32,0.232,16.24,0.348,1,52.0,0.2,13.999999999999998,0.3
dish_1558640604,117.0,60.84,0.234,16.38,0.351,1,52.0,0.2,13.999999999999998,0.3
dish_1558640614,116.0,60.32,0.232,16.24,0.348,1,52.0,0.2,13.999999999999998,0.3
dish_1558640671,95.0,32.3,0.19,7.6,0.76,1,34.0,0.2,8.0,0.8
dish_1558640705,234.0,96.75999999999999,0.46799999999999997,24.736999999999995,1.315,3,41.350427350427346,0.2,10.57136752136752,0.561965811965812
dish_1558640748,58.0,14.5,0.174,2.9,1.044,1,25.0,0.3,5.0,1.8000000000000003
dish_1558640781,154.0,80.08,0.308,21.56,0.462,1,52.0,0.2,13.999999999999998,0.3
dish_1558640808,26.0,10.66,0.052,2.6,0.234,1,41.0,0.2,10.0,0.9000000000000001
dish_1558640849,238.0,105.24,0.534,27.06,1.74,3,44.21848739495798,0.22436974789915967,11.369747899159663,0.7310924369747899
dish_1558640882,95.0,32.3,0.19,7.6,0.76,1,34.0,0.2,8.0,0.8
dish_1558640917,21.0,5.25,0.063,1.05,0.378,1,25.0,0.3,5.0,1.7999999999999998
dish_1558640941,53.0,21.73,0.106,5.3,0.477,1,41.0,0.2,10.0,0.8999999999999999
dish_1558640979,169.0,59.28,0.359,13.95,1.615,3,35.07692307692308,0.21242603550295858,8.254437869822485,0.955621301775148
dish_1558641007,57.0,23.37,0.114,5.7,0.513,1,41.0,0.2,10.0,0.9000000000000001
dish_1558641037,117.0,60.84,0.234,16.38,0.351,1,52.0,0.2,13.999999999999998,0.3
dish_1558641075,69.0,12.42,0.138,2.691,0.621,1,18.0,0.2,3.9,0.8999999999999999
dish_1558641108,243.0,96.63000000000001,0.48600000000000004,24.770999999999997,1.4849999999999999,3,39.76543209876544,0.2,10.193827160493827,0.611111111111111
dish_1558641164,154.0,80.08,0.308,21.56,0.462,1,52.0,0.2,13.999999999999998,0.3
dish_1558641200,8.0,3.28,0.016,0.8,0.072,1,41.0,0.2,10.0,0.8999999999999999
dish_1558641211,8.0,3.28,0.016,0.8,0.072,1,41.0,0.2,10.0,0.8999999999999999
dish_1558641253,110.0,116.71,2.64,24.2,3.41,1,106.1,2.4,22.0,3.1
dish_1558641287,64.0,11.52,0.128,2.496,0.576,1,18.0,0.2,3.9,0.8999999999999999
dish_1558641320,336.0,211.59,3.092,49.056,4.52,4,62.973214285714285,0.9202380952380953,14.6,1.3452380952380951
dish_1558641358,97.0,24.25,0.291,4.85,1.746,1,25.0,0.3,5.0,1.7999999999999998
dish_1558641391,58.0,19.72,0.116,4.64,0.464,1,34.0,0.2,7.999999999999999,0.8
dish_1558641416,56.0,59.416,1.344,12.32,1.736,1,106.1,2.4,22.0,3.1
dish_1558641442,211.0,103.386,1.7510000000000001,21.81,3.9459999999999997,3,48.998104265402844,0.8298578199052133,10.33649289099526,1.8701421800947866
dish_1558641897,110.0,116.71,2.64,24.2,3.41,1,106.1,2.4,22.0,3.1
dish_1558641926,154.0,80.08,0.308,21.56,0.462,1,52.0,0.2,13.999999999999998,0.3
dish_1558641954,102.0,18.36,0.204,3.978,0.918,1,18.0,0.2,3.9,0.9000000000000001
dish_1558641989,55.0,13.75,0.165,2.75,0.99,1,25.0,0.3,5.0,1.7999999999999998
dish_1558642021,421.0,228.89999999999998,3.317,52.488,5.78,4,54.37054631828978,0.7878859857482187,12.467458432304038,1.3729216152019001
dish_1558642089,96.0,39.36,0.192,9.6,0.864,1,41.0,0.2,10.0,0.8999999999999999
dish_1558642420,95.0,38.95,0.19,9.5,0.855,1,41.0,0.2,10.0,0.8999999999999999
dish_1558642458,92.0,23.0,0.276,4.6,1.656,1,25.0,0.3,5.0,1.7999999999999998
dish_1558642490,187.0,61.95,0.466,14.1,2.511,2,33.12834224598931,0.24919786096256688,7.540106951871657,1.3427807486631016
dish_1558717604,142.0,73.84,0.284,19.88,0.426,1,52.0,0.19999999999999996,13.999999999999998,0.3
dish_1558717886,142.0,73.84,0.284,19.88,0.426,1,52.0,0.19999999999999996,13.999999999999998,0.3
dish_1558717969,90.0,95.49,2.16,19.8,2.79,1,106.1,2.4,22.0,3.1
dish_1558718009,76.0,25.84,0.152,6.08,0.608,1,34.0,0.2,8.0,0.8
dish_1558718051,97.0,24.25,0.291,4.85,1.746,1,25.0,0.3,5.0,1.7999999999999998
dish_1558718088,405.0,219.42,2.887,50.61,5.57,4,54.17777777777777,0.7128395061728395,12.496296296296295,1.3753086419753087
dish_1558718587,41.0,10.25,0.123,2.05,0.738,1,25.0,0.3,5.0,1.7999999999999998
dish_1558718610,107.0,113.527,2.568,23.54,3.317,1,106.1,2.4,22.0,3.1000000000000005
dish_1558718649,76.0,25.84,0.152,6.08,0.608,1,34.0,0.2,8.0,0.8
dish_1558718680,23.0,132.963,11.385,5.221,5.152,1,578.1,49.5,22.7,22.400000000000002
dish_1558718906,247.0,282.58,14.228,36.891,9.815000000000001,4,114.40485829959512,5.760323886639676,14.935627530364371,3.973684210526316
dish_1558718974,73.0,422.013,36.135,16.571,16.352,1,578.1,49.5,22.7,22.400000000000002
dish_1558719040,94.0,31.96,0.188,7.52,0.752,1,34.0,0.2,8.0,0.8
dish_1558719066,142.0,73.84,0.284,19.88,0.426,1,52.0,0.19999999999999996,13.999999999999998,0.3
dish_1558719097,107.0,19.26,0.214,4.173,0.963,1,18.000000000000004,0.2,3.9,0.8999999999999999
dish_1558719145,416.0,547.073,36.821,48.144,18.493,4,131.5079326923077,8.851201923076921,11.573076923076922,4.445432692307692
dish_1558719215,96.0,17.28,0.192,3.744,0.864,1,18.000000000000004,0.2,3.9,0.8999999999999999
dish_1558719298,46.0,265.926,22.77,10.442,10.304,1,578.1,49.5,22.7,22.400000000000002
dish_1558719336,97.0,24.25,0.291,4.85,1.746,1,25.0,0.3,5.0,1.7999999999999998
dish_1558719377,142.0,73.84,0.284,19.88,0.426,1,52.0,0.19999999999999996,13.999999999999998,0.3
dish_1558719401,49.0,51.989,1.176,10.78,1.519,1,106.1,2.4,21.999999999999996,3.1
dish_1558719514,430.0,433.28499999999997,24.713,49.696,14.859,5,100.76395348837208,5.747209302325581,11.557209302325582,3.455581395348837
dish_1558719570,143.0,74.36,0.286,20.02,0.429,1,52.0,0.2,13.999999999999998,0.3
dish_1558719994,133.0,768.873,65.835,30.191,29.792,1,578.1,49.49999999999999,22.7,22.400000000000002
dish_1558720097,74.0,30.34,0.148,7.4,0.666,1,41.0,0.2,10.0,0.9000000000000001
dish_1558720133,57.0,14.25,0.171,2.85,1.026,1,25.0,0.3,5.0,1.8000000000000003
dish_1558720236,407.0,887.8230000000001,66.44,60.461,31.913000000000004,4,218.13832923832925,16.324324324324323,14.855282555282557,7.841031941031942
dish_1558720289,80.0,20.0,0.24,4.0,1.44,1,25.0,0.3,5.0,1.7999999999999998
dish_1558720335,46.0,15.64,0.092,3.68,0.368,1,34.0,0.2,8.0,0.8
dish_1558720364,142.0,73.84,0.284,19.88,0.426,1,52.0,0.19999999999999996,13.999999999999998,0.3
dish_1558720396,90.0,95.49,2.16,19.8,2.79,1,106.1,2.4,22.0,3.1
dish_1558720427,358.0,204.97,2.7760000000000002,47.36,5.024,4,57.25418994413408,0.7754189944134079,13.22905027932961,1.4033519553072626
dish_1558721272,72.0,29.52,0.144,7.2,0.648,1,41.0,0.2,10.0,0.9000000000000001
dish_1558721323,93.0,31.62,0.186,7.44,0.744,1,34.0,0.2,8.0,0.8
dish_1558721345,78.0,19.5,0.234,3.9,1.404,1,25.0,0.3,5.0,1.7999999999999998
dish_1558721380,107.0,19.26,0.214,4.173,0.963,1,18.000000000000004,0.2,3.9,0.8999999999999999
dish_1558721434,350.0,99.9,0.778,22.713,3.759,4,28.54285714285714,0.22228571428571428,6.489428571428572,1.0739999999999998
dish_1558721484,62.0,11.16,0.124,2.418,0.558,1,18.0,0.2,3.9,0.9000000000000001
dish_1558721533,55.0,18.7,0.11,4.4,0.44,1,34.0,0.2,8.0,0.8
dish_1558721559,92.0,37.72,0.184,9.2,0.828,1,41.0,0.2,10.0,0.8999999999999999
dish_1558721587,90.0,95.49,2.16,19.8,2.79,1,106.1,2.4,22.0,3.1
dish_1558721636,299.0,163.07,2.5780000000000003,35.818,4.616,4,54.53846153846153,0.8622073578595318,11.979264214046822,1.5438127090301001
dish_1558721669,97.0,24.25,0.291,4.85,1.746,1,25.0,0.3,5.0,1.7999999999999998
dish_1558721700,56.0,19.04,0.112,4.48,0.448,1,34.0,0.2,8.0,0.8
dish_1558721726,143.0,74.36,0.286,20.02,0.429,1,52.0,0.2,13.999999999999998,0.3
dish_1558721757,133.0,768.873,65.835,30.191,29.792,1,578.1,49.49999999999999,22.7,22.400000000000002
dish_1558721827,429.0,886.523,66.52399999999999,59.541,32.415,4,206.64871794871797,15.506759906759903,13.879020979020979,7.555944055944056
dish_1558721904,143.0,74.36,0.286,20.02,0.429,1,52.0,0.2,13.999999999999998,0.3
dish_1558721931,53.0,13.25,0.159,2.65,0.954,1,25.0,0.3,5.0,1.7999999999999998
dish_1558721959,62.0,11.16,0.124,2.418,0.558,1,18.0,0.2,3.9,0.9000000000000001
dish_1558721980,79.0,26.86,0.158,6.32,0.632,1,34.0,0.2,8.0,0.8
dish_1558722068,31.0,179.211,15.345,7.037,6.944,1,578.1,49.5,22.7,22.400000000000002
dish_1558722103,368.0,304.841,16.072,38.445,9.517,5,82.83722826086957,4.367391304347826,10.447010869565219,2.586141304347826
dish_1558722125,86.0,497.166,42.57,19.522,19.264,1,578.1,49.5,22.7,22.400000000000002
dish_1558722171,97.0,24.25,0.291,4.85,1.746,1,25.0,0.3,5.0,1.7999999999999998
dish_1558722207,160.0,83.2,0.32,22.4,0.48,1,52.0,0.2,13.999999999999998,0.3
dish_1558722247,343.0,604.616,43.181,46.772,21.49,3,176.2728862973761,12.589212827988339,13.636151603498542,6.26530612244898
dish_1558722322,92.0,37.72,0.184,9.2,0.828,1,41.0,0.2,10.0,0.8999999999999999
dish_1558722370,79.0,19.75,0.237,3.95,1.422,1,25.0,0.3,5.0,1.7999999999999998
dish_1558722398,161.0,83.72,0.322,22.54,0.483,1,52.0,0.2,13.999999999999998,0.3
dish_1558722434,47.0,8.46,0.094,1.833,0.423,1,18.000000000000004,0.2,3.9,0.8999999999999999
dish_1558722473,379.0,149.65,0.837,37.522999999999996,3.1559999999999997,4,39.485488126649074,0.220844327176781,9.900527704485487,0.8327176781002638
dish_1558722636,75.0,30.75,0.15,7.5,0.675,1,41.0,0.2,10.0,0.9000000000000001
dish_1558722665,60.0,15.0,0.18,3.0,1.08,1,25.0,0.3,5.0,1.8000000000000003
dish_1558722685,76.0,25.84,0.152,6.08,0.608,1,34.0,0.2,8.0,0.8
dish_1558722707,107.0,19.26,0.214,4.173,0.963,1,18.000000000000004,0.2,3.9,0.8999999999999999
dish_1558722748,49.0,51.989,1.176,10.78,1.519,1,106.1,2.4,21.999999999999996,3.1
dish_1558722780,367.0,142.839,1.8719999999999999,31.533,4.845,5,38.920708446866485,0.5100817438692098,8.592098092643052,1.3201634877384194
dish_1558722842,58.0,10.44,0.116,2.262,0.522,1,18.0,0.2,3.9,0.9000000000000001
dish_1558722871,60.0,15.0,0.18,3.0,1.08,1,25.0,0.3,5.0,1.8000000000000003
dish_1558722883,60.0,15.0,0.18,3.0,1.08,1,25.0,0.3,5.0,1.8000000000000003
dish_1558722906,90.0,95.49,2.16,19.8,2.79,1,106.1,2.4,22.0,3.1
dish_1558722931,76.0,439.356,37.62,17.252,17.024,1,578.1,49.49999999999999,22.7,22.400000000000002
dish_1558722968,284.0,560.286,40.07599999999999,42.314,21.416,4,197.28380281690139,14.1112676056338,14.899295774647886,7.5408450704225345
dish_1558723015,76.0,31.16,0.152,7.6,0.684,1,41.0,0.2,10.0,0.9000000000000001
dish_1558723047,93.0,31.62,0.186,7.44,0.744,1,34.0,0.2,8.0,0.8
dish_1558723073,90.0,16.2,0.18,3.51,0.81,1,18.0,0.2,3.9,0.9000000000000001
dish_1558723096,66.0,16.5,0.198,3.3,1.188,1,25.0,0.3,5.0,1.7999999999999998
dish_1558723123,49.0,51.989,1.176,10.78,1.519,1,106.1,2.4,21.999999999999996,3.1
dish_1558723414,49.0,51.989,1.176,10.78,1.519,1,106.1,2.4,21.999999999999996,3.1
dish_1558723449,143.0,74.36,0.286,20.02,0.429,1,52.0,0.2,13.999999999999998,0.3
dish_1558723475,67.0,22.78,0.134,5.36,0.536,1,34.0,0.2,8.0,0.8
dish_1558723512,39.0,15.99,0.078,3.9,0.351,1,41.0,0.2,10.0,0.8999999999999999
dish_1558723537,58.0,14.5,0.174,2.9,1.044,1,25.0,0.3,5.0,1.8000000000000003
dish_1558723568,356.0,179.619,1.8479999999999999,42.959999999999994,3.879,5,50.45477528089888,0.5191011235955055,12.067415730337077,1.0896067415730337
dish_1558723639,41.0,10.25,0.123,2.05,0.738,1,25.0,0.3,5.0,1.7999999999999998
dish_1558723671,93.0,38.13,0.186,9.3,0.837,1,41.0,0.2,10.0,0.8999999999999999
dish_1558723695,90.0,95.49,2.16,19.8,2.79,1,106.1,2.4,22.0,3.1
dish_1558723719,40.0,231.24,19.8,9.08,8.96,1,578.1,49.5,22.7,22.400000000000002
dish_1558723742,264.0,375.11,22.269000000000002,40.23,13.325000000000001,4,142.08712121212122,8.435227272727273,15.238636363636363,5.047348484848485
dish_1558723777,143.0,74.36,0.286,20.02,0.429,1,52.0,0.2,13.999999999999998,0.3
dish_1558723818,107.0,113.527,2.568,23.54,3.317,1,106.1,2.4,22.0,3.1000000000000005
dish_1558723847,96.0,554.976,47.52,21.792,21.504,1,578.1,49.50000000000001,22.7,22.400000000000002
dish_1558723866,59.0,14.75,0.177,2.95,1.062,1,25.0,0.3,5.0,1.8000000000000003
dish_1558723894,405.0,757.613,50.551,68.30199999999999,26.312,4,187.06493827160494,12.48172839506173,16.86469135802469,6.49679012345679
dish_1558723926,107.0,19.26,0.214,4.173,0.963,1,18.000000000000004,0.2,3.9,0.8999999999999999
dish_1558723960,52.0,13.0,0.156,2.6,0.936,1,25.0,0.3,5.0,1.8000000000000003
dish_1558723982,51.0,294.831,25.245,11.577,11.424,1,578.1,49.5,22.7,22.4
dish_1558724005,93.0,31.62,0.186,7.44,0.744,1,34.0,0.2,8.0,0.8
dish_1558724031,303.0,358.711,25.801,25.790000000000003,14.067,4,118.38646864686469,8.515181518151813,8.511551155115512,4.642574257425743
dish_1558724574,118.0,50.74,0.354,10.62,4.012,1,43.0,0.3,9.0,3.3999999999999995
dish_1558724607,152.0,54.72,0.152,13.68,0.76,1,36.0,0.1,9.0,0.5
dish_1558724633,94.0,32.9,0.376,6.58,2.256,1,35.0,0.4,7.000000000000001,2.4
dish_1558724658,364.0,138.36,0.882,30.88,7.028,3,38.010989010989015,0.2423076923076923,8.483516483516484,1.9307692307692308
dish_1558724689,79.0,19.75,0.237,3.95,1.422,1,25.0,0.3,5.0,1.7999999999999998
dish_1558724723,112.0,39.2,0.448,7.84,2.688,1,35.0,0.4,6.999999999999999,2.4
dish_1558724766,161.0,83.72,0.322,22.54,0.483,1,52.0,0.2,13.999999999999998,0.3
dish_1558724799,352.0,142.67000000000002,1.0070000000000001,34.33,4.593,3,40.53125,0.2860795454545455,9.752840909090908,1.3048295454545455
dish_1558724853,118.0,50.74,0.354,10.62,4.012,1,43.0,0.3,9.0,3.3999999999999995
dish_1558724891,161.0,83.72,0.322,22.54,0.483,1,52.0,0.2,13.999999999999998,0.3
dish_1558724912,75.0,30.75,0.15,7.5,0.675,1,41.0,0.2,10.0,0.9000000000000001
dish_1558724932,72.0,416.232,35.64,16.344,16.128,1,578.1,49.5,22.7,22.400000000000002
dish_1558724959,426.0,581.442,36.466,57.004,21.298,4,136.4887323943662,8.560093896713616,13.381220657276996,4.999530516431924
dish_1558724992,79.0,456.699,39.105,17.933,17.696,1,578.1,49.49999999999999,22.7,22.400000000000002
dish_1558725049,100.0,43.0,0.3,9.0,3.4,1,43.0,0.3,9.0,3.4000000000000004
dish_1558725085,151.0,54.36,0.151,13.59,0.755,1,36.0,0.1,9.0,0.5
dish_1558725112,330.0,554.059,39.556,40.522999999999996,21.851000000000003,3,167.89666666666665,11.986666666666666,12.279696969696968,6.621515151515152
dish_1558725193,132.0,763.092,65.34,29.964,29.568,1,578.1,49.50000000000001,22.7,22.400000000000002
dish_1558725226,79.0,19.75,0.237,3.95,1.422,1,25.0,0.3,5.0,1.7999999999999998
dish_1558725253,97.0,33.95,0.388,6.79,2.328,1,35.0,0.4,7.000000000000001,2.4
dish_1558725286,308.0,816.792,65.965,40.704,33.318,3,265.1922077922078,21.417207792207794,13.215584415584416,10.817532467532468
dish_1558725353,94.0,40.42,0.282,8.46,3.196,1,43.0,0.3,9.000000000000002,3.4000000000000004
dish_1558725403,50.0,289.05,24.75,11.35,11.2,1,578.1,49.5,22.7,22.4
dish_1558725576,79.0,19.75,0.237,3.95,1.422,1,25.0,0.3,5.0,1.7999999999999998
dish_1558725621,223.0,349.22,25.269,23.76,15.818,3,156.60089686098655,11.331390134529148,10.654708520179373,7.093273542600896
dish_1558725702,117.0,50.31,0.351,10.53,3.978,1,43.0,0.3,9.0,3.4000000000000004
dish_1558725734,75.0,30.75,0.15,7.5,0.675,1,41.0,0.2,10.0,0.9000000000000001
dish_1558725760,161.0,83.72,0.322,22.54,0.483,1,52.0,0.2,13.999999999999998,0.3
dish_1558725786,107.0,113.527,2.568,23.54,3.317,1,106.1,2.4,22.0,3.1000000000000005
dish_1558725829,460.0,278.307,3.391,64.11,8.453000000000001,4,60.50152173913044,0.7371739130434782,13.93695652173913,1.837608695652174
dish_1559059924,20.0,108.2,8.4,0.28,7.4,1,541.0,42.00000000000001,1.4000000000000001,37.0
dish_1559059954,20.0,108.2,8.4,0.28,7.4,1,541.0,42.00000000000001,1.4000000000000001,37.0
dish_1559059992,94.0,71.44,0.0,16.92,0.94,1,76.0,0.0,18.000000000000004,1.0
dish_1559060055,81.0,26.73,0.243,6.48,0.567,1,33.0,0.3,8.0,0.7
dish_1559060106,195.0,206.37,8.643,23.680000000000003,8.907,3,105.83076923076923,4.432307692307693,12.143589743589747,4.567692307692308
dish_1559061675,83.0,24.9,0.166,6.308,0.498,1,30.0,0.2,7.6,0.6
dish_1559061752,124.0,192.82,13.02,1.488,15.5,1,155.5,10.5,1.2,12.5
dish_1559062005,30.0,113.91,8.43,0.93,8.73,1,379.7,28.099999999999998,3.1000000000000005,29.100000000000005
dish_1559062051,74.0,56.24,0.0,13.32,0.74,1,76.0,0.0,18.0,1.0
dish_1559062082,311.0,387.87,21.616,22.046,25.468,4,124.71704180064309,6.95048231511254,7.088745980707395,8.189067524115757
dish_1559149615,23.0,124.43,9.66,0.322,8.51,1,541.0,42.0,1.4000000000000001,37.0
dish_1559149650,64.0,26.24,0.128,6.4,0.576,1,41.0,0.2,10.0,0.8999999999999999
dish_1559149688,181.0,281.455,19.005,2.172,22.625,1,155.5,10.5,1.2,12.5
dish_1559149719,268.0,432.125,28.793,8.894,31.711,3,161.24067164179107,10.74365671641791,3.3186567164179106,11.832462686567164
dish_1559157454,28.0,34.564574565,3.2844611020000003,1.127363889,0.671957781,9,123.44490916071429,11.730218221428572,4.026299603571428,2.3998492178571427
dish_1559157777,11.0,2.53,0.044,0.396,0.319,1,23.0,0.4,3.6000000000000005,2.9000000000000004
dish_1559157919,39.0,37.094574565,3.328461102,1.523363889,0.990957781,10,95.11429375641026,8.534515646153846,3.906061253846154,2.5409173871794875
dish_1559158263,33.000001000000005,40.736823263,3.870972322,1.328678987,0.791950271,9,123.44491523803285,11.730218802114582,4.026299838596974,2.399849233337902
dish_1559158354,60.0,21.0,0.24,4.2,1.44,1,35.0,0.4,7.000000000000001,2.4
dish_1559158425,13.0,2.99,0.052,0.468,0.377,1,23.0,0.4,3.6000000000000005,2.9000000000000004
dish_1559172356,176.000002,313.10390742000004,15.885429426,6.92898853,32.684392896,7,177.899945376137,9.02581207129759,3.9369252563985766,18.570677570787755
dish_1559232986,35.0,189.35,14.7,0.49,12.95,1,541.0,42.0,1.4000000000000001,37.0
dish_1559233055,39.0,25.194,1.326,1.248,2.379,1,64.60000000000001,3.4000000000000004,3.2,6.1
dish_1559233102,124.0,183.52,13.64,1.984,12.4,1,148.0,11.0,1.6,10.0
dish_1559233144,198.0,398.06399999999996,29.666,3.722,27.729,3,201.04242424242423,14.982828282828283,1.8797979797979796,14.004545454545452
dish_1559233445,49.0,24.5,0.049,6.37,0.245,1,50.0,0.1,13.0,0.5
dish_1559233570,51.0,16.83,0.153,4.08,0.357,1,32.99999999999999,0.3,8.0,0.7
dish_1559233627,12.0,64.92,5.04,0.168,4.44,1,541.0,42.0,1.4000000000000001,37.00000000000001
dish_1559233715,110.0,83.6,0.0,19.8,1.1,1,75.99999999999999,0.0,18.0,1.0
dish_1559233756,222.0,189.85,5.242,30.418000000000003,6.142,4,85.51801801801801,2.3612612612612613,13.701801801801802,2.766666666666667
dish_1559235639,103.0,33.99,0.309,8.24,0.721,1,33.0,0.3,8.0,0.7000000000000001
dish_1559235690,111.0,172.605,11.655,1.332,13.875,1,155.5,10.5,1.2,12.5
dish_1559235771,54.000001,145.8000025,4.320000015,21.762000490000002,5.032800101,2,269.99999962962966,7.999999879629632,40.300000161111114,9.320000014444444
dish_1559235815,268.000001,352.3950025,16.284000015,31.33400049,19.628800101,4,131.49067208399,6.076119385910003,11.691791183985854,7.324179114835153
dish_1559238435,202.0,115.544,0.202,30.704,0.808,1,57.199999999999996,0.1,15.2,0.4
dish_1559238481,127.0,59.69,0.127,15.24,1.143,1,47.0,0.1,12.0,0.8999999999999999
dish_1559238566,109.0,62.13,0.327,15.26,0.763,1,57.00000000000001,0.3,13.999999999999998,0.7000000000000001
dish_1559238608,438.0,237.364,0.656,61.204,2.714,3,54.192694063926936,0.1497716894977169,13.97351598173516,0.6196347031963471
dish_1559238993,108.0,61.56,0.324,15.12,0.756,1,57.00000000000001,0.3,13.999999999999998,0.7000000000000001
dish_1559239151,40.0,9.2,0.16,1.44,1.16,1,23.0,0.4,3.5999999999999996,2.9
dish_1559239256,128.0,60.16,0.128,15.36,1.152,1,47.0,0.1,12.0,0.8999999999999999
dish_1559239369,276.0,130.92000000000002,0.612,31.919999999999998,3.0679999999999996,3,47.434782608695656,0.2217391304347826,11.565217391304348,1.1115942028985506
dish_1559239753,53.999999,26.54551221,0.638884042,5.326569196,0.479778181,4,49.15835685478438,1.1831186182059004,9.864017212296615,0.8884781294162617
dish_1559239912,128.0,60.16,0.128,15.36,1.152,1,47.0,0.1,12.0,0.8999999999999999
dish_1559239985,203.0,116.116,0.203,30.856,0.812,1,57.199999999999996,0.1,15.2,0.4
dish_1559240089,384.999999,202.82151220999998,0.969884042,51.542569196,2.443778181,6,52.6809123991712,0.2519179336413453,13.387680345422549,0.6347475811292145
dish_1559240216,58.0,14.5,0.174,2.9,1.044,1,25.0,0.3,5.0,1.8000000000000003
dish_1559240256,54.0,18.9,0.216,3.78,1.296,1,35.0,0.4,6.999999999999999,2.4
dish_1559240382,41.999998,20.646505159999997,0.496909364,4.142887054,0.37316079599999996,4,49.15834795992133,1.1831175896722663,9.864017264953203,0.8884781280227679
dish_1559240441,59.0,19.47,0.177,4.72,0.413,1,32.99999999999999,0.3,8.0,0.7
dish_1559240510,212.999998,73.51650516,1.0639093640000001,15.542887054,3.126160796,7,34.514791479012125,0.4994879690092767,7.297130140818123,1.4676811386636728
dish_1559240875,203.0,116.116,0.203,30.856,0.812,1,57.199999999999996,0.1,15.2,0.4
dish_1559240908,128.0,60.16,0.128,15.36,1.152,1,47.0,0.1,12.0,0.8999999999999999
dish_1559240987,51.0,25.07076076,0.6033903740000001,5.030648739,0.453123836,4,49.158354431372544,1.183118380392157,9.864017135294118,0.8884781098039215
dish_1559241099,382.0,201.34676076,0.934390374,51.246648739,2.417123836,6,52.70857611518325,0.24460480994764397,13.415353073036648,0.6327549308900523
dish_1559242066,52.999998,26.05392236,0.627052152,5.227929007999999,0.4708934,4,49.15834593050362,1.1831173125704646,9.864017368453485,0.8884781467350245
dish_1559242155,203.0,116.116,0.203,30.856,0.812,1,57.199999999999996,0.1,15.2,0.4
dish_1559242221,114.0,659.034,56.43,25.878,25.536,1,578.1,49.5,22.7,22.400000000000002
dish_1559242324,54.0,18.9,0.216,3.78,1.296,1,35.0,0.4,6.999999999999999,2.4
dish_1559242568,203.0,116.116,0.203,30.856,0.812,1,57.199999999999996,0.1,15.2,0.4
dish_1559243139,52.999998,26.05392236,0.627052152,5.227929007999999,0.4708934,4,49.15834593050362,1.1831173125704646,9.864017368453485,0.8884781467350245
dish_1559243704,203.0,116.116,0.203,30.856,0.812,1,57.199999999999996,0.1,15.2,0.4
dish_1559243887,50.0,289.05,24.75,11.35,11.2,1,578.1,49.5,22.7,22.4
dish_1559243974,305.999998,431.21992236,25.580052152,47.433929008,12.4828934,6,140.9215441759578,8.359494221957478,15.501284090858066,4.079376954767169
dish_1559244305,63.999998999999995,113.066403201,7.04521033,9.832836319,3.483331159,8,176.6662577619728,11.008141312627208,15.363806988496986,5.4427050209797665
dish_1559244417,59.0,72.832494642,6.920828473,2.375516925,1.4159110739999998,9,123.44490617288135,11.730217750847457,4.026299872881356,2.3998492779661014
dish_1559244546,281.000002,469.942142616,13.549142401,6.330505614000001,75.77484269,11,167.23919547018366,4.821758827247268,2.252848956919225,26.966135996682304
dish_1559244598,51.0,250.92,12.75,33.15,2.601,1,492.0,25.0,65.0,5.1
dish_1559244649,455.000003,906.761041169,40.265181217999995,51.688858988,83.275084977,20,199.288139602276,8.849490319234128,11.360188713669086,18.302216357787586
dish_1559245340,35.0,22.61,1.19,1.12,2.135,1,64.60000000000001,3.3999999999999995,3.2,6.099999999999999
dish_1559245589,51.999999,25.56234136,0.6152212619999999,5.129288827,0.462008608,4,49.15834971458365,1.1831178342907274,9.864017164692637,0.8884781093938097
dish_1559245654,202.0,115.544,0.202,30.704,0.808,1,57.199999999999996,0.1,15.2,0.4
dish_1559245697,288.999999,163.71634136,2.007221262,36.953288827,3.405008608,6,56.64925326176212,0.6945402314689972,12.786605174694134,1.1782036746650646
dish_1559245801,107.0,60.99,0.321,14.98,0.749,1,57.00000000000001,0.3,14.000000000000002,0.7000000000000001
dish_1559245848,127.0,59.69,0.127,15.24,1.143,1,47.0,0.1,12.0,0.8999999999999999
dish_1559245920,57.0,14.25,0.171,2.85,1.026,1,25.0,0.3,5.0,1.8000000000000003
dish_1559245979,203.0,116.116,0.203,30.856,0.812,1,57.199999999999996,0.1,15.2,0.4
dish_1559246053,494.0,251.046,0.8220000000000001,63.926,3.73,4,50.819028340080976,0.16639676113360324,12.940485829959513,0.7550607287449392
dish_1559319826,79.0,45.03,0.237,11.06,0.553,1,57.00000000000001,0.3,14.000000000000002,0.7000000000000001
dish_1559319860,13.0,70.33,5.46,0.182,4.81,1,541.0,42.0,1.4000000000000001,37.0
dish_1559319902,17.0,8.5,0.017,2.21,0.085,1,50.0,0.1,13.0,0.5
dish_1559319971,96.0,72.96,0.0,17.28,0.96,1,75.99999999999999,0.0,18.000000000000004,1.0
dish_1559320019,205.0,196.82,5.714,30.732000000000003,6.4079999999999995,4,96.00975609756097,2.787317073170732,14.991219512195123,3.125853658536585
dish_1559332418,271.00000700000004,482.10885547000004,24.459950240999998,10.669067268000001,50.326538156,7,177.8999420726952,9.025811663908922,3.9369250894521195,18.570677806661458
dish_1559332487,98.0,19.11,0.441,3.822,0.833,2,19.5,0.44999999999999996,3.9,0.8499999999999999
dish_1559332795,39.000001,39.36839718,3.721486918,1.441863075,0.531218675,10,100.94460556552293,9.54227390404426,3.697084712895264,1.3620991317410478
dish_1559332822,408.00000800000004,540.58725265,28.622437158999997,15.932930343,51.690756831,16,132.49687305153188,7.015303087690134,3.905129909458237,12.669302896435235
dish_1559578551,23.0,124.43,9.66,0.322,8.51,1,541.0,42.0,1.4000000000000001,37.0
dish_1559578579,78.0,142.58,9.825,4.722,8.895,2,182.79487179487182,12.596153846153847,6.053846153846154,11.403846153846153
dish_1559578599,193.0,229.98000000000002,9.825,25.422,10.045,3,119.16062176165805,5.090673575129533,13.1720207253886,5.204663212435233
dish_1559581198,152.0,236.36,15.96,1.824,19.0,1,155.50000000000003,10.500000000000002,1.2,12.5
dish_1559581236,212.0,296.92676685,21.68536479,4.042250673,19.817259464,11,140.05979568396225,10.228945655660377,1.9067220155660376,9.347763898113207
dish_1559581333,234.0,415.94676685,30.92536479,4.350250673,27.957259464,12,177.75502856837608,13.21596785897436,1.859081484188034,11.94754677948718
dish_1559581356,294.0,436.94676685,31.16536479,8.550250673,29.397259463999998,13,148.6213492687075,10.600464214285715,2.908248528231293,9.99906784489796
dish_1559581378,372.0,705.73476685,52.45936479,11.826250673,44.451259464,14,189.7136470026882,14.101979782258065,3.1790996432795695,11.949263296774195
dish_1559585533,37.0,12.95,0.148,2.59,0.888,1,35.0,0.4,6.999999999999999,2.4
dish_1559589873,54.0,11.88,0.162,1.782,1.674,1,22.0,0.3,3.3000000000000003,3.1
dish_1559589902,76.0,16.368000000000002,0.184,2.64,2.158,2,21.53684210526316,0.24210526315789474,3.4736842105263155,2.839473684210526
dish_1559589942,179.0,290.348,10.174999999999999,36.63,13.488,3,162.20558659217878,5.684357541899441,20.463687150837988,7.535195530726256
dish_1559590005,240.999996,360.83249466,16.641805267,39.466524308,14.747197397,11,149.72302931490503,6.905313503407692,16.376151436948568,6.119169145961314
dish_1559590031,268.999999,402.74619295900004,19.749414246,42.538002623000004,15.597240874999999,16,149.71977489077986,7.34178970982078,15.813383933507005,5.798230830104947
dish_1559590099,39.0,7.956,0.039,1.521,0.858,1,20.400000000000002,0.1,3.9,2.1999999999999997
dish_1559590130,152.0,194.40599999999998,4.106999999999999,1.521,35.888,2,127.8986842105263,2.7019736842105258,1.000657894736842,23.610526315789475
dish_1559590157,234.0,230.486,5.829,5.047,38.512,3,98.4982905982906,2.491025641025641,2.1568376068376067,16.458119658119656
dish_1559590202,311.0,316.726,5.982999999999999,22.757,41.437999999999995,4,101.8411575562701,1.923794212218649,7.317363344051447,13.324115755627009
dish_1559593646,37.000001,55.385960208,4.10648335,4.0587394230000005,1.123271832,9,149.69178030022218,11.098603348686398,10.969565711633361,3.035869734165683
dish_1559593722,106.000003,140.562937361,12.200332651,6.836886409,2.77916784,12,132.60654092717337,11.509747458214694,6.449892656135113,2.621856378626706
dish_1559593746,186.00000300000002,156.962937361,12.440332651,9.556886409,3.49916784,13,84.38867463942998,6.6883507797577835,5.138110889707889,1.8812730019149515
dish_1559593794,380.00001199999997,450.561429411,25.549510076,14.105440613,40.378569069,21,118.56879346914337,6.723555070835103,3.711957938832908,10.625938893128247
dish_1559667948,57.00000300000001,153.9000085,4.56000037,22.971001035,5.312400264,2,270.00000070175435,8.000000228070164,40.299999694736854,9.31999997263158
dish_1559667973,179.000003,334.4600085,17.98000037,24.923001035,17.512400264,3,186.84916362822634,10.044692775787272,13.923464032008983,9.783463670668208
dish_1559667994,213.000003,445.3000085,25.46000037,35.803001035,18.396400264,4,209.0610339099385,11.953051648548568,16.80892043696356,8.636807514035576
dish_1559668016,279.000003,469.0600085,25.526000370000002,41.743001035,18.726400264,5,168.12186503811614,9.149103976891356,14.96164895560951,6.711971348616795
dish_1559668238,89.0,290.14,19.58,28.48,2.314,1,326.0,21.999999999999996,32.0,2.6
dish_1559668272,239.0,512.14,36.08,30.88,17.314,2,214.2845188284519,15.09623430962343,12.92050209205021,7.244351464435146
dish_1559668314,300.0,551.546,38.153999999999996,32.832,21.035,3,183.84866666666667,12.717999999999998,10.943999999999999,7.011666666666666
dish_1559674074,53.0,140.98,5.141,17.49,5.83,1,265.99999999999994,9.700000000000001,32.99999999999999,11.0
dish_1559674689,177.0,63.72,0.177,15.93,0.885,1,36.0,0.1,9.0,0.5
dish_1559674781,203.0,81.66,0.22899999999999998,20.61,1.067,2,40.22660098522167,0.11280788177339901,10.152709359605911,0.5256157635467981
dish_1559674866,303.0,125.66,2.329,24.91,4.267,3,41.47194719471947,0.7686468646864687,8.221122112211221,1.4082508250825083
dish_1559675101,31.0,13.33,0.093,2.79,1.054,1,43.0,0.3,9.0,3.4000000000000004
dish_1559675146,45.0,19.07,0.121,4.1899999999999995,1.1800000000000002,2,42.37777777777778,0.26888888888888884,9.31111111111111,2.6222222222222227
dish_1559675178,100.0,28.97,0.23099999999999998,6.335,1.675,3,28.970000000000002,0.231,6.335,1.675
dish_1559675234,120.0,36.97,0.271,8.135,2.075,4,30.808333333333334,0.22583333333333336,6.779166666666667,1.7291666666666667
dish_1559675268,144.0,39.37,0.271,8.615,2.3150000000000004,5,27.34027777777778,0.18819444444444444,5.982638888888888,1.607638888888889
dish_1559678083,66.000006,75.81200389300001,7.072568867,2.976039614,0.998627581,9,114.86666212272772,10.716012460665535,4.509150520380255,1.5130719548722467
dish_1559678104,135.00000599999998,99.962003893,7.348568867,7.8060396139999995,2.6546275809999997,10,74.04592551869962,5.443384103997744,5.782251308936979,1.966390713345598
dish_1559678127,170.00000599999998,108.64200389300001,7.418568866999999,9.871039613999999,3.004627581,11,63.907058857986165,4.363863885393039,5.806493685653164,1.7674279264437203
dish_1559678146,284.000008,348.57664278299995,21.192873769,13.254405727,26.293562312,17,122.7382510436408,7.462279285921711,4.667044138604391,9.258296327935316
dish_1559678330,150.000002,169.694122026,16.186765198,5.269607841,3.199019633,9,113.12941317560782,10.79117665478431,3.5130718471590425,2.132679726897604
dish_1559678367,215.00000200000002,192.444122026,16.446765198,9.819607841,4.759019633,10,89.50889313294053,7.649658160468296,4.567259418444098,2.213497483130256
dish_1559678405,386.000002,552.346066246,37.108221386000004,14.894657314,39.692420648,16,143.09483507360187,9.613528806665656,3.8587194914055982,10.283010477290102
dish_1559678457,465.000002,624.236066246,37.503221386,29.983657314000002,43.010420648,17,134.24431474432552,8.065208865525983,6.448098319363019,9.249552787743859
dish_1559678629,80.0,89.376663362,8.445810709,6.14395102,9.622075244,12,111.7208292025,10.55726338625,7.679938775,12.027594054999998
dish_1559678651,122.0,107.856663362,9.327810709,7.94995102,10.966075244,13,88.40710111639345,7.645746482786884,6.5163532950819665,8.98858626557377
dish_1559700851,54.000003,61.089884813000005,5.827235476999999,1.897059,1.151647139,9,113.12941003540315,10.79117620974947,3.5130720270515545,2.1326797685548278
dish_1559751458,123.0,152.643,0.246,36.162,1.968,1,124.10000000000001,0.2,29.4,1.6
dish_1559751552,254.0,227.313,0.639,54.501999999999995,2.885,2,89.49330708661417,0.2515748031496063,21.457480314960627,1.135826771653543
dish_1559751710,66.0,37.62,0.198,9.24,0.462,1,56.99999999999999,0.3,14.000000000000002,0.7000000000000001
dish_1559751744,188.0,227.33,13.008000000000001,10.704,15.712,2,120.92021276595746,6.919148936170213,5.693617021276596,8.357446808510637
dish_1559751775,254.0,309.236,13.14,30.108,16.768,3,121.74645669291337,5.173228346456693,11.853543307086614,6.601574803149607
dish_1559751801,343.0,451.636,22.04,32.778,29.228,4,131.6723032069971,6.425655976676385,9.556268221574344,8.52128279883382
dish_1559838214,8.0,43.28,3.36,0.112,2.96,1,541.0,42.0,1.4000000000000001,37.0
dish_1559838279,114.0,103.7,3.678,14.952,3.702,2,90.96491228070175,3.2263157894736842,13.115789473684211,3.2473684210526312
dish_1559838402,233.0,222.7595,3.7969999999999997,43.155,5.249,4,95.6049356223176,1.6296137339055792,18.521459227467812,2.2527896995708154
dish_1559841023,46.0,73.6,4.6,1.38,6.44,1,160.0,10.0,3.0,14.000000000000002
dish_1559841061,99.0,96.38999999999999,4.864999999999999,6.256,7.182,2,97.36363636363635,4.9141414141414135,6.319191919191919,7.254545454545455
dish_1559841091,166.0,163.4235,4.9319999999999995,22.135,8.053,4,98.44789156626506,2.971084337349397,13.33433734939759,4.8512048192771084
dish_1559841127,285.0,339.5435,18.022,24.039,19.953000000000003,5,119.1380701754386,6.323508771929824,8.434736842105265,7.001052631578948
dish_1559841163,335.0,357.0435,18.222,27.539,21.153000000000002,6,106.58014925373134,5.4394029850746275,8.220597014925374,6.314328358208956
dish_1559841571,5.0,18.8,0.335,3.65,0.6,1,376.0,6.7,73.0,12.0
dish_1559841781,43.0,45.019999999999996,0.41100000000000003,10.49,0.866,2,104.69767441860465,0.9558139534883721,24.3953488372093,2.013953488372093
dish_1559841808,96.0,73.11,0.5700000000000001,17.38,1.29,3,76.15625,0.5937500000000001,18.104166666666664,1.34375
dish_1559841870,201.0,114.972,0.201,30.552,0.804,1,57.199999999999996,0.1,15.2,0.4
dish_1559841891,272.0,163.962,0.34299999999999997,43.332,1.3010000000000002,2,60.28014705882353,0.12610294117647058,15.930882352941179,0.4783088235294118
dish_1559841908,304.0,175.16199999999998,0.471,45.572,2.069,3,57.61907894736842,0.15493421052631579,14.99078947368421,0.6805921052631579
dish_1559841950,32.0,11.2,0.128,2.24,0.768,1,35.0,0.4,7.000000000000001,2.4
dish_1559841979,85.0,39.29,0.28700000000000003,9.129999999999999,1.192,2,46.2235294117647,0.33764705882352947,10.741176470588234,1.4023529411764706
dish_1559842047,285.0,153.69,0.487,39.53,1.992,3,53.92631578947369,0.17087719298245613,13.87017543859649,0.6989473684210527
dish_1559842136,338.0,460.08299999999997,26.721999999999998,51.561,13.864,4,136.11923076923077,7.905917159763313,15.25473372781065,4.101775147928994
dish_1559842274,53.0,306.393,26.235,12.031,11.872,1,578.1,49.5,22.7,22.400000000000002
dish_1559842326,106.0,334.48299999999995,26.394,18.921,12.296,2,315.54999999999995,24.9,17.849999999999998,11.6
dish_1559842374,137.0,345.33299999999997,26.518,21.091,13.04,3,252.0678832116788,19.356204379562044,15.394890510948905,9.518248175182482
dish_1559842409,179.0,359.193,26.644,24.451,13.334,4,200.66648044692735,14.884916201117319,13.659776536312847,7.449162011173184
dish_1559843030,77.0,25.41,0.231,6.16,0.539,1,33.0,0.3,8.0,0.7000000000000001
dish_1559843052,130.0,53.5,0.39,13.05,0.9630000000000001,2,41.15384615384615,0.3,10.038461538461538,0.7407692307692308
dish_1559843185,161.0,64.35,0.514,15.219999999999999,1.707,3,39.96894409937888,0.31925465838509315,9.453416149068323,1.060248447204969
dish_1559843222,229.0,111.27,0.65,27.46,2.183,4,48.58951965065502,0.2838427947598253,11.991266375545852,0.9532751091703056
dish_1559843335,77.0,25.41,0.231,6.16,0.539,1,33.0,0.3,8.0,0.7000000000000001
dish_1559843492,95.0,31.71,0.303,7.42,0.9710000000000001,2,33.37894736842105,0.31894736842105265,7.810526315789473,1.0221052631578948
dish_1559843690,134.0,61.74,0.34199999999999997,14.05,1.7510000000000001,3,46.07462686567164,0.2552238805970149,10.485074626865671,1.3067164179104478
dish_1559843715,334.0,176.14000000000001,0.542,44.45,2.551,4,52.73652694610779,0.16227544910179642,13.308383233532936,0.7637724550898204
dish_1559844030,77.0,25.41,0.231,6.16,0.539,1,33.0,0.3,8.0,0.7000000000000001
dish_1559844063,277.0,139.81,0.43100000000000005,36.56,1.339,2,50.47292418772563,0.15559566787003612,13.198555956678701,0.48339350180505414
dish_1559844090,331.0,168.43,0.593,43.58,1.7710000000000001,3,50.88519637462235,0.17915407854984894,13.166163141993959,0.5350453172205438
dish_1559844113,356.0,312.95500000000004,12.968,49.254999999999995,7.3709999999999996,4,87.90870786516855,3.642696629213483,13.835674157303368,2.070505617977528
dish_1559844272,80.0,462.48,39.6,18.16,17.92,1,578.1,49.5,22.7,22.400000000000002
dish_1559844323,161.0,518.37,39.762,32.74,18.487000000000002,2,321.96894409937886,24.69689440993789,20.335403726708076,11.482608695652175
dish_1559844366,192.0,529.22,39.886,34.91,19.231,3,275.6354166666667,20.773958333333333,18.182291666666664,10.016145833333335
dish_1559844458,81.0,55.89,0.162,14.58,0.567,1,69.0,0.2,18.0,0.7
dish_1559844479,133.0,83.45,0.318,21.34,0.9829999999999999,2,62.744360902255636,0.23909774436090225,16.045112781954888,0.7390977443609021
dish_1559844490,180.0,108.36,0.45899999999999996,27.45,1.359,2,60.199999999999996,0.25499999999999995,15.25,0.755
dish_1559844506,180.0,98.96000000000001,0.45899999999999996,25.1,1.3119999999999998,3,54.97777777777778,0.25499999999999995,13.944444444444445,0.7288888888888888
dish_1559844611,81.0,55.89,0.162,14.58,0.567,1,69.0,0.2,18.0,0.7
dish_1559844657,167.0,122.11,0.248,29.2,2.287,2,73.11976047904191,0.14850299401197603,17.48502994011976,1.3694610778443113
dish_1559844683,198.0,132.95999999999998,0.372,31.369999999999997,3.0309999999999997,3,67.15151515151514,0.1878787878787879,15.843434343434343,1.5308080808080806
dish_1559844928,86.0,66.22,0.086,14.62,1.72,1,77.0,0.1,17.0,2.0
dish_1559844951,122.0,274.336,17.906,22.792,9.784,2,224.86557377049184,14.677049180327867,18.681967213114756,8.01967213114754
dish_1559845018,175.0,302.42600000000004,18.065,29.682,10.208,3,172.81485714285716,10.322857142857144,16.961142857142857,5.833142857142858
dish_1559845046,207.0,313.626,18.193,31.922,10.975999999999999,4,151.51014492753623,8.78888888888889,15.421256038647343,5.3024154589371975
dish_1559845290,86.0,66.22,0.086,14.62,1.72,1,77.0,0.1,17.0,2.0
dish_1559845370,139.0,94.31,0.245,21.509999999999998,2.144,2,67.84892086330936,0.17625899280575538,15.474820143884891,1.5424460431654676
dish_1559845399,178.0,107.17999999999999,0.362,24.63,2.417,3,60.21348314606742,0.20337078651685392,13.837078651685392,1.3578651685393257
dish_1559845513,379.0,222.152,0.5630000000000001,55.181999999999995,3.221,4,58.61530343007916,0.14854881266490766,14.559894459102901,0.8498680738786281
dish_1559845637,121.0,93.17,0.121,20.57,2.42,1,77.0,0.1,17.0,2.0
dish_1559845745,322.0,208.142,0.322,51.122,3.224,2,64.64037267080745,0.1,15.876397515527952,1.0012422360248447
dish_1559845767,375.0,236.232,0.481,58.012,3.6479999999999997,3,62.9952,0.12826666666666667,15.469866666666668,0.9727999999999999
dish_1559846034,32.0,11.2,0.128,2.24,0.768,1,35.0,0.4,7.000000000000001,2.4
dish_1559846073,85.0,39.29,0.28700000000000003,9.129999999999999,1.192,2,46.2235294117647,0.33764705882352947,10.741176470588234,1.4023529411764706
dish_1559846099,114.0,206.939,14.642000000000001,15.713000000000001,7.688000000000001,3,181.52543859649123,12.843859649122807,13.783333333333333,6.7438596491228076
dish_1559846311,201.0,114.972,0.201,30.552,0.804,1,57.199999999999996,0.1,15.2,0.4
dish_1559846334,233.0,126.172,0.329,32.792,1.572,2,54.151072961373394,0.14120171673819742,14.073819742489272,0.6746781115879829
dish_1559846363,286.0,154.262,0.488,39.682,1.996,3,53.93776223776224,0.1706293706293706,13.874825174825176,0.6979020979020979
dish_1559846450,201.0,114.972,0.201,30.552,0.804,1,57.199999999999996,0.1,15.2,0.4
dish_1559846504,233.0,126.172,0.329,32.792,1.572,2,54.151072961373394,0.14120171673819742,14.073819742489272,0.6746781115879829
dish_1559846528,267.0,322.726,17.159,40.51,9.187999999999999,3,120.87116104868913,6.426591760299625,15.172284644194756,3.441198501872659
dish_1559846585,201.0,114.972,0.201,30.552,0.804,1,57.199999999999996,0.1,15.2,0.4
dish_1559846688,73.0,82.832445292,7.752181085999999,3.110636978,1.291914031,9,113.46910313972603,10.619426145205479,4.26114654520548,1.7697452479452054
dish_1559846825,95.0,252.7,9.215,31.35,10.45,1,265.99999999999994,9.700000000000001,33.0,10.999999999999998
dish_1559848857,53.0,28.09,0.159,6.89,0.424,1,53.0,0.3,13.0,0.8
dish_1559848882,254.0,143.06199999999998,0.36,37.442,1.228,2,56.32362204724409,0.14173228346456693,14.740944881889764,0.48346456692913387
dish_1559848929,321.0,189.292,0.494,49.502,1.697,3,58.96947040498443,0.15389408099688473,15.421183800623053,0.5286604361370717
dish_1559849020,67.0,46.23,0.134,12.06,0.469,1,69.0,0.2,18.000000000000004,0.7
dish_1559849053,125.0,381.528,28.844,25.226,13.461,2,305.22240000000005,23.075200000000002,20.180799999999998,10.7688
dish_1559849097,325.0,495.928,29.044,55.626,14.261000000000001,3,152.59323076923076,8.936615384615385,17.115692307692306,4.388
dish_1559849412,61.0,352.641,30.195,13.847,13.664,1,578.1,49.5,22.7,22.400000000000002
dish_1559849466,262.0,467.613,30.396,44.399,14.468,2,178.47824427480916,11.601526717557253,16.94618320610687,5.522137404580152
dish_1559849497,340.0,521.433,30.552,58.439,15.014,3,153.3626470588235,8.985882352941177,17.187941176470588,4.415882352941177
dish_1559849537,393.0,549.523,30.711,65.329,15.437999999999999,4,139.82773536895675,7.814503816793892,16.623155216284985,3.92824427480916
dish_1559850283,47.0,271.707,23.265,10.669,10.528,1,578.1,49.5,22.7,22.400000000000002
dish_1559850314,100.0,296.617,23.318,17.029,11.005,2,296.617,23.318,17.029,11.005
dish_1559850338,130.0,307.117,23.438,19.129,11.725,3,236.24384615384616,18.029230769230768,14.714615384615385,9.019230769230768
dish_1559925037,10.0,54.1,4.2,0.14,3.7,1,541.0,42.00000000000001,1.4000000000000001,37.0
dish_1559925083,81.0,125.13550000000001,4.271,16.967,4.623,3,154.4882716049383,5.272839506172839,20.94691358024691,5.707407407407407
dish_1559925174,155.0,88.35,0.465,21.7,1.085,1,56.99999999999999,0.3,13.999999999999998,0.7000000000000001
dish_1559932674,124.0,58.28,0.124,14.88,1.116,1,47.0,0.1,12.000000000000002,0.9000000000000001
dish_1559933793,111.000005,56.67690338,1.4201993560000001,9.842956203,3.7163839519999997,4,51.0602710153031,1.2794588216459992,8.867527711372626,3.3480934996354272
dish_1559933818,154.000003,115.066797656,6.580434164,12.201209762999998,5.034659511999999,11,74.71869832106432,4.27300911416216,7.922863328126038,3.2692593596897526
dish_1559933834,458.000019,775.029309745,51.820780055,22.731770102,54.541296379,22,169.2203662867097,11.31458032865278,4.963268375322928,11.908579501390806
dish_1559934477,57.0,25.08,1.197,2.451,1.824,1,43.99999999999999,2.1,4.300000000000001,3.2
dish_1559934645,56.0,24.64,1.176,2.408,1.792,1,44.0,2.0999999999999996,4.3,3.2
dish_1559934679,146.00000599999998,160.84549064499998,7.257577403,4.51815396,18.901001176,13,110.16813974993947,4.970943222426992,3.094625872823595,12.945890684415454
dish_1559934708,178.00000599999998,202.445490645,7.353577403,13.47815396,19.765001176000002,14,113.73341787696344,4.131223120857648,7.571996351505741,11.10393287065395
dish_1560203400,104.0,293.28,12.48,33.28,12.48,1,282.0,12.000000000000002,32.0,12.000000000000002
dish_1560203424,138.0,451.75399999999996,22.272,50.212,14.588000000000001,2,327.3579710144927,16.139130434782608,36.38550724637681,10.571014492753623
dish_1560270537,48.0,24.0,0.048,6.24,0.24,1,50.0,0.1,13.0,0.5
dish_1560270585,114.0,43.8,0.18,11.256,0.636,2,38.421052631578945,0.15789473684210525,9.873684210526317,0.5578947368421053
dish_1560270630,215.0,120.56,0.18,29.436,1.646,3,56.074418604651164,0.08372093023255814,13.691162790697675,0.7655813953488372
dish_1560356314,27.000001,30.544938243,2.913617255,0.94852952,0.575823583,9,113.12939671002233,10.791174618845384,3.5130721661825124,2.132679858048894
dish_1560356337,119.000001,144.716938243,3.0976172550000003,27.99652952,2.047823583,10,121.61087145116913,2.603039688209751,23.52649519725634,1.7208601393205032
dish_1560356355,148.000001,301.606938243,15.277617255000001,28.402529519999998,12.777823583,11,203.78847040886168,10.322714291738418,19.190898194656093,8.633664524772538
dish_1560356523,92.0,497.72,38.64,1.288,34.04,1,541.0,42.0,1.4000000000000001,37.0
dish_1560356566,213.0,676.8000000000001,51.95,3.224,46.14,2,317.7464788732395,24.389671361502348,1.5136150234741785,21.661971830985916
dish_1560356627,301.0,980.048,75.974,6.92,63.124,3,325.59734219269103,25.240531561461793,2.299003322259136,20.97142857142857
dish_1560357267,383.0,566.84,42.13,6.128,38.3,1,148.0,11.0,1.6,10.0
dish_1560357297,492.0,942.454,71.887,10.706,59.336999999999996,2,191.55569105691055,14.611178861788618,2.1760162601626014,12.060365853658537
dish_1560357427,241.0,93.749,0.241,21.931,1.205,1,38.9,0.1,9.1,0.5
dish_1560357792,50.0,145.15,7.15,16.35,3.95,1,290.3,14.3,32.7,7.9
dish_1560357832,82.000001,181.35141051,10.603176237,17.474183185,4.632457571,10,221.1602540224359,12.930702570357285,21.309979234024645,5.649338432325141
dish_1560360030,131.0,193.88,14.41,2.096,13.1,1,148.0,11.0,1.6,10.0
dish_1560360055,180.0,362.73400000000004,27.787,4.154,22.557000000000002,2,201.51888888888888,15.437222222222221,2.3077777777777775,12.531666666666668
dish_1560360102,248.0,401.494,27.991,13.674,23.033,3,161.89274193548388,11.286693548387097,5.513709677419355,9.2875
dish_1560360112,248.0,401.494,27.991,13.674,23.033,3,161.89274193548388,11.286693548387097,5.513709677419355,9.2875
dish_1560360148,317.000001,587.7940025,33.511000015,41.48100049,29.463800101,5,185.4239749671168,10.571293346778255,13.085489072285522,9.294574135032889
dish_1560366389,38.0,46.909071449,4.4574835440000005,1.529993941,0.911942762,9,123.44492486578949,11.730219852631581,4.026299844736842,2.399849373684211
dish_1560366410,96.0,58.741071448999996,4.515483544,3.791993941,2.187942762,10,61.18861609270832,4.703628691666667,3.9499936885416664,2.2791070437500003
dish_1560366438,136.000001,71.933229705,4.986071918,6.105719474,2.580099632,11,52.892080276528816,3.66622932451302,4.489499580224267,1.897132068403441
dish_1560366460,254.999999,330.74091753100004,20.443512787,9.966404217000001,27.040802085,21,129.70232110902873,8.017063869478681,3.9083938259152706,10.604236153349946
dish_1560366963,42.0,7.56,0.084,1.638,0.378,1,18.0,0.2,3.9,0.8999999999999999
dish_1560366998,131.0,39.6,0.173,9.648,0.823,2,30.22900763358779,0.13206106870229006,7.364885496183206,0.6282442748091602
dish_1560367085,183.0,77.56,2.669,10.636,4.9830000000000005,3,42.38251366120219,1.4584699453551913,5.812021857923496,2.7229508196721315
dish_1560367116,211.000001,108.4099721748,6.256616399,12.151616502,9.205685081199999,10,51.379133488629705,2.9652210281269147,5.759059926260379,4.362883904062161
dish_1560367153,254.000001,117.1819721748,6.2996163990000005,13.828616502,10.1516850812,11,46.13463453285577,2.4801639268497486,5.444337184077412,3.996726394186117
dish_1560367193,317.000001,131.0419721748,6.488616399,15.907616502,12.1046850812,12,41.33816143893325,2.046882138337911,5.018175536851182,3.8185126318658904
dish_1560367258,341.000002,157.9917423748,8.974910959,17.011692512,12.4795855962,16,46.331888987730856,2.6319386822173687,4.988766103291694,3.6597024994152343
dish_1560367296,362.000002,184.3833319508,11.224782386,18.36001597,13.0268517452,21,50.934621804449606,3.100768597785809,5.071827588000953,3.5985778102841004
dish_1560367333,427.000002,291.63333195079997,13.564782386000001,18.36001597,33.1768517452,22,68.29820388403651,3.1767640099449,4.299769527869931,7.769754470680307
dish_1560367676,197.99999799999998,430.62120204200005,25.719104044999998,6.423660298000001,40.699320204,14,217.48545777359053,12.989446618580269,3.244272910548212,20.555212431870835
dish_1560367698,294.999998,556.721202042,26.010104045,33.583660298,43.318320204,15,188.71905281911222,8.816984481810064,11.384291703622315,14.68417643989272
dish_1560367715,304.999998,597.531202042,26.680104045,40.813660298,44.518320204,16,195.91187080663522,8.74757515408246,13.381528054305104,14.596170654401119
dish_1560367733,387.999998,661.441202042,26.763104045000002,54.923660298,46.178320204,17,170.4745374874976,6.897707263647976,14.155582623997848,11.901628979905304
dish_1560367904,69.0,76.0231484492,8.840912122999999,3.7349119280000003,10.4059022128,7,110.17847601333332,12.812916120289852,5.41291583768116,15.081017699710145
dish_1560367926,194.0,408.5231484492,20.965912123,44.984911927999995,24.1559022128,8,210.57894249958764,10.80717119742268,23.188098931958763,12.451495985979381
dish_1560367952,221.0,414.7331484492,21.073912123,45.956911928000004,24.9389022128,9,187.66205812180993,9.535706842986425,20.79498277285068,11.284571137013574
dish_1560367980,254.0,421.4651484492,21.106912123,47.243911928,25.664902212799998,10,165.93116080677166,8.309807922440946,18.599965325984254,10.104292209763779
dish_1560368019,300.999999,436.9659296492,21.659852983,49.962539298,26.125686512799998,11,145.1714056813668,7.195964470086261,16.598850320261963,8.679630099533654
dish_1560368110,89.0,16.02,0.178,3.471,0.801,1,18.0,0.2,3.9,0.9000000000000001
dish_1560368138,123.0,23.5,0.27999999999999997,4.593,1.855,2,19.10569105691057,0.2276422764227642,3.7341463414634144,1.508130081300813
dish_1560368162,178.000002,41.6392188,0.92705914,7.77437263,2.3942157,5,23.392819287721135,0.5208197357211266,4.3676250239592695,1.3450649848869103
dish_1560368395,137.0,49.32,0.137,12.33,0.685,1,36.0,0.1,9.0,0.5
dish_1560368464,274.999998,349.449927112,18.062436228,16.807096306,29.051192594,15,127.07270169216511,6.568158676132063,6.111671428448519,10.564070111011418
dish_1560368506,377.999997,462.9337581096,31.259739783,22.38239972,44.5846403794,18,122.46924914912101,8.269772494998193,5.921269814189971,11.794878500858824
dish_1560368570,451.999996,555.9327152936,39.187860508,27.133635029,46.5131021474,24,122.99396464897315,8.66988072008744,6.003016652460325,10.290509415712473
dish_1560368691,112.000001,140.755180167,11.999318117999998,7.191058752,2.91875289,9,125.67426688415833,10.7136767954136,6.420588114101893,2.6060293428033092
dish_1560368712,142.000001,146.875180167,12.029318117999999,8.361058752,3.57875289,10,103.43322474131531,8.471350727666543,5.888069502196694,2.5202484963362783
dish_1560368738,225.000002,174.248901815,13.00578822,13.162039261,4.3924784,11,77.44395567383151,5.780350268619109,5.849795175112932,1.9522126048692214
dish_1560368764,270.000002,207.098901815,15.16578822,14.017039261,7.9924783999999995,12,76.70329640034595,5.616958558392899,5.191495984137067,2.9601771632579466
dish_1560368815,442.000005,400.33764991500004,33.12727072,21.281317971,11.468402398,16,90.57412791545106,7.494857544175819,4.814777767027401,2.5946611466667293
dish_1560368944,66.000001,143.540401724,8.573034539,2.141220277,13.566440451,14,217.4854538623416,12.989446074402334,3.244273097814044,20.555212493102843
dish_1560368972,107.000001,196.840401724,8.696034539,13.621220276999999,14.673440451,15,183.9629905461403,8.127135007223037,12.730112289438203,13.713495620434621
dish_1560368990,119.00000100000001,211.92131590900001,9.981675961999999,14.391690917000002,14.986163985999998,21,178.08513792281394,8.387962922790226,12.09385781181632,12.593415008458694
dish_1560369008,146.000001,223.80131590899998,10.548675961999999,15.552690917,15.850163986,22,153.28857149048923,7.225120472430681,10.652527952379945,10.856276628381668
dish_1560369080,49.000001,55.050575703,5.116934238,2.06947469,0.990234148,8,112.34811138677325,10.442722721577088,4.22341764850168,2.0208859750839596
dish_1560369102,121.000001,69.738575703,5.188934238,4.87747469,2.574234148,9,57.6351860550811,4.288375367864666,4.03097078486801,2.1274662204341634
dish_1560369122,183.000001,92.058575703,5.250934237999999,10.45747469,2.884234148,10,50.30523234969818,2.86936295590512,5.714467012489251,1.5760842252672995
dish_1560369146,358.999997,474.832974887,28.112360189,16.167394647,39.061407079,20,132.26545372004557,7.830741065159395,4.503452585544172,10.880614876161127
dish_1560369255,61.000001,132.666129124,7.9235622900000005,1.979006567,12.538679795,14,217.4854540149926,12.98944616410744,3.2442730074709347,20.555212441717828
dish_1560369273,220.999996,308.9516869632,28.424227665,10.639671605,36.668307122799995,17,139.79714595252753,12.861641710165461,4.814331130123641,16.59199447352026
dish_1560369294,341.999996,333.6356869632,28.545227665000002,15.358671605,39.3303071228,18,97.5542955746701,8.346557894404185,4.490839703109236,11.50008993649228
dish_1560369313,386.999996,392.1356869632,28.680227665,27.958671605,40.5453071228,19,101.32705194219173,7.410911617942238,7.224463021699876,10.476823654230733
dish_1560369403,404.999988,411.9678025652,30.986551085999995,28.932996775,43.2598887508,19,101.72044809176637,7.651000494844458,7.143950032660248,10.681454329030746
dish_1560369421,410.999988,413.9466302692,31.057139792,29.280055602,43.3187122808,20,100.71694461197893,7.556481921843755,7.124101327710989,10.539832979459844
dish_1560370114,39.0,7.956,0.039,1.521,0.858,1,20.400000000000002,0.1,3.9,2.1999999999999997
dish_1560370137,104.000002,89.644273763,7.002889736,5.694382634,2.551919224,10,86.19641542218433,6.7335476935856216,5.475367812012158,2.4537684374275304
dish_1560370804,6.0,25.134,0.426,4.74,0.474,1,418.9,7.1,79.0,7.9
dish_1560370833,99.0,177.003,5.913,27.525,4.287,2,178.79090909090905,5.9727272727272736,27.8030303030303,4.33030303030303
dish_1560441247,17.0,2.21,0.034,0.374,0.255,1,13.0,0.2,2.1999999999999997,1.5
dish_1560441270,46.0,24.54,0.063,5.303999999999999,0.835,2,53.347826086956516,0.13695652173913042,11.530434782608694,1.815217391304348
dish_1560441288,72.0,165.2,10.983,5.667999999999999,10.454999999999998,3,229.44444444444443,15.254166666666668,7.872222222222221,14.52083333333333
dish_1560441311,93.0,190.4,11.382000000000001,10.078,11.379,4,204.73118279569894,12.238709677419356,10.836559139784946,12.235483870967743
dish_1560441339,154.0,280.68,18.092,11.054,17.479,5,182.25974025974025,11.748051948051948,7.177922077922077,11.35
dish_1560441464,50.0,28.5,0.15,7.0,0.35,1,56.99999999999999,0.3,14.000000000000002,0.7
dish_1560441487,88.0,41.42,0.22599999999999998,10.04,0.6539999999999999,2,47.06818181818182,0.2568181818181818,11.409090909090908,0.743181818181818
dish_1560441511,123.0,51.92,0.296,12.7,0.8639999999999999,3,42.21138211382114,0.24065040650406502,10.32520325203252,0.7024390243902439
dish_1560441529,152.0,66.42,0.325,16.47,1.009,4,43.69736842105264,0.21381578947368424,10.835526315789473,0.6638157894736841
dish_1560442226,147.0,83.79,0.441,20.58,1.029,1,57.00000000000001,0.3,13.999999999999998,0.7
dish_1560442258,185.0,289.37,16.401,21.112,15.089,2,156.4162162162162,8.865405405405404,11.41189189189189,8.156216216216217
dish_1560442279,222.0,333.77000000000004,17.104,28.881999999999998,16.717,3,150.34684684684686,7.704504504504504,13.009909909909908,7.53018018018018
dish_1560442303,297.0,444.77,25.354,30.081999999999997,24.217,4,149.75420875420875,8.536700336700337,10.128619528619527,8.153872053872053
dish_1560442374,233.0,90.637,0.233,21.203,1.165,1,38.9,0.1,9.1,0.5
dish_1560442450,149.0,87.761,0.596,5.364,14.9,1,58.9,0.4,3.5999999999999996,10.0
dish_1560443437,204.0,116.28,0.612,28.56,1.428,1,56.99999999999999,0.3,13.999999999999998,0.7
dish_1560443474,317.0,172.78,0.725,43.25,1.9929999999999999,2,54.50473186119874,0.2287066246056782,13.643533123028392,0.6287066246056782
dish_1560443537,411.0,237.64,0.913,60.17,2.651,3,57.819951338199516,0.22214111922141122,14.639902676399027,0.6450121654501216
dish_1560443565,475.0,260.68,0.977,65.93,2.971,4,54.88000000000001,0.20568421052631577,13.88,0.6254736842105263
dish_1560443607,706.0,380.8,1.439,67.547,26.071,5,53.93767705382436,0.2038243626062323,9.567563739376771,3.6927762039660057
dish_1560444570,114.0,168.72,12.54,1.824,11.4,1,148.0,10.999999999999998,1.6,10.0
dish_1560444592,175.0,244.421,12.661999999999999,19.758000000000003,12.376000000000001,2,139.66914285714284,7.235428571428571,11.290285714285716,7.072000000000001
dish_1560444616,240.0,265.871,12.857,24.958000000000002,12.831,3,110.77958333333333,5.357083333333333,10.399166666666668,5.3462499999999995
dish_1560444637,285.0,509.32099999999997,31.756999999999998,25.588,29.480999999999998,4,178.70912280701754,11.14280701754386,8.978245614035089,10.34421052631579
dish_1560444701,170.0,51.0,0.34,12.92,1.02,1,30.0,0.2,7.6,0.6
dish_1560444724,343.0,113.28,0.513,28.490000000000002,1.885,2,33.0262390670554,0.14956268221574345,8.306122448979593,0.5495626822157434
dish_1560444756,418.0,150.78,0.5880000000000001,38.24,2.26,3,36.07177033492823,0.14066985645933017,9.148325358851675,0.5406698564593301
dish_1560444785,448.0,313.08000000000004,13.187999999999999,38.66,13.36,4,69.88392857142858,2.9437499999999996,8.629464285714285,2.982142857142857
dish_1560444815,571.0,495.12,26.718,40.628,25.66,5,86.71103327495622,4.679159369527145,7.1152364273204896,4.493870402802102
dish_1560444869,39.0,14.04,0.039,3.51,0.195,1,36.0,0.1,9.0,0.5
dish_1560444892,90.0,39.54,0.09,10.14,0.45,2,43.93333333333333,0.1,11.266666666666667,0.5
dish_1560444914,166.0,62.34,0.242,15.916,0.906,3,37.55421686746988,0.14578313253012049,9.587951807228915,0.5457831325301205
dish_1560444931,200.0,112.66,3.982,16.46,4.306,4,56.330000000000005,1.991,8.23,2.153
dish_1560444948,231.000002,171.316884074,10.029442228999999,17.637624454,4.611490965,12,74.16315263668267,4.341749845093075,7.635335195365064,1.99631641778081
dish_1560444967,252.000002,197.377884074,10.071442229,23.811624454,4.947490965,13,78.32455655059877,3.9966040274079044,9.449057248023356,1.9632900498945234
dish_1560444985,264.000002,198.937884074,10.095442229,24.075624454,5.127490965,14,75.35525854806623,3.824031118378552,9.119554648336708,1.9422314114224892
dish_1560445004,290.000002,339.597884074,21.015442228999998,24.439624454,14.747490964999999,15,117.10271783860193,7.24670416691928,8.427456650155472,5.085341676997643
dish_1560445069,243.0,94.527,0.243,22.113,1.215,1,38.9,0.1,9.1,0.5
dish_1560453132,107.999997,142.09025419900001,12.929941951,5.810330094999999,2.847844632,9,131.5650538388441,11.972168805708394,5.3799354225907985,2.636893251024813
dish_1560453150,140.999997,152.320254199,12.962941951000001,8.120330095,3.441844632,10,108.02855137578477,9.19357604738105,5.759099480690059,2.441024613638821
dish_1560453174,255.99999300000002,329.716278428,18.145133585,10.521853854,32.137599847000004,20,128.7954247826874,7.087943000451566,4.110099274104276,12.553750283500985
dish_1560453275,60.000001,92.554446577,2.703751741,1.252968984,14.971698979000001,14,154.25740839070986,4.506252826562453,2.0882816051953066,24.95283121578615
dish_1560453294,138.000001,115.954446577,2.781751741,5.6989689839999995,16.219698979,15,84.02496067880463,2.015762116552448,4.129687639639944,11.753404972076776
dish_1560453328,264.000002,340.10837965700006,14.154275205,10.659495136,39.618752414999996,18,128.82893071228085,5.361467840064638,4.037687520926609,15.007103073809825
dish_1560453356,408.000002,389.06837965700004,15.162275205,20.451495136,40.626752415,19,95.35989650730444,3.7162439045772357,5.012621332291071,9.95753730780619
dish_1560453380,480.000002,411.38837965700003,15.234275205,25.491495136,41.922752415,20,85.70591207143372,3.1738073211508024,5.3107281312053,8.733906716733722
dish_1560453412,631.000002,591.078379657,15.838275205,63.241495136,49.472752415,21,93.67327698629707,2.5100277582883432,10.022423920055708,7.840372782597868
dish_1560454488,42.000002,48.2440019,4.500725633,1.8938432790000002,0.635490236,9,114.86666572063496,10.716012901618432,4.509150449564264,1.5130719184251467
dish_1560454513,62.000002,54.4440019,4.520725633,3.293843279,0.995490236,10,87.81290345764829,7.29149272124217,5.312650278624184,1.6056293611087302
dish_1560454539,119.000002,122.2740019,4.748725633,17.543843279,3.845490236,11,102.7512603739284,3.990525674949149,14.742725196760922,3.231504345689003
dish_1560454562,298.999992,318.821912289,26.924076175,24.928851221000002,26.887256456,20,106.62940495630515,9.00470799176476,8.337408658191537,8.992393704144312
dish_1560454970,55.0,9.9,0.11,2.145,0.495,1,18.0,0.2,3.9,0.8999999999999999
dish_1560455000,84.0,12.8,0.11,2.725,0.7849999999999999,2,15.238095238095239,0.13095238095238096,3.2440476190476195,0.9345238095238094
dish_1560455030,103.0,20.59,0.148,4.625,0.956,3,19.990291262135923,0.1436893203883495,4.490291262135923,0.9281553398058253
dish_1560455059,134.0,25.55,0.21,5.679,1.173,4,19.06716417910448,0.15671641791044777,4.238059701492538,0.8753731343283583
dish_1560455090,155.0,60.2,0.9660000000000001,5.679,7.683,5,38.83870967741936,0.623225806451613,3.6638709677419357,4.956774193548387
dish_1560455158,55.000001,69.120848386,5.8925224300000005,3.531323442,1.433316153,9,125.6742675077406,10.713676950660421,6.420587959625674,2.606029321708558
dish_1560455179,150.000001,103.32084838600001,5.98752243,12.081323442,1.9083161530000001,10,68.8805651314629,3.99168159338879,8.05421557430523,1.2722107601852617
dish_1560455203,188.000001,115.100848386,6.0255224300000005,14.741323442,2.592316153,11,61.223855198809275,3.205065105292207,7.841129448717397,1.3788915634101513
dish_1560455224,244.000001,181.740848386,6.249522430000001,28.741323442000002,5.3923161529999994,12,74.48395395129528,2.561279673929182,11.779230870576923,2.2099656274181734
dish_1560455263,360.000009,360.679453144,11.476776102,31.163730435,34.337601903,24,100.1887344797261,3.187993281966835,8.656591571085212,9.538222512377772
dish_1560455343,41.0,53.941674375000005,4.908589457,2.205773543,1.0811262529999999,9,131.56505945121953,11.972169407317072,5.379935470731707,2.6368932999999997
dish_1560455380,78.0,60.971674375000006,4.982589457,3.574773543,1.747126253,10,78.16881330128206,6.387935201282052,4.583043003846154,2.2399054525641025
dish_1560455399,149.000001,138.498910538,13.729533755,6.487749196,10.835823433,20,92.95228832783698,9.214452122721799,4.354194062052389,7.272364671326412
dish_1560455421,189.000001,180.938910538,14.689533755000001,15.287749196,12.075823433,21,95.73487279399538,7.7722400408876195,8.088756145562137,6.389324533918918
dish_1560455442,293.000001,457.578910538,24.777533755,49.607749196,23.515823433,22,156.17027610112535,8.45649613325428,16.930972364058114,8.02587827738608
dish_1560456305,21.0,26.391598136,2.249872423,1.348323405,0.547266127,9,125.67427683809522,10.713678204761903,6.420587642857142,2.606029176190476
dish_1560456326,138.000004,206.87277625800002,7.522188789,3.791612791,29.742080001999998,21,149.90780453745495,5.450861283308369,2.7475454210856403,21.55223126080489
dish_1560456348,149.00000400000002,210.282776258,7.533188789,4.561612791,29.940080002,22,141.1293762502181,5.055831266286408,3.061485012443355,20.09401288472448
dish_1560456370,186.00000400000002,258.382776258,7.644188789,14.921612791,30.939080002,23,138.91546811902217,4.1097788304348635,8.022372295755433,16.633913621851317
dish_1560456794,187.999997,205.283377802,23.160922112999998,7.713231015,24.065845614999997,14,109.19328780733967,12.319639618398504,4.1027825202571675,12.800981914377369
dish_1560456814,282.999997,318.333377802,23.540922113,31.463231015,28.815845615,15,112.48529370196422,8.318347124576118,11.11774959312102,10.182277710412837
dish_1560456833,377.999997,351.58337780200003,23.920922113,38.113231015000004,31.095845614999998,16,93.01147634718103,6.328286323504918,10.08286542790634,8.226414249151436
dish_1560456853,500.999997,405.703377802,26.503922113,43.402231015,35.031845615,17,80.9787186090542,5.290204046248727,8.663120014948822,6.992384396161983
dish_1560526408,51.00000000000001,67.09817806999999,6.105806249,2.7437669400000004,1.344815433,9,131.56505503921565,11.972169115686272,5.379935176470588,2.6368930058823525
dish_1560526447,70.00000299999999,88.592766609,8.156129685,3.411250838,1.750024681,13,126.5610897316676,11.651613336359429,4.87321527400506,2.500035151427065
dish_1560526472,114.00000299999999,113.67276660899999,8.288129685,9.571250838000001,2.058024681,14,99.71295054176446,7.270289006045026,8.395833847478059,1.805284760387243
dish_1560526490,170.000003,141.672766609,8.344129684999999,16.851250838,2.3380246810000003,15,83.33692006405437,4.908311492794502,9.9125003180147,1.3753086116122013
dish_1560526514,224.000003,183.252766609,8.398129685,26.031250838000002,3.4180246810000003,16,81.80926971192942,3.7491649877343978,11.621093968467493,1.5259038550102164
dish_1560526530,242.000003,245.28076660899998,13.312129684999999,26.787250838,6.8920246810000005,17,101.35568742492949,5.500879966931239,11.069111779308532,2.84794404775276
dish_1560526552,319.000003,359.240766609,21.782129685,28.019250837999998,14.592024681000002,18,112.61465931992483,6.828253755533664,8.783464129936073,4.5743023648184735
dish_1560527070,69.0,53.13,0.069,11.73,1.38,1,77.0,0.1,17.0,1.9999999999999998
dish_1560527105,104.000002,92.725296734,3.845912049,12.959575174000001,2.1264379489999996,10,89.15893745271273,3.6979922836924564,12.461129735362892,2.0446518347182336
dish_1560527140,138.000002,276.665296734,18.125912049,13.435575174,14.706437949,11,200.48209617707107,13.134718685728716,9.735923898030089,10.656838939031319
dish_1560527168,219.000002,322.835296734,18.368912049,24.775575174,15.273437949,12,147.41337615786873,8.38763099600337,11.31304792134203,6.974172515760982
dish_1560527191,318.000002,663.989296734,45.395912049,28.933575174,34.380437949,13,208.80166432640465,14.275443950783373,9.098608488059066,10.811458406531708
dish_1560527225,503.000002,937.789296734,65.745912049,31.893575174,52.880437949,14,186.43922326147427,13.070757810653049,6.340670983536099,10.513009490803142
dish_1560527745,149.0,87.761,0.596,5.364,14.9,1,58.9,0.4,3.5999999999999996,10.0
dish_1560527950,77.0,23.1,0.154,5.852,0.462,1,30.000000000000004,0.2,7.6,0.6
dish_1560529804,51.0,15.3,0.102,3.876,0.306,1,30.0,0.2,7.6,0.6
dish_1560529825,117.0,52.92,0.3,13.116,0.768,2,45.230769230769226,0.2564102564102564,11.21025641025641,0.6564102564102564
dish_1560529844,168.0,91.67999999999999,0.3,22.296,1.278,3,54.57142857142857,0.17857142857142858,13.27142857142857,0.7607142857142858
dish_1560539314,157.999997,165.738339754,18.348403927,6.32758636,20.611413122,12,104.89768538033579,11.612914098346469,4.004801569711422,13.04519842617465
dish_1560539340,227.999997,196.538339754,19.818403927000002,9.33758636,22.851413122,13,86.20102734211878,8.692282538494945,4.095432667922359,10.022549746787936
dish_1560539368,313.999992,238.814511684,20.835884433,17.820640744,23.615504267,14,76.0555789071485,6.635632154092538,5.675363438862762,7.520861423142964
dish_1560539396,416.999992,384.04451168400004,27.839884432999998,36.360640744,25.778504267,15,92.09700696684907,6.67623140697806,8.719578283349223,6.181895626271379
dish_1560541680,77.00000299999999,95.05257957799999,9.032267773,3.100251101,1.847884026,9,123.44490373331544,11.730217429991528,4.026299974300001,2.399849290914963
dish_1560541706,140.000003,110.802579578,9.221267773,6.250251101,2.981884026,10,79.14469800261362,6.5866196967152915,4.4644649764757505,2.12991711578749
dish_1560541760,372.000006,465.583755108,16.740324498,13.392922492999999,63.606737509999995,19,125.156921397469,4.500087158063111,3.6002479239207323,17.098585076366906
dish_1560541793,462.000008,509.826270808,17.805130574,22.270538129,64.406367824,20,110.35200475754105,3.853924299932047,4.820462715013632,13.940772014878409
dish_1560543465,77.0,33.88,1.617,3.311,2.464,1,44.00000000000001,2.1,4.3,3.2
dish_1560543505,172.0,66.18,2.282,9.771,3.129,2,38.47674418604651,1.3267441860465117,5.680813953488373,1.8191860465116279
dish_1560543525,187.0,83.43,3.887,10.716000000000001,3.249,3,44.61497326203209,2.078609625668449,5.73048128342246,1.737433155080214
dish_1560543557,191.0,87.87,3.923,11.636,3.3529999999999998,4,46.00523560209424,2.053926701570681,6.092146596858639,1.7554973821989526
dish_1560543583,350.0,254.65731820000002,22.387533427,18.003634214999998,24.094865692,16,72.75923377142858,6.396438122,5.143895489999999,6.884247340571428
dish_1560543605,500.999997,485.57091866,27.281401392,22.652527866,63.55328296900001,25,96.92034362626953,5.4453895320083205,4.521462674978818,12.685286097716286
dish_1560543625,553.999997,560.30091866,30.885401392000002,32.192527866,64.66628296900001,26,101.13735048630335,5.5749822309114565,5.8109256390483335,11.672614317541234
dish_1560543682,86.0,121.26,5.848,15.48,1.806,1,141.0,6.800000000000001,18.0,2.1
dish_1560543704,161.0,140.01,6.0729999999999995,19.23,3.156,2,86.96273291925465,3.7720496894409936,11.944099378881988,1.960248447204969
dish_1560543729,213.000003,219.52992033,7.758306001,20.830943708,16.744329164,14,103.06568884414524,3.6423971322667072,9.779785640660297,7.8611872902180195
dish_1560543755,263.999999,257.92492566,8.887801848,27.355256517,17.404502615,19,97.69883584734407,3.36659162184315,10.36183962902212,6.592614651865963
dish_1560787696,7.0,37.87,2.94,0.098,2.59,1,540.9999999999999,42.0,1.4000000000000001,37.0
dish_1560787754,68.0,72.64,3.1229999999999998,8.638,3.017,2,106.82352941176472,4.592647058823529,12.702941176470588,4.436764705882353
dish_1560787781,97.0,108.62899999999999,3.181,17.164,3.481,3,111.98865979381442,3.279381443298969,17.694845360824743,3.5886597938144327
dish_1560787817,165.000002,292.22900500000003,8.621000030000001,44.56800098,9.818600201999999,5,177.10848573201838,5.224848439698808,27.010909357443524,5.950666716961615
dish_1560788338,121.0,71.269,0.484,4.356,12.1,1,58.900000000000006,0.4,3.5999999999999996,10.0
dish_1560788349,134.0,78.926,0.536,4.824,13.4,1,58.9,0.4,3.5999999999999996,10.0
dish_1560788384,242.0,111.19900000000001,0.847,14.036,12.947,2,45.95000000000001,0.35000000000000003,5.8,5.35
dish_1560798656,108.0,287.172,10.152,36.18,12.096,1,265.90000000000003,9.399999999999999,33.5,11.200000000000001
dish_1560798707,139.0,298.02200000000005,10.276,38.35,12.84,2,214.40431654676263,7.392805755395683,27.58992805755396,9.237410071942447
dish_1560798744,220.0,357.15200000000004,14.164,39.889,19.32,3,162.3418181818182,6.438181818181818,18.131363636363638,8.781818181818183
dish_1560798785,310.0,379.65200000000004,14.434,44.388999999999996,20.94,4,122.46838709677421,4.656129032258064,14.319032258064516,6.75483870967742
dish_1560798815,340.999998,404.963844008,15.423537569999999,46.987759282,22.861873542,8,118.75772621206877,4.52303157198259,13.77940162979121,6.704361781843765
dish_1560798854,371.999998,455.5067145080001,19.443831159,50.67368853799999,23.491777599000002,16,122.44804219273142,5.226836361165786,13.621959357644942,6.314994012177387
dish_1560798928,398.999998,485.03823162400005,21.990239315,52.308962991,23.906651935,23,121.56346718177178,5.511338201811219,13.11001585293241,5.991642119005725
dish_1560798960,428.999997,493.720845934,22.374949597,53.315128187,24.172989781000002,24,115.08644507846,5.215606003139436,12.427768895065983,5.634729592084357
dish_1560799113,37.0,98.42,3.589,12.21,4.07,1,266.0,9.700000000000001,33.0,11.000000000000002
dish_1560799277,73.0,111.02,3.733,14.73,4.934,2,152.08219178082192,5.1136986301369864,20.17808219178082,6.758904109589041
dish_1560799368,53.000001999999995,108.403077857,6.012894407999999,1.962151239,10.82052861,10,204.53410144588298,11.345083360562892,3.7021720093519996,20.41609094656261
dish_1560799407,122.000007,220.90174013700002,14.961290709999998,10.166318083,12.222573480000001,16,181.06698972320552,12.263352337348636,8.333047130890739,10.01850227762692
dish_1560799558,74.0,196.84,7.178,24.42,8.14,1,266.0,9.700000000000001,33.0,11.000000000000002
dish_1560799590,162.999999,298.019368599,16.460996046,28.491785134,9.947557618000001,9,182.833969587325,10.098770642323746,17.47962288883204,6.102796122103045
dish_1560799615,282.999994,332.749816794,17.999836171,32.516445884,11.012908993,10,117.57944305610127,6.360366273011298,11.489910449962764,3.8914873591834773
dish_1560799647,473.999992,723.409950741,39.668945312,39.587592477,50.00764451199999,17,152.618135643555,8.368975945467948,8.351812899819627,10.550136151057147
dish_1560800836,170.0,479.4,20.4,54.4,20.4,1,282.0,12.0,32.0,12.0
dish_1560800918,39.999999,70.825641386,3.925040772,7.729096011,1.983561632,8,177.0641078916027,9.812602175315053,19.32274051056851,4.958904203972605
dish_1560800951,167.999999,102.825641386,4.309040772,14.129096011,4.287561632,9,61.20573928455797,2.5649052366958647,8.410176247084381,2.55212003423881
dish_1560800988,229.999997,314.865634546,5.115040746,61.249094490999994,11.727561392,9,136.8981037621492,2.2239307881382278,26.63004143039184,5.098939802160085
dish_1560801020,249.999998,346.33997224200004,5.898490917,61.69098358,17.0953645,16,138.53599000508794,2.359396385675171,24.67639362941115,6.838145854705166
dish_1560801041,291.999997,432.244287692,10.66342523,63.245895377,25.670122835,22,148.02886716878973,3.651857992998541,21.65955343383103,8.791138047511692
dish_1560801773,54.0,13.5,0.162,2.7,0.972,1,25.0,0.3,5.0,1.7999999999999998
dish_1560801797,95.999999,25.65565658,0.700593996,4.108631288,1.344872988,4,26.724642549215023,0.7297854201019315,4.279824302914836,1.400909377092806
dish_1560801829,177.999999,256.89565658000004,10.540593996,30.348631287999996,11.184872987999999,5,144.32340338383935,5.921682053492596,17.049792954212318,6.283636545413687
dish_1560801859,261.999996,428.704295969,20.070463535,33.458455258,28.334389451,13,163.62759637942895,7.660482382221104,12.770402965196991,10.81465262732294
dish_1560801883,314.999995,512.111273463,22.146604908,34.629461488,42.559066742000006,19,162.57501002912713,7.030668336359815,10.993480011959997,13.510815053187542
dish_1560802006,43.999998,35.92649006,1.404504961,3.688561901,2.7278205640000004,4,81.65111748414171,3.192056874638949,8.383095610595255,6.19959247270875
dish_1560802048,82.999998,47.21388638,1.904628033,4.996576717,3.0740597800000002,7,56.88420182853498,2.29473262517428,6.019972093252339,3.7036865711731703
dish_1560802092,127.99999599999998,118.031134001,3.6673901430000004,5.990827076,15.151615534999998,13,92.21182631990084,2.8651486387546456,4.680333799385433,11.83720000663125
dish_1560802149,248.999994,365.517389459,17.394940123,10.470454055,39.855086651,20,146.79413585005952,6.985919896447871,4.205001729839399,16.006059281672115
dish_1560802562,5.000000000000001,8.853202835,0.49062996400000003,0.966136746,0.24794516,8,177.06405669999995,9.812599279999999,19.322734919999995,4.958903199999999
dish_1560802730,63.999999,101.70248326200002,2.801806652,2.2697098259999997,16.082963088,15,158.91013257984582,4.377822962153483,3.5464216585378376,25.129630217650472
dish_1560802764,98.99999700000001,111.832201362,3.25063548,3.44356921,16.393690572,16,112.96182298066131,3.2834702813172814,3.478352842778369,16.559283907857086
dish_1560802853,117.99999700000001,136.532201362,3.30763548,8.76356921,16.906690572,17,115.70525833318453,2.803080986519008,7.426753756612384,14.327704238839937
dish_1560874548,72.0,41.04,0.216,10.08,0.504,1,56.99999999999999,0.3,14.000000000000002,0.7000000000000001
dish_1560874667,83.0,100.55,4.836,10.234,4.574,2,121.144578313253,5.826506024096386,12.330120481927711,5.510843373493976
dish_1560874726,145.0,177.492,4.96,28.462000000000003,5.566,3,122.40827586206895,3.420689655172414,19.628965517241383,3.8386206896551722
dish_1560874751,220.0,379.992,10.959999999999999,58.687,12.556000000000001,5,172.72363636363636,4.9818181818181815,26.675909090909087,5.707272727272727
dish_1560887408,122.0,324.52,11.834,40.26,13.42,1,265.99999999999994,9.700000000000001,32.99999999999999,11.0
dish_1560887435,171.000001,364.529047956,13.398107858,44.367716981,16.457800313,5,213.17488059897732,7.835150748332452,25.946033170491035,9.624444571202078
dish_1560887457,246.0,389.264340844,14.280460680000001,48.70595223,17.193094422999998,8,158.23753692845528,5.805065317073171,19.79916757317073,6.989062773577236
dish_1560887480,374.000002,668.084173504,30.156405264,53.686614563999996,43.585084821,18,178.63213099768913,8.063209920517595,14.354709699707433,11.653765932600182
dish_1560888817,34.0,47.94,2.312,6.12,0.714,1,141.0,6.799999999999999,18.0,2.0999999999999996
dish_1560888849,106.999998,168.96412362200002,5.855534337999999,7.567452873000001,20.427921601,11,157.91039886000746,5.472462100419851,7.072385994810953,19.091515871804035
dish_1560888893,140.999998,213.164123622,5.957534338,17.087452873,21.345921601,12,151.1802316635494,4.225201718087968,12.1187610747342,15.138951704807827
dish_1560888930,150.999999,224.931189771,7.06603307,17.505604709,21.537918293,18,148.96105381497387,4.679492130327763,11.593115778100104,14.263522142804783
dish_1560889008,83.999996,41.29301032,0.9938187280000002,8.285774108,0.7463215919999999,4,49.158347959921336,1.1831175896722663,9.864017264953203,0.8884781280227679
dish_1560889032,207.999993,246.868234899,7.012972959,10.744461018,34.232983258,12,118.68665538801244,3.3716217283718852,5.165606432496371,16.45816558176519
dish_1560889061,280.99998800000003,402.507641999,22.432435708,13.323380165,37.306127778,18,143.24115985335914,7.9830735466081215,4.7414166313060475,13.276202623183028
dish_1560961012,70.999999,191.6999975,5.679999985,28.612999509999998,6.617199899,2,270.0000002816901,8.000000091549298,40.299999877464785,9.319999989014084
dish_1560961059,171.999999,268.4599975,5.679999985,46.79299951,7.627199899,3,156.0813948027988,3.3023255918739864,27.20523243142577,4.434418571711736
dish_1560961107,319.999999,352.8199975,6.123999985,67.51299951,8.663199899,4,110.25624956330078,1.9137500012929687,21.097812412805663,2.707249976897656
dish_1560961179,104.0,153.92,11.44,1.664,10.4,1,148.0,11.0,1.6,10.0
dish_1560961202,153.0,171.07,11.636,5.094,11.576,2,111.81045751633987,7.605228758169933,3.329411764705883,7.566013071895425
dish_1560961261,218.0,192.51999999999998,11.831,10.294,12.031,3,88.31192660550458,5.427064220183486,4.722018348623854,5.518807339449541
dish_1560961385,293.0,249.51999999999998,11.831,23.794,12.781,4,85.160409556314,4.037883959044368,8.120819112627986,4.362116040955632
dish_1560973936,44.0,75.24325645900001,5.8291864470000005,6.022746164,1.078271222,9,171.00740104318183,13.248151015909093,13.688059463636362,2.4506164136363635
dish_1560973958,121.0,145.313256459,6.214186447,20.729746164,4.312271222,10,120.09360037933885,5.135691278512397,17.1320216231405,3.563860514049586
dish_1560973984,195.0,171.21325645899998,6.510186447000001,25.909746163999998,6.0882712219999995,11,87.80166997897435,3.3385571523076925,13.287049314871794,3.1221903702564098
dish_1560974009,408.999994,482.98310321300005,20.768677351,30.185021778,45.270071979,21,118.0887800240408,5.077916297231046,7.380201031983388,11.06847741885297
dish_1560974707,60.0,55.025124922,2.0035458879999997,7.088692222000001,2.9926053550000002,13,91.70854153666667,3.3392431466666666,11.814487036666668,4.987675591666667
dish_1560974769,3051.0,3943.325124922,10.976545888,844.5686922220001,83.749605355,14,129.24697230160604,0.35976879344477225,27.68170082667978,2.7449887038675844
dish_1560975346,224.000003,326.33854533799996,14.924776023,4.475054919,41.012728157999994,13,145.68684864615827,6.662846349604737,1.9977923477974238,18.309253396751068
dish_1560975491,86.0,37.84,1.806,3.698,2.752,1,44.00000000000001,2.1,4.3,3.2
dish_1560975517,99.0,42.39,1.858,4.608,3.0639999999999996,2,42.81818181818181,1.876767676767677,4.654545454545454,3.0949494949494945
dish_1560975572,159.0,96.99000000000001,2.158,16.068,5.584,3,61.00000000000001,1.3572327044025156,10.105660377358491,3.5119496855345913
dish_1560975601,252.999998,233.93563453500002,8.421075464,17.945924643,22.794697805,16,92.46467841276427,3.3284883520038604,7.093250903108703,9.009762049484284
dish_1560975628,295.999998,348.272634535,12.463075464,32.350924643,27.610697805,17,117.65967462438968,4.210498496016881,10.929366507293016,9.327938510661747
dish_1560976044,137.0,124.67,0.685,26.167,5.754,1,91.0,0.5,19.1,4.199999999999999
dish_1561049320,19.0,102.79,7.98,0.266,7.03,1,541.0,42.00000000000001,1.4000000000000001,37.0
dish_1561049373,146.0,290.75,21.950000000000003,2.298,19.73,2,199.14383561643837,15.034246575342467,1.573972602739726,13.513698630136986
dish_1561049409,197.0,317.78000000000003,22.307000000000002,8.418,20.342,3,161.30964467005077,11.323350253807106,4.273096446700507,10.325888324873096
dish_1561049435,257.0,338.18,22.427,13.218,20.822,4,131.5875486381323,8.726459143968873,5.1431906614786,8.101945525291828
dish_1561060448,41.0,109.019,3.854,13.735,4.592,1,265.90000000000003,9.4,33.5,11.2
dish_1561060477,105.0,141.019,3.918,22.055,4.912,2,134.30380952380955,3.7314285714285718,21.004761904761903,4.6780952380952385
dish_1561060503,138.0,145.309,3.984,22.781,5.407,3,105.2963768115942,2.88695652173913,16.507971014492753,3.9181159420289857
dish_1561060531,177.0,162.079,4.101,26.291,6.733,4,91.57005649717514,2.316949152542373,14.85367231638418,3.8039548022598866
dish_1561060558,221.0,194.199,6.213,27.127,10.253,5,87.87285067873304,2.8113122171945704,12.274660633484162,4.639366515837104
dish_1561060613,304.000001,323.67328036000004,11.623275613,30.939055386,25.286835694,19,106.4714734523965,3.823445912751823,10.177320817179867,8.318038029874874
dish_1561060642,387.0,468.41236577899997,18.522781711,39.183206739,36.674162429,26,121.0367870229974,4.786248504134367,10.12485962248062,9.476527759431525
dish_1561060703,445.0,538.466668613,23.648355407,44.773718707,37.730043844,32,121.00374575573034,5.31423717011236,10.061509821797753,8.478661537977528
dish_1561060787,91.000003,46.46484813,1.164307559,8.069450493,3.046765186,4,51.060270987024026,1.279458813863995,8.867527721949635,3.3480935006123023
dish_1561060925,156.000003,93.91484813,4.284307559,9.304450493000001,8.246765186000001,5,60.20182456663158,2.746350946544533,5.964391226966836,5.286387838082287
dish_1561060976,265.999999,265.507263862,11.454552121,14.356571705,28.171125574,17,99.8147612256194,4.306222618068507,5.39720742818499,10.590648751844544
dish_1561061123,357.000003,399.43062208099997,20.405451165,26.884327199,31.093737886,23,111.88532737379275,5.715812603228465,7.530623801983554,8.7097304270891
dish_1561061593,51.999998,42.458579588,1.6598695039999998,4.359209616,3.223787934,4,81.6511177327353,3.192056861232956,8.383095737811374,6.199592419215094
dish_1561061630,149.999998,186.683732282,11.299298936,17.850638718000003,6.371216555,15,124.4558231807443,7.532866057771546,11.900425970672348,4.24747775996637
dish_1561061658,227.000001,226.00013699200002,12.284481641,24.678635331,8.949248649,17,99.55953127594921,5.411665897305436,10.871645472371604,3.9424002685356814
dish_1561061687,408.000007,508.347677356,24.082794367,32.991671567,41.733879726,26,124.59501682214433,5.902645576915395,8.08619387278589,10.228891914210188
dish_1561062171,58.000001999999995,101.14297593,4.821341359,5.760973444999999,7.957409503,12,174.38443524536433,8.312657228873888,9.932712493699569,13.719671083804446
dish_1561062237,110.0,182.259392194,8.210911638,8.149249047,17.37619806,21,165.69035653999998,7.464465125454546,7.408408224545454,15.79654369090909
dish_1561062286,167.0,256.35939219399995,8.381911638,24.109249047,18.91519806,22,153.5086180802395,5.019108765269461,14.436676076047902,11.326465904191618
dish_1561062320,202.000001,307.868372791,11.824564585000001,28.927616872,20.039279759,28,152.41008478559365,5.853744815080471,14.320602340987119,9.920435475146359
dish_1561062555,32.0,47.093925246,3.14756877,4.405364144,1.027731743,11,147.16851639375,9.83615240625,13.76676295,3.211661696875
dish_1561062586,89.0,121.19392524599999,3.31856877,20.365364144,2.566731743,12,136.17294971460674,3.7287289550561797,22.88243162247191,2.883968250561798
dish_1561134102,81.0,24.3,0.162,6.156,0.486,1,30.0,0.2,7.6,0.6
dish_1561134128,141.0,58.5,0.34199999999999997,14.556000000000001,0.9059999999999999,2,41.48936170212766,0.2425531914893617,10.323404255319149,0.6425531914893616
dish_1561134156,220.0,118.53999999999999,0.34199999999999997,28.776,1.696,3,53.881818181818176,0.15545454545454546,13.08,0.7709090909090909
dish_1561145732,67.0,19.698,0.067,5.025,0.402,1,29.4,0.1,7.500000000000001,0.6
dish_1561146758,93.0,232.5,1.395,45.57,9.393,1,250.0,1.5,49.0,10.100000000000001
dish_1561146781,223.0,300.1,1.655,63.769999999999996,9.783000000000001,2,134.57399103139014,0.742152466367713,28.596412556053806,4.386995515695068
dish_1561147944,34.000002,42.371034732,3.643008382,2.2589355429999998,0.820392851,10,124.62068305760687,10.714729905015888,6.643927676827782,2.412920008063529
dish_1561147967,85.000002,177.980034732,8.437008382,19.343935543,6.532392851,11,209.3882712285113,9.925891980567249,22.757570691586572,7.68516787917252
dish_1561147997,133.000002,185.180034732,8.629008381999999,20.639935543,7.060392851,12,139.2331067273217,6.487976129504118,15.518748295206795,5.308565973555399
dish_1561148021,216.000004,361.76544109499997,19.948799965,23.611563998,22.204133248999998,23,167.48399740538892,9.23555536832305,10.931279426272605,10.27969112861683
dish_1561148042,245.000004,370.755441095,19.977799965,25.641563998,22.726133249,24,151.32874899667348,8.15420393421708,10.46594431810703,9.275972603249427
dish_1561148303,45.0,119.655,4.23,15.075,5.04,1,265.9,9.400000000000002,33.5,11.200000000000001
dish_1561148336,67.999999,128.098608334,4.566122387,16.32748912,5.454761777,14,188.38030914382807,6.714885961983617,24.011013764867847,8.021708613554537
dish_1561148481,139.999998,281.281119477,14.385699682,18.905287362,18.591499957,25,200.91508821092984,10.275499919649999,13.503776880053955,13.279643016137758
dish_1561392386,51.0,175.746,13.923,2.142,9.843,1,344.6,27.3,4.199999999999999,19.3
dish_1561392410,84.0,187.29600000000002,14.055,4.452,10.635,2,222.9714285714286,16.732142857142858,5.3,12.660714285714286
dish_1561392430,149.0,208.746,14.25,9.652000000000001,11.09,3,140.09798657718122,9.563758389261745,6.477852348993289,7.442953020134229
dish_1561392459,275.0,395.226,28.11,11.668,23.69,4,143.71854545454545,10.221818181818183,4.242909090909091,8.614545454545455
dish_1561392512,75.0,42.75,0.225,10.5,0.525,1,56.99999999999999,0.3,14.000000000000002,0.7000000000000001
dish_1561392543,118.999999,126.004929799,8.808466321000001,12.171466562,0.9585999740000001,9,105.88649651921425,7.402072600857753,10.228123247295153,0.8055462034079512
dish_1561392570,186.999999,149.804929799,9.080466321,16.931466562,2.590599974,10,80.109588556201,4.8558643687479375,9.05426024200139,1.3853475870874201
dish_1561392593,324.999999,354.044929799,24.260466321,19.139466562,16.390599974,11,108.93690181180584,7.464758890968488,5.889066652581743,5.0432615459792665
dish_1561392632,351.999999,500.114929799,35.600466321,19.517466562,26.380599974,12,142.07810546016506,10.11376886992548,5.544734834502087,7.4944886502684325
dish_1561392710,106.0,31.8,0.212,8.056,0.636,1,30.0,0.2,7.6,0.6
dish_1561392734,198.0,84.24,0.488,20.936,1.28,2,42.54545454545454,0.24646464646464644,10.573737373737375,0.6464646464646464
dish_1561393550,176.0,172.48,7.568,5.984,19.36,1,98.0,4.3,3.4000000000000004,11.0
dish_1561393619,284.0,234.04,7.8919999999999995,21.104,20.116,2,82.40845070422534,2.77887323943662,7.430985915492958,7.083098591549295
dish_1561393649,359.0,271.53999999999996,7.967,30.854,20.491,3,75.63788300835654,2.2192200557103066,8.594428969359331,5.707799442896936
dish_1561393715,49.0,17.15,0.196,3.43,1.176,1,35.0,0.4,7.000000000000001,2.4
dish_1561393741,165.0,188.83,12.956,5.2860000000000005,12.776,2,114.44242424242425,7.852121212121212,3.203636363636364,7.743030303030303
dish_1561393764,182.0,280.8,20.096,5.524,19.066,3,154.2857142857143,11.041758241758242,3.035164835164835,10.475824175824174
dish_1561404438,168.999993,366.069221,23.856788760000004,6.257734082000001,32.327784252,7,216.60901548084684,14.116443637959208,3.702801385323135,19.12886721362172
dish_1561404458,258.999994,410.31172826,24.921593838,15.135349811,33.127414586,9,158.4215203726993,9.622237225997774,5.84376454116829,12.790507858467363
dish_1561404485,348.999996,511.37333991,34.245195673,19.275634355999998,34.533291409,14,146.52531397450218,9.812377096130396,5.523104463302056,9.894926018566487
dish_1561404505,441.999996,543.92333991,34.617195673,25.785634356,36.765291409,15,123.05958027881971,7.831944793275518,5.833853979491891,8.317939308080899
dish_1561404924,38.999998000000005,31.843933585000002,1.244902099,3.269407044,2.417840913,4,81.65111594364697,3.1920568277977854,8.383095414517712,6.1995924025432
dish_1561404956,81.999998,97.60078670499999,2.638520401,4.593264176,13.654343316,16,119.02535254330127,3.2177078845782408,5.6015418146717515,16.651638596381428
dish_1561405008,134.0,156.428076942,8.249931669,6.4200616660000005,14.763336835999999,20,116.73737085223881,6.1566654246268655,4.791090795522388,11.01741554925373
dish_1561405034,153.0,178.278076942,10.282931669,7.617061666,14.915336836,21,116.52161891633988,6.720870371895425,4.978471677124182,9.748586167320262
dish_1561405332,53.0,18.55,0.212,3.71,1.272,1,35.0,0.4,6.999999999999999,2.4
dish_1561405356,176.000002,206.6451984,4.198396767,7.496847383,33.413625603,12,117.41204321122677,2.3854526814153107,4.259572328300315,18.98501433142029
dish_1561405389,222.999999,265.983456076,8.393057833,12.105438268,34.985946263,18,119.27509294562822,3.763703081003153,5.428447678154473,15.688765210711953
dish_1561405411,281.999999,332.06345607599997,8.511057833,25.675438268,37.227946263,19,117.75299902607446,3.0181056252415095,9.104765375548814,13.201399430856025
dish_1561405836,31.0,82.429,2.914,10.385,3.472,1,265.90000000000003,9.4,33.5,11.200000000000001
dish_1561405864,106.000001,197.12118887,5.344729302,12.694053364,23.070551815,13,185.96338397204354,5.042197407149081,11.975521928532812,21.764671318257818
dish_1561405887,139.000003,213.34344932,5.735158666,15.949179232999999,23.363749616,15,153.48449260105411,4.126013339726331,11.474229416383537,16.80845259837872
dish_1561405912,196.0,270.88187189999996,11.174254612,18.056517254,24.140146065,21,138.20503668367346,5.701150312244898,9.212508803061224,12.316401053571429
dish_1561405934,242.999999,287.33187155,11.362254608,21.346517184,25.268146041,21,118.2435690256937,4.675824960805864,8.78457500899002,10.398414051433804
dish_1561406762,35.0,17.20542165,0.41409114,3.452406045,0.310967345,4,49.15834757142858,1.183117542857143,9.86401727142857,0.8884781285714285
dish_1561406789,164.0,184.90542165,0.80109114,39.572406045,3.793967345,5,112.74720832317074,0.4884702073170732,24.129515881097564,2.3133947225609757
dish_1561406817,243.0,273.38542165,0.95909114,57.742406044999996,6.795967344999999,6,112.50428874485596,0.3946877119341563,23.76230701440329,2.796694380658436
dish_1561407208,29.0,44.34764336,0.9398817140000001,0.892833857,7.578106662,12,152.92290813793105,3.2409714275862074,3.0787374379310344,26.13140228275862
dish_1561407249,56.0,73.87916931599999,3.4862908700000004,2.52810831,7.992980998,17,131.9270880642857,6.225519410714286,4.514479124999999,14.27318035357143
dish_1561407283,86.000001,88.626677496,3.8412265619999997,5.487313522,8.259524436,19,103.05427495983402,4.466542462016948,6.380597044411662,9.60409806971979
dish_1561407312,121.000001,127.826677496,3.911226562,13.537313522,9.589524436,20,105.64188135502577,3.232418619566788,11.187862322414361,7.9252267411138275
dish_1561480391,113.0,64.41,0.339,15.82,0.791,1,56.99999999999999,0.3,14.000000000000002,0.7000000000000001
dish_1561480414,129.0,125.162,4.835000000000001,16.316,5.447,2,97.02480620155039,3.7480620155038764,12.648062015503875,4.222480620155039
dish_1561480439,189.0,155.162,4.8950000000000005,24.116,5.747,3,82.0962962962963,2.58994708994709,12.75978835978836,3.0407407407407407
dish_1561480460,277.0,285.40200000000004,14.575000000000001,25.524,14.547,4,103.0332129963899,5.26173285198556,9.214440433212996,5.251624548736462
dish_1561481577,37.0,200.17,15.54,0.518,13.69,1,540.9999999999999,42.0,1.4000000000000001,37.0
dish_1561481606,141.0,354.09,26.979999999999997,2.182,24.09,2,251.12765957446808,19.134751773049643,1.547517730496454,17.085106382978722
dish_1561481634,228.0,462.05699999999996,27.154,27.759999999999998,25.482,3,202.6565789473684,11.909649122807018,12.175438596491226,11.176315789473684
dish_1561481673,324.0,496.61699999999996,27.25,36.4,25.962,4,153.27685185185186,8.410493827160494,11.234567901234566,8.012962962962963
dish_1561491121,28.000001,31.457468481,2.9239619830000003,1.182557078,0.5658481200000001,8,112.34809770542506,10.442720994902823,4.223417984877929,2.0208860706826406
dish_1561491154,158.000005,166.137468894,18.455791456,5.614334018,18.30133675,16,105.1502934408135,11.680880298706322,3.5533758483108913,11.583124158761896
dish_1561491180,217.000005,236.347468894,18.691791456,20.364334018,21.25133675,17,108.91588177336679,8.613728583093812,9.38448550634826,9.793242516284735
dish_1561491210,276.000005,251.097468894,18.868791456,23.314334018,22.31333675,18,90.97734215403366,6.836518519628289,8.447222317260465,8.084542154265542
dish_1561492161,43.000001,48.309689418000005,4.490370876,1.816069722,0.868981003,8,112.34811231283462,10.442722724587844,4.223417859920515,2.0208860064910232
dish_1561492182,171.000001,250.165689418,7.306370876,40.088069722,6.884981003,9,146.2957239503174,4.272731481446015,23.443315489805173,4.026304656571318
dish_1561492204,334.000002,488.636282678,15.686282963,49.120708375999996,37.193401679000004,16,146.29828735090845,4.696491876967115,14.706798826905395,11.135748939007494
dish_1561492228,488.00001,648.1802888889999,34.085527576,54.370659851,58.203134344,24,132.8238269685691,6.984739114247149,11.141528429681795,11.926871547400173
dish_1561492447,124.0,68.944,0.248,17.856,0.868,1,55.60000000000001,0.2,14.400000000000002,0.7000000000000001
dish_1561492519,206.0,271.32,2.9539999999999997,52.378,11.528,2,131.70873786407768,1.4339805825242717,25.42621359223301,5.596116504854369
dish_1561492628,31.0,13.64,0.651,1.333,0.992,1,44.0,2.1,4.3,3.2
dish_1561492665,92.999999,81.9506536332,8.595007827,4.689007748,10.3422306008,8,88.11898334880628,9.241943999375742,5.041943869268213,11.12067818495353
dish_1561492687,107.999999,105.6056536332,8.925007827,9.174007748,11.0472306008,9,97.78301352873162,8.26389621262867,8.494451697170847,10.228917317675162
dish_1561492703,133.999997,113.1305812932,9.258422871,10.04601758,11.278056732800001,10,84.42580882535393,6.909270953938902,7.497028212620034,8.416460436786428
dish_1561493975,106.0,130.851603844,12.434031164999999,4.267877889,2.543840293,9,123.44490928679247,11.730218080188678,4.026299895283019,2.399849333018868
dish_1561494001,215.999997,162.687862139,13.844636198,7.957150263,3.520412392,10,75.31845574007114,6.409553884391952,3.683865913664804,1.6298205744882486
dish_1561494032,306.999997,185.437862139,14.117636198,12.507150263,5.158412392,11,60.40321301338645,4.598578611061028,4.073990353491762,1.6802646392208271
dish_1561567053,87.0,26.1,0.174,6.612,0.522,1,30.0,0.2,7.6,0.6
dish_1561567086,181.0,142.754,0.362,34.248,2.026,2,78.8696132596685,0.2,18.921546961325966,1.1193370165745855
dish_1561574215,134.0,93.235485282,7.880340053,4.701404147,2.220978641,8,69.57872035970149,5.880850785820896,3.5085105574626865,1.6574467470149252
dish_1561574368,50.0,22.0,1.05,2.15,1.6,1,44.0,2.1,4.3,3.2
dish_1561574394,82.0,61.502372872,4.803670016,3.4384159769999996,2.3679517150000002,10,75.00289374634147,5.8581341658536585,4.193190215853658,2.8877459939024392
dish_1561574428,172.0,84.002372872,5.073670016,7.938415977,3.9879517150000003,11,48.83858887906977,2.9498081488372097,4.615358126162791,2.3185765784883725
dish_1561574456,217.0,203.657372872,9.303670016,23.013415977,9.027951715,12,93.85132390414746,4.287405537327189,10.60526081889401,4.160346412442396
dish_1561574479,293.000001,363.613793092,18.48653942,25.268993498,24.553907898000002,18,124.10027025631307,6.309399097920139,8.624229833364403,8.38017331542603
dish_1561574600,99.999999,32.9803906,1.17647043,5.784313685,0.98039215,3,32.98039092980391,1.1764704417647043,5.784313742843137,0.9803921598039216
dish_1561574623,152.0,117.60278655500001,4.010179242,7.020421097999999,13.903189276,18,77.37025431250001,2.638275817105263,4.618698090789473,9.14683505
dish_1561574783,24.0,29.62677698,2.815252186,0.966312001,0.575963848,9,123.44490408333333,11.730217441666667,4.026300004166667,2.3998493666666665
dish_1561574815,88.999999,74.852945762,6.637805291,3.2468438170000002,1.653304203,17,84.10443438544308,7.458208275934925,3.648139161215047,1.8576451927825304
dish_1561574848,155.00000300000002,182.25830757699998,10.234436955,4.815749068,18.055316749,30,117.58600261252896,6.602862423815564,3.106934822446422,11.648591225511137
dish_1561574974,152.0,50.130195424,1.7882352160000001,8.792156872,1.49019608,3,32.98039172631579,1.1764705368421053,5.784313731578948,0.980392157894737
dish_1561575033,339.000005,354.445361056,11.978688813,13.237387937,47.962564908999994,18,104.55615216170868,3.5335364708917925,3.9048341421115906,14.148249027016973
dish_1561575068,436.000003,421.93671949000003,17.683114084,16.640643101,49.570288217000005,26,96.7744762813683,4.055760083102569,3.816661235435817,11.369332081633038
dish_1561575170,171.0,42.75,0.513,8.55,3.078,1,25.0,0.3,5.0,1.7999999999999998
dish_1561575192,236.000004,122.989188658,8.137641391999999,11.167095135,4.637902101,10,52.11406210738878,3.448153073760117,4.731819892257291,1.9652127213523267
dish_1561575274,145.000003,305.18002643,17.519949439,4.303404276,29.621890955999998,9,210.468979390297,12.082723501047102,2.9678649565269324,20.42888989181607
dish_1561575300,199.000003,326.78002643,17.627949439,9.163404276,30.701890956,10,164.21106608224525,8.858265916207047,4.604725697416195,15.428085674953481
dish_1561575327,289.000003,453.68002643,23.747949439000003,25.363404276,32.591890956,11,156.98270647768817,8.217283457606054,8.776264364260232,11.27747080196397
dish_1561575347,327.000003,554.7600264299999,27.433949439000003,37.903404275999996,36.771890956,12,169.6513826729231,8.389586907434984,11.591255023933439,11.245226488881714
dish_1561575410,64.0,16.0,0.192,3.2,1.152,1,25.0,0.3,5.0,1.7999999999999998
dish_1561575445,122.999998,35.458427768,0.886117272,6.6127450240000005,1.7304313599999999,4,28.827990524032366,0.7204205580556188,5.376215554084806,1.4068547871033297
dish_1561575474,182.999998,120.05842776799999,4.966117272,17.412745024,2.9904313599999996,5,65.60569895088196,2.7137253149041016,9.51516131929138,1.634115515126945
dish_1561575506,393.000007,562.0433053480001,30.339838314,23.645261709,45.891101227,12,143.01356115446586,7.720060502187217,6.016605925658419,11.677124786158084
dish_1561575613,70.0,86.411436094,8.211152593,2.818409978,1.679894514,9,123.44490870571427,11.73021799,4.026299968571428,2.3998493057142856
dish_1561575661,228.000005,418.952426814,27.301855913,7.507637047,33.957540545,15,183.75106036247675,11.974497944857502,3.292823194017035,14.893657807156629
dish_1561575688,362.000005,607.892426814,36.413855913,31.627637047,36.771540545,16,167.9260824358276,10.059076080123258,8.736916190650328,10.157883988150775
dish_1561575908,40.0,106.36,3.76,13.4,4.48,1,265.9,9.4,33.5,11.200000000000001
dish_1561575951,91.000002,213.69918316000002,9.922189380999999,14.913611418,14.898733638,10,234.83426204759868,10.90350457464825,16.388583615635525,16.37223440720364
dish_1561575977,102.000002,261.07618316,13.068189381,15.375611418,19.122733638,11,255.9570372949601,12.811950122314705,15.074128545605323,18.747777708867105
dish_1561575996,128.000002,290.97618316,15.850189381,17.013611418,19.330733637999998,12,227.3251395417947,12.382960260422497,13.291883712626817,15.102135418716633
dish_1561576026,156.000002,330.45618316,17.754189381,22.053611418,19.918733638,13,211.8308839252451,11.380890482937302,14.13693021491115,12.76841883502027
dish_1561576051,179.000001,367.885313816,19.007560014,22.600350848,25.634586291999998,27,205.5225205367457,10.618748551850567,12.625894257955899,14.320997848486044
dish_1561576074,216.000001,374.545313816,19.081560014,24.043350848,25.967586292,28,173.40060744536754,8.834055521138632,11.131180896614904,12.022030635083192
dish_1561576212,103.0,145.23,7.004,18.54,2.163,1,141.0,6.799999999999999,18.0,2.0999999999999996
dish_1561576257,134.0,180.88,10.321,20.493,2.4109999999999996,2,134.98507462686567,7.702238805970149,15.29328358208955,1.799253731343283
dish_1561576295,232.000002,249.06714671799998,16.084233738,23.931340480999996,4.035297936999999,9,107.3565278322713,6.9328593100615565,10.315232877023853,1.7393525440573054
dish_1561576320,383.000003,494.79756523599997,24.312888448,27.520805653,41.561112621,26,129.18996380164518,6.348012599885018,7.18558888705805,10.851465351294005
dish_1561576449,308.0,77.0,0.924,15.4,5.544,1,25.0,0.3,5.0,1.7999999999999998
dish_1561576483,371.000001,209.59545672000002,8.536115936,17.269755117,18.414200159,10,56.49473211726488,2.3008398687308897,4.654920504164634,4.9633962558938105
dish_1561576590,101.00000299999999,29.231469085,1.2951912669999999,3.387423026,0.896670801,3,28.942047739345117,1.2823675529989835,3.353884084538097,0.8877928459071432
dish_1561576618,188.00000599999998,57.924409533,2.3187205090000003,8.419776165,1.749612011,4,30.810855151249307,1.2333619335097257,4.47860420015093,0.9306446570007025
dish_1561576652,322.000006,91.424409533,2.7207205090000004,15.119776165,4.161612011,5,28.3926732389564,0.8449442417091138,4.695582572442561,1.2924260662901976
dish_1561576680,455.000011,307.862464199,9.968475987,18.281357731,37.214151833,20,67.66207840794975,2.1908737903305235,4.017880722864422,8.178934271058733
dish_1561576707,492.000011,324.142464199,10.745475987,19.872357731,38.398151833,21,65.88261320160825,2.18403978592594,4.0390970094917344,7.804502230590398
dish_1561576737,519.000012,357.472594696,13.912635425,20.959458693,39.046111207,26,68.87718428337917,2.680661869618608,4.038431254024711,7.523335318728279
dish_1561576767,621.000012,408.47259469600004,14.014635425,34.219458693,39.556111207,27,65.77658402621739,2.2567850489832195,5.510379715258363,6.369744032629746
dish_1561576794,738.000011,654.721295656,28.151421559,37.691860836000004,63.457911868,32,88.71562139529563,3.8145557099456466,5.107298140135123,8.59863291628054
dish_1561576887,46.999998,15.500781199999999,0.5529408600000001,2.71862737,0.4607843,3,32.980386935335616,1.176469964956169,5.7843137993325024,0.9803921693783902
dish_1561576916,98.000001,78.45768919,6.535352505,4.772040412,1.684707527,10,80.05886570348096,6.668726977870134,4.869428942148684,1.7190892957235786
dish_1561576954,262.000005,345.34372141899996,15.472435698,8.670532131,42.441222556,23,131.81057817880574,5.90550969569638,3.3093633456228373,16.19893959773016
dish_1561576978,341.000008,511.614213709,25.017786934,11.015145682,58.580045709000004,28,150.0334902364577,7.336594236678142,3.230247924803568,17.17889863187335
dish_1561577083,37.0,98.383,3.478,12.395,4.144,1,265.9,9.4,33.5,11.200000000000001
dish_1561577119,78.0,128.313,5.446,13.174,7.4239999999999995,2,164.50384615384615,6.982051282051281,16.88974358974359,9.517948717948716
dish_1561577146,99.000001,154.236432093,7.909345934,14.019522984,7.92796832,11,155.7943742778346,7.9892382364723415,14.161134184230967,8.008048727191428
dish_1561577177,156.000001,234.606432093,11.785345934,24.279522984,9.124968319999999,12,150.38873755712348,7.554708883623662,15.563796684847459,5.849338629170905
dish_1561577198,174.0,240.542897277,11.99711005,25.320699406,9.301438899999999,13,138.24304441206897,6.894890833333333,14.552126095402299,5.3456545402298845
dish_1561577219,215.999999,308.891749644,14.285874388,26.319093751,19.739082426,26,143.00544031206223,6.613830765804772,12.184765681873916,9.138464128418814
dish_1561577549,49.0,130.34,4.753,16.17,5.39,1,266.0,9.700000000000001,33.0,10.999999999999998
dish_1561577573,345.999999,755.4328568999999,40.63868805700001,24.984559555000004,66.063801277,10,218.33319626685892,11.745285599552851,7.220970990523039,19.093584239287814
dish_1561577598,393.0,813.451966292,46.151890751,26.876920556,67.191730514,16,206.98523315318064,11.743483651653944,6.838911082951654,17.097132446310432
dish_1561577678,104.000001,218.88773862000002,12.566032265999999,3.0865797390000003,21.246045677,9,210.46897741856756,12.082723216512276,2.9678651051166822,20.428889877606828
dish_1561577701,263.000001,258.63773862000005,13.043032265999999,11.036579739,24.108045677,10,98.3413451089683,4.9593278389379165,4.1964181357550645,9.16655725678115
dish_1561577731,334.000001,274.25773862000005,13.256032266,13.379579739,26.309045677,11,82.11309514936201,3.968871924045294,4.0058621853117895,7.876959759949223
dish_1561577848,254.00000699999998,413.34786184600006,13.841577777,6.0379074070000005,63.122896133,17,162.73537419469443,5.449439919503624,2.3771288348822766,24.851533225745147
dish_1561577947,424.000009,623.20421818,33.782949647,12.882617355999999,67.202640024,22,146.98212380934172,7.967676634412525,3.0383530855066563,15.849678914511534
dish_1561578156,96.999998,31.990976624,1.141176076,5.610784242,0.95098038,3,32.980388952172966,1.1764702057004166,5.784313770810593,0.9803921645441683
dish_1561578188,200.999998,57.990976624,1.453176076,10.810784242,2.82298038,4,28.851232438320718,0.7229731793330665,5.378499676402982,1.4044678647210733
dish_1561578226,288.999997,119.22025051,6.628324695,13.898273603,4.281533587,12,41.25268226559878,2.2935379805557576,4.809091262032089,1.4814995264515523
dish_1561578323,43.0,114.337,4.042,14.405,4.816,1,265.90000000000003,9.4,33.5,11.200000000000001
dish_1561578344,85.999999,144.255847877,6.570765641,15.913659507999999,5.528702093000001,9,167.7393599469693,7.640425252795642,18.504255457026225,6.428723438706087
dish_1561578373,131.999999,164.495847877,7.536765641,17.891659508,7.000702093,10,124.6180675175611,5.709670983406598,13.554287608744604,5.303562231845168
dish_1561578394,184.999998,276.04440293700003,13.940608929,19.464627981,17.828013148,18,149.21319238987238,7.535464367410426,10.52142064401536,9.636763967965017
dish_1561578417,239.999998,289.794402937,14.105608928999999,22.214627981,18.818013148,19,120.74766889664723,5.877337102727809,9.256095069217459,7.8408388770069894
dish_1561578441,308.999998,387.084402937,18.797608929,34.634627981,20.267013147999997,20,125.27003412375426,6.083368624811447,11.208617542126975,6.558903973844038
dish_1561578461,391.999995,522.154768472,23.320644977999997,36.607644483,40.893785294,34,133.20274875819834,5.949144202922757,9.338684936207715,10.432088218266431
dish_1561578570,65.000001,136.80483905,7.85377045,1.929112257,13.278778595,9,210.46897991586184,12.082723583342714,2.96786496510977,20.428889831863234
dish_1561578603,96.000001,180.51483905,9.96177045,7.509112257,13.929778595,10,188.03628871837202,10.376844110657874,7.821991852895918,14.510185885310564
dish_1561578623,208.00000100000003,208.51483905,10.29777045,13.109112257,15.945778595,11,100.24751829207923,4.950851154082446,6.302457785565106,7.666239672277693
dish_1561578676,224.000001,212.03483905000002,10.34577045,13.637112257,16.441778595,12,94.65840986759639,4.618647501702466,6.087996516125015,7.340079697142501
dish_1561578775,111.0,295.149,10.434,37.185,12.432,1,265.9,9.4,33.5,11.200000000000001
dish_1561578800,146.0,338.354717972,14.539576299,38.594204961,13.271947260000001,10,231.749806830137,9.958613903424657,26.43438695958904,9.090374835616439
dish_1561578839,214.0,362.154717972,14.811576298999999,43.354204961,14.90394726,11,169.23117662242993,6.921297335981308,20.258974280841123,6.964461336448599
dish_1561578865,245.999998,417.185304588,17.301929215999998,49.70714588800001,16.735947156,17,169.58752356900425,7.0333046165309305,20.20615702931835,6.803230606530331
dish_1561578898,266.999998,442.549797259,19.157740767,51.731296848,17.118249043,19,165.74898897901863,7.175183861611864,19.375017691198636,6.4113292776129525
dish_1561579505,126.0,31.5,0.378,6.3,2.268,1,25.0,0.3,5.0,1.7999999999999998
dish_1561579576,266.999997,78.002352688,2.0368235820000002,14.455882168999999,3.6503529099999996,4,29.214364630873014,0.7628552827287112,5.414188139110728,1.3671733898933338
dish_1561579617,303.999997,130.172352688,4.552823582,21.115882169,4.42735291,5,42.81985328045907,1.4976393509635464,6.946013939927768,1.4563661031878232
dish_1561579673,359.999999,221.304170885,7.604510768,22.447074348,18.344211861,20,61.47338097214827,2.1123641080899,6.2352984473202735,5.095614419987818
dish_1561579706,390.000001,284.444865635,11.2293277,23.33743401,24.472879123000002,26,72.93458074503954,2.8793147874889367,5.983957423118057,6.275097194935649
dish_1561579824,87.999999,185.21270305000002,10.632796966,2.611721305,17.977422683,9,210.46898313032938,12.082723962303682,2.967865153043922,20.42888964464647
dish_1561579845,163.0,307.26423416800003,14.719876862000001,4.394568403,36.616072517,23,188.50566513374233,9.030599301840493,2.696054234969325,22.46384816993865
dish_1561579867,217.0,369.364234168,20.497876862,7.796568403,37.048072516999994,24,170.21393279631337,9.446026203686635,3.5928886649769587,17.07284447788018
dish_1561579902,247.0,406.397703954,24.016941939,9.00445841,37.768027286,28,164.53348338218623,9.723458274898784,3.6455297206477737,15.290699306072874
dish_1561579933,306.000001,447.449148022,27.486643772,11.074479699,38.74592088,34,146.22521129403526,8.982563294828225,3.619111000917938,12.662065605679523
dish_1561580278,53.0,23.32,1.113,2.279,1.696,1,44.0,2.1,4.3,3.2
dish_1561580322,76.0,44.25,1.228,6.672,2.662,2,58.223684210526315,1.6157894736842104,8.778947368421052,3.5026315789473683
dish_1561580370,124.0,126.795881302,4.963529387,16.201411659999998,5.409999914,8,102.25474298548387,4.00284627983871,13.065654564516127,4.362903156451613
dish_1561580406,170.999999,203.28151139300002,7.524766831,17.318661965,17.090220309000003,24,118.87807753320514,4.400448464914903,10.127872553379373,9.994280940902229
dish_1561580431,196.999998,258.003439933,10.666274319,18.090306806,22.401731592,29,130.96621449356562,5.414352501160939,9.182896949064943,11.371437471791243
dish_1561580552,89.0,22.25,0.267,4.45,1.602,1,25.0,0.3,5.0,1.8000000000000003
dish_1561580608,81.0,20.25,0.243,4.05,1.458,1,25.0,0.3,5.0,1.7999999999999998
dish_1561580628,155.999999,72.434037709,4.653637809,6.681382895,2.701085055,9,46.43207575212869,2.983101178737828,4.282937780659857,1.7314647899452873
dish_1561580659,480.0,754.353534179,43.801662553,16.297265693,68.89068757300001,17,157.15698628729166,9.125346365208333,3.395263686041667,14.352226577708334
dish_1561654326,45.999998,59.792576692000004,3.205161148,7.079547788,1.471999888,5,129.98386802538556,6.967741929032259,15.390321947405303,3.19999989565217
dish_1561654346,84.0,79.195482532,3.6913557559999997,10.449208448,2.744275472,9,94.28033634761904,4.394471138095238,12.439533866666668,3.266994609523809
dish_1561654374,251.0,326.355482532,22.061355755999998,13.121208448,19.444275472,10,130.02210459442233,8.789384763346613,5.22757308685259,7.74672329561753
dish_1561654392,282.0,494.06548253200003,35.081355756,13.555208448,30.914275472,11,175.20052572056738,12.440197076595744,4.806811506382979,10.962509032624114
dish_1561654707,135.0,199.8,14.85,2.16,13.5,1,148.0,11.0,1.6,10.0
dish_1561654732,191.0,242.36,14.85,12.24,14.06,2,126.89005235602096,7.774869109947644,6.408376963350785,7.361256544502619
dish_1561654756,225.0,256.98,14.952,15.3,15.216,3,114.21333333333334,6.645333333333333,6.800000000000001,6.762666666666667
dish_1561661324,75.0,33.0,1.575,3.225,2.4,1,44.0,2.0999999999999996,4.300000000000001,3.2
dish_1561661347,132.0,50.67,1.632,7.215,3.426,2,38.38636363636363,1.2363636363636363,5.465909090909091,2.5954545454545457
dish_1561661377,294.000001,306.333720347,8.972795018,11.854834144,43.735157289,14,104.19514262076481,3.051971084176969,4.032256497849468,14.875903789197606
dish_1561661449,115.000005,237.07566918,10.854463844,12.695834991,20.978855948,8,206.15274684553273,9.438663801797226,11.039856033919303,18.242482639892057
dish_1561661479,166.000005,242.17566918,10.854463844,13.715834991000001,21.488855948,9,145.88895294310385,6.538833444011042,8.262550950525576,12.94509355466586
dish_1561661500,268.000008,374.77567308,11.160463853,42.275835831,24.242856029,9,139.84166488532344,4.164352059646207,15.77456513769955,9.045841531840551
dish_1561661552,325.000008,394.72567308,11.388463853,46.265835831000004,25.610856029,10,121.45405026574645,3.5041426377441813,14.235641443738059,7.880263199562752
dish_1561661806,89.000001,183.47594427,8.400410595,9.825472545,16.235809248000002,8,206.15274405446357,9.438663483835242,11.039856668091499,18.24248209615189
dish_1561661850,264.000001,648.97594427,25.375410594999998,67.575472545,35.485809248,9,245.8242203832416,9.61189791624281,25.59676980645163,13.441594361206082
dish_1561661972,39.0,12.09,0.039,2.73,0.702,1,31.0,0.1,6.999999999999999,1.7999999999999998
dish_1561662022,166.000007,159.686286816,11.945532469,12.441322319,2.9250647549999997,10,96.19655426641036,7.196103593537799,7.494772165280692,1.7620871275023497
dish_1561662054,292.00000900000003,419.438748536,23.838248557,26.351542331,25.910592411000003,17,143.64340260551154,8.163783500773796,9.024500520135257,8.87349027821434
dish_1561662160,36.000001,41.838319256999995,3.375080289,2.75281572,0.630160082,9,116.21755026340136,9.375222764577146,7.64671012092472,1.7504446235987605
dish_1561662190,104.000001,117.318319257,3.987080289,18.39281572,2.398160082,10,112.80607512398004,3.833731010252587,17.685399560717315,2.305923133596893
dish_1561662216,193.000002,300.794263527,12.387490884,28.218288265,18.633969330000003,17,155.85194839894353,6.418388992555554,14.620874597193009,9.654906288550196
dish_1561662358,91.0,96.551,2.184,20.02,2.821,1,106.1,2.4,22.0,3.1000000000000005
dish_1561662458,119.000001,124.81549104000001,4.855836837,21.055183771,3.202387759,11,104.88696637910112,4.080535122852646,17.693431591651834,2.6910821278060326
dish_1561662501,165.000001,158.39549104,7.063836837,21.929183770999998,6.882387759,12,95.99726671516808,4.281113208599314,13.290414326118698,4.171144071083976
dish_1561662532,191.000001,166.45549104,7.089836837,23.749183771,7.350387759,13,87.14947129241114,3.7119564397279765,12.434127563695666,3.848370534301725
dish_1561662562,289.000005,368.48518976,16.339727731,34.568242773,25.228021487000003,19,127.50352366256881,5.653884930209604,11.961329472295338,8.729419048625969
dish_1561662814,20.000001,23.243505464000002,1.8750440469999998,1.529342017,0.35008892399999997,9,116.21752150912393,9.37521976623901,7.6467097026645146,1.7504445324777733
dish_1561662842,172.000003,263.12551803,8.762703768,5.8827665510000005,38.171027084,17,152.97994967476833,5.094595125094272,3.420213051391633,22.192457219899005
dish_1561662869,192.000003,284.34551803,9.242703768,10.282766551,38.791027084,18,148.09662165994862,4.813908137282685,5.355607494964467,20.203659623901153
dish_1561662926,213.000003,288.33551803,9.284703768,11.059766551000001,39.169027084,18,135.36878590090913,4.359015792126538,5.1923785893092225,18.38921433442421
dish_1561662948,230.000003,293.60551803,9.301703768,12.249766551,39.475027084000004,19,127.6545713914621,4.044218976814535,5.3259853874871474,17.16305503004711
dish_1561663035,99.0,263.241,9.306,33.165,11.088,1,265.9,9.399999999999999,33.5,11.2
dish_1561663068,168.0,332.89278041999995,15.890169313,35.715988366999994,12.027848396,11,198.15046453571426,9.458434114880951,21.259516885119044,7.159433569047619
dish_1561663541,112.0,124.32,1.008,25.76,2.912,1,110.99999999999999,0.8999999999999999,23.0,2.6
dish_1561663580,307.0,432.063366898,9.84414208,31.344984923,51.432282571,12,140.7372530612378,3.2065609381107487,10.210092808794787,16.753186505211726
dish_1561663606,347.0,474.503366898,10.80414208,40.144984923,52.672282571000004,13,136.74448613775218,3.113585613832853,11.569159920172911,15.179332153025937
dish_1561663786,44.0,46.684,1.056,9.68,1.364,1,106.1,2.4,22.0,3.1000000000000005
dish_1561663817,86.000001,95.495365923,4.993592999,12.891618222999998,2.099186745,10,111.04112187510322,5.80650341969182,14.990253573369142,2.440914791384712
dish_1561663855,139.000002,179.13843987599998,7.395211702,14.409588496000001,15.286750626,18,128.8765735960205,5.320296111938186,10.36661027961712,10.997662162623566
dish_1561663891,172.000003,247.168846806,10.509970798000001,18.052740906,21.306770005,24,143.70281540402067,6.110448031794512,10.495779413445709,12.387656763587383
dish_1561663914,205.00000300000002,257.398846806,10.542970798,20.362740906,21.900770005000002,25,125.5604112386281,5.142912509128109,9.93304419902862,10.683302285122405
dish_1561663990,115.000005,181.48968526899998,5.211058339999999,3.2937092029999997,28.614526828,12,157.81711076360386,4.531354881245439,2.8640948346045723,24.882196159904513
dish_1561664013,163.000007,280.443006609,9.741617051999999,8.592840389000001,37.370918722,18,172.0509169113103,5.976451922483659,5.271680993854191,22.926943016634347
dish_1561664042,209.000007,285.04300660900003,9.741617051999999,9.512840388999999,37.830918722,19,136.38420912062458,4.661060634318543,4.551598119802933,18.100917442553
dish_1561664061,269.000007,303.643006609,9.801617052,13.712840389,38.910918722,20,112.87843818123025,3.6437237163343275,5.097710049130222,14.4650251707986
dish_1561664977,47.0,14.57,0.047,3.29,0.846,1,31.0,0.1,7.000000000000001,1.7999999999999998
dish_1561665024,121.0,100.570984028,6.984664467999999,8.948565564999999,2.141328984,10,83.11651572561983,5.7724499735537185,7.395508731404958,1.7696933752066115
dish_1561665065,302.999998,387.798118978,15.231730135999998,14.161218541,47.426924559,18,127.9861787253213,5.026973675425568,4.673669516327852,15.652450452821453
dish_1561665378,70.0,74.27,1.68,15.4,2.17,1,106.1,2.4,22.0,3.1
dish_1561665422,385.000006,571.3939072530001,15.953768474,24.421899590000002,80.548917856,13,148.41399957095066,4.143835902693467,6.343350443999735,20.921796519660315
dish_1561665452,431.000008,624.853983576,20.266371281,27.939386334,81.35412238,18,144.97771971642283,4.702174223857555,6.482456105662068,18.87566609511525
dish_1561665626,49.0,51.989,1.176,10.78,1.519,1,106.1,2.4,21.999999999999996,3.1
dish_1561665671,89.0,158.389,5.056,23.979999999999997,5.9190000000000005,2,177.96516853932584,5.680898876404495,26.943820224719094,6.650561797752809
dish_1561665706,228.0,386.34900000000005,8.67,61.51,18.429000000000002,3,169.4513157894737,3.8026315789473686,26.978070175438596,8.082894736842105
dish_1561665747,314.000003,486.296088391,16.732690908,68.08617099599999,19.934382392,12,154.87136424995512,5.32888240386418,21.68349374060356,6.3485293635490825
dish_1561666619,52.0,35.88,0.104,9.36,0.364,1,69.0,0.2,18.0,0.7000000000000001
dish_1561666640,90.0,48.800000000000004,0.18,12.399999999999999,0.6679999999999999,2,54.22222222222223,0.2,13.777777777777775,0.7422222222222221
dish_1561666761,43.0,114.337,4.042,14.405,4.816,1,265.90000000000003,9.4,33.5,11.200000000000001
dish_1561666794,97.0,138.097,5.176,16.727,6.544,2,142.36804123711343,5.336082474226804,17.244329896907217,6.746391752577319
dish_1561666821,170.000001,211.78656601,12.14186043,19.425871733,7.538332358,12,124.58033221423335,7.1422707991631125,11.426983305135394,4.434313125680511
dish_1561666849,298.000001,347.59456601,15.21386043,47.585871733,11.506332358,13,116.64247142401855,5.1053222748143545,15.968413279636195,3.861185342076559
dish_1561666875,359.000002,443.863008856,17.977987291,49.332969477,26.684472528,23,123.63872044100992,5.007795874886932,13.741774151020758,7.433000662768799
dish_1561666897,402.000004,532.508692856,22.036612796,54.080107961,34.528740229,28,132.46484765109605,5.481744422072195,13.452763040519772,8.58923877747026
dish_1561666923,425.000004,539.638692856,22.059612796,55.690107961,34.942740229,29,126.9738088887171,5.190497079618852,13.103554691025368,8.221821152971096
dish_1561667207,121.000003,249.44483009,11.420783296,13.358227008,22.073404201,8,206.15274702927073,9.43866364697528,11.0398567576895,18.242482358450847
dish_1561667238,165.000003,268.80483009,12.344783296,15.250227008,23.481404201,9,162.912015274327,7.481686710029939,9.242561654983728,14.231153802463872
dish_1561667430,166.00000500000002,342.21356877000005,15.668182279000002,18.326161661,30.282521927999998,8,206.1527460616643,9.438663739196876,11.03985608976337,18.242482539684257
dish_1561736715,109.0,161.32,11.99,1.744,10.9,1,148.0,11.0,1.6,10.0
dish_1561736736,145.0,356.08,27.11,2.248,24.22,2,245.5724137931034,18.69655172413793,1.550344827586207,16.70344827586207
dish_1561737176,117.0,403.182,31.941,4.914,22.581,1,344.6,27.299999999999997,4.199999999999999,19.3
dish_1561737200,262.0,478.582,32.231,5.928999999999999,37.081,2,182.66488549618322,12.301908396946565,2.262977099236641,14.153053435114504
dish_1561737223,334.0,503.78200000000004,32.519,10.969,38.809,3,150.83293413173652,9.736227544910179,3.2841317365269465,11.61946107784431
dish_1561737248,394.0,699.3820000000001,45.718999999999994,30.168999999999997,40.369,4,177.50812182741117,11.603807106598984,7.657106598984771,10.245939086294415
dish_1561737271,520.0,762.3820000000001,45.845,46.549,40.998999999999995,5,146.6119230769231,8.816346153846153,8.95173076923077,7.884423076923077
dish_1561737293,636.0,801.822,46.077,55.82899999999999,41.927,6,126.07264150943396,7.2448113207547165,8.778144654088049,6.592295597484277
dish_1561737776,139.000006,375.300016,11.120000415,56.017002505,12.954800567,2,269.9999998561151,7.999999953237411,40.30000006258992,9.32000000561151
dish_1561737839,370.0,210.9,1.11,51.8,2.59,1,57.00000000000001,0.3,13.999999999999998,0.7
dish_1561739160,61.0,34.77,0.183,8.54,0.427,1,57.00000000000001,0.3,13.999999999999998,0.7000000000000001
dish_1561739188,143.0,97.09,0.183,23.299999999999997,1.2469999999999999,2,67.8951048951049,0.12797202797202797,16.293706293706293,0.8720279720279719
dish_1561739212,214.0,134.01,0.32499999999999996,23.796999999999997,8.347,3,62.62149532710279,0.15186915887850466,11.120093457943923,3.900467289719626
dish_1561739238,257.0,274.19000000000005,9.785,37.557,9.465,4,106.68871595330742,3.807392996108949,14.613618677042803,3.6828793774319064
dish_1561739265,308.0,292.04,9.989,41.126999999999995,10.689,5,94.81818181818183,3.2431818181818186,13.352922077922077,3.4704545454545452
dish_1561739576,84.0,63.84,0.0,15.12,0.84,1,76.0,0.0,18.0,1.0
dish_1561739623,348.0,156.24,1.056,33.6,7.176,2,44.896551724137936,0.303448275862069,9.655172413793103,2.0620689655172413
dish_1561739649,387.999997,208.23354279100002,3.843096498,39.756128323999995,8.45599987,7,53.66843927862196,0.9904887958027483,10.246424904998129,2.1793814266447016
dish_1561739719,636.999997,350.163542791,4.590096497999999,74.616128324,10.19899987,8,54.9707291114791,0.7205803013528114,11.713677971022031,1.601098888231235
dish_1561739760,936.999997,452.163542791,5.190096498,98.616128324,12.59899987,9,48.256514860052874,0.5539057112718433,10.524666877240128,1.3446104493424027
dish_1561739805,1101.999997,696.363542791,23.340096497999998,101.256128324,29.098999869999997,10,63.19088427284271,2.1179760945135464,9.188396424650808,2.6405626088218583
dish_1561739930,79.0,60.04,0.0,14.22,0.79,1,76.0,0.0,18.000000000000004,1.0
dish_1561739954,225.0,276.12,16.06,16.556,15.39,2,122.72000000000001,7.137777777777778,7.358222222222223,6.84
dish_1561739973,280.0,295.37,16.279999999999998,20.406,16.71,3,105.48928571428571,5.814285714285713,7.287857142857142,5.967857142857143
dish_1561740321,28.0,52.980412082,5.462206033,1.063660652,0.27592728499999997,8,189.2157574357143,19.507878689285715,3.7987880428571428,0.9854545892857142
dish_1561740353,96.0,75.420412082,5.666206033,6.503660652,0.751927285,9,78.56292925208334,5.902297951041667,6.7746465125,0.7832575885416667
dish_1561740385,139.000001,99.374554632,6.882790917,9.440246122000001,1.7587565889999999,10,71.49248483242818,4.951648106103251,6.791543923801843,1.2652925009691185
dish_1561740411,297.000001,333.214554632,24.262790917,11.968246122,17.558756589,11,112.19345236029142,8.169289843537744,4.029712485421843,5.9120392356497
dish_1561741063,135.0,132.3,5.805,4.59,14.85,1,98.00000000000001,4.3,3.3999999999999995,11.0
dish_1561741090,221.0,161.54000000000002,5.976999999999999,11.469999999999999,15.538,2,73.0950226244344,2.7045248868778278,5.190045248868778,7.030769230769231
dish_1561741139,20.0,108.2,8.4,0.28,7.4,1,541.0,42.00000000000001,1.4000000000000001,37.0
dish_1561741174,113.0,245.83999999999997,18.630000000000003,1.768,16.700000000000003,2,217.55752212389376,16.48672566371682,1.5646017699115045,14.778761061946904
dish_1561746876,84.000001,149.43595255,7.581681799,3.307017327,15.599369422,7,177.8999413940483,9.025811558026053,3.9369253424175557,18.570677662253836
dish_1561746912,210.000001,264.09595255,8.211681799,27.373017326999996,20.891369422,8,125.75997680590487,3.9103246475698827,13.03477009364395,9.948271105960615
dish_1561746970,363.000003,303.63607793799997,8.662104951,34.9981169,24.098282666,14,83.6463017709672,2.3862547877169025,9.641354438225722,6.638645307669598
dish_1561747075,301.0,646.588111068,32.647553448,31.982323096000002,55.61563352499999,10,214.8133259362126,10.846363271760797,10.625356510299005,18.476954659468436
dish_1561748274,259.999998,558.514643224,28.200544153,27.625927396,48.04008146100001,10,214.81332596933328,10.846363219202795,10.625356772502744,18.476954550207346
dish_1561748862,86.99999999999999,154.7729513,7.852456406,3.425124898,16.156489454,7,177.8999440229885,9.025811960919542,3.936925170114943,18.570677533333335
dish_1561748950,205.0,197.2529513,7.970456406,14.045124898,16.746489454,8,96.22095185365855,3.8880275151219514,6.85128043804878,8.169019245853658
dish_1561749016,272.0,280.118095129,15.774298437,17.086404063,17.900996525,13,102.98459379742646,5.799374425367647,6.2817661996323535,6.581248722426471
dish_1561749061,360.000003,302.860128335,16.033365355,21.472082288,19.745495690000002,19,84.12781272532379,4.45371256149684,5.964467252518328,5.484859868181724
dish_1561749348,92.99999800000002,165.44694198,8.394004654,3.66134052,17.270729638000002,7,177.89994143870837,9.025811650017452,3.936925374987642,18.570677429476934
dish_1561749392,210.000001,416.778538204,21.084249835999998,16.09300842,38.888766736,15,198.46596962825726,10.040118921713718,7.663337306365061,18.518460262293047
dish_1561749664,162.000004,288.19791304,14.621815272000001,6.377819125,30.08449844,7,177.89994192839652,9.025811673436749,3.9369252885944372,18.570677590847467
dish_1561749711,228.000004,300.07791304,14.753815272,8.951819125,30.67849844,8,131.61311744538392,6.470971497000501,3.926236389451993,13.455481535868746
dish_1561749750,315.000004,330.52791304,15.101815272000001,15.041819125,32.76649844,9,104.92949487073658,4.794227009597118,4.7751806139659605,10.40206286473571
dish_1561749778,340.000004,334.52791304,15.126815272,15.891819125,32.941498440000004,10,98.39056150128751,4.449063262952198,4.674064393540419,9.688675897780286
dish_1561749818,395.000004,340.02791304,15.126815272,16.991819125,33.49149844,11,86.08301508776694,3.829573447801788,4.301726317197708,8.478860278695086
dish_1561749857,447.000006,366.57925346,15.792133734,21.602933665,35.232507116,12,82.00878043388661,3.5329157767393857,4.832871001124774,7.881992537601891
dish_1561749908,472.000006,377.262179448,16.426279978,22.846836108999998,35.403238824,13,79.92842683311322,3.4801440188964743,4.840431317494517,7.500686096177719
dish_1561751897,199.00000100000003,354.02088788,17.96136569,7.834481175,36.955648348,7,177.89994276432185,9.025811859166774,3.936925193784295,18.570677468489055
dish_1561751958,292.999998,381.22640882499996,19.166790777000003,10.987132161,37.790173609,8,130.11140321748397,6.541566862741072,3.7498744832755935,12.897670261758842
dish_1561752035,373.999998,454.936408825,19.571790777,26.458132160999998,41.192173608999994,9,121.64075167321258,5.233099166219782,7.074366925798753,11.013950221732353
dish_1561752449,134.000001,287.849857488,14.53412667,14.237978298000002,24.759119148000003,10,214.8133248804976,10.846363105624155,10.625356859512264,18.476954450171984
dish_1561752481,169.0,297.979575588,14.982955498,15.411837682,25.069846632,11,176.31927549585797,8.865654140828402,9.119430581065089,14.834228776331363
dish_1561752509,224.000002,321.482011471,16.378077037,18.148423171,25.445456405,12,143.5187538395647,7.311641469092487,8.101974557571657,11.359578650807336
dish_1561752535,307.000002,358.002011471,18.121077037,21.717423171,28.101456405,13,116.61303229274897,5.9026309182239025,7.074079162709582,9.153568801931149
dish_1561752563,367.000002,373.507942308,18.297713564,24.707658147,29.359069412000004,19,101.773280728211,4.98575298754358,6.73233188347503,7.9997463901921195
dish_1561752680,175.0,465.325,16.45,58.625,19.6,1,265.9,9.4,33.5,11.200000000000001
dish_1561752970,299.00000800000004,642.291854038,32.430625956,31.769817905,55.24609542700001,10,214.81332336218532,10.846362905782932,10.625356874572391,18.476954497941016
dish_1561752996,415.000014,848.655801128,42.900568523,36.3366514,76.78808244300001,15,204.4953668671442,10.337486042349866,8.755819319080793,18.503151771700903
dish_1561753021,573.000014,918.175801128,46.218568523,43.1306514,81.844082443,16,160.24010099378464,8.066067607984387,7.527164109283949,14.283434632341912
dish_1561753075,668.000011,945.670747848,47.436817915,46.316841176,82.687485619,17,141.56747489155356,7.101319930217785,6.933658744505619,12.378365906793377
dish_1561753168,138.000004,245.50192794,12.455620652,5.432956833,25.627535857999998,7,177.89994262608863,9.025811805048935,3.9369251271905767,18.570677619690503
dish_1561753203,207.000002,265.471938365,13.340454003,7.747136811000001,26.240112911,8,128.2473119807023,6.444663707297934,3.7425781334050425,12.67638292631514
dish_1561753238,333.000001,298.034393229,13.711390705,14.026630322,28.881100203,14,89.49981751771826,4.117534733881277,4.212201285248645,8.67300303791891
dish_1561753275,397.000001,330.03439322900005,13.775390705,22.346630322,29.201100203,15,83.13208876515847,3.4698717053655628,5.628874122345405,7.355440838651282
dish_1561753371,103.000002,221.257730334,11.171754445000001,10.944117999,19.031263122,10,214.81332625022668,10.846363328225957,10.625357074264912,18.47695412860283
dish_1561753400,178.0,354.682682834,17.941112965000002,13.896811755999998,32.959271062,15,199.2599341764045,10.079276946629214,7.807197615730336,18.516444416853933
dish_1561753432,238.000001,380.321701973,19.463063552,16.882177693,33.369027171,16,159.7990337710125,8.177757760597656,7.09335194204474,14.020599592770589
dish_1561753477,280.000002,432.267023778,24.355025087,18.788651231,34.092748048,21,154.3810788179923,8.698223183226977,6.710232534569767,12.17598135874299
dish_1561753589,78.0,138.76195515,7.040133233,3.070801798,14.485128298,7,177.8999425,9.025811837179488,3.9369253820512826,18.570677305128207
dish_1561753623,148.99999599999998,159.310808285,7.950614194,5.452059356,15.115461180999999,8,106.9200084307385,5.335982823784775,3.659100337157057,10.14460509180148
dish_1561753649,195.99999599999998,164.010808285,7.950614194000001,6.392059356,15.585461181,9,83.67898552661195,4.056435896049713,3.261254840025609,7.95176607095441
dish_1561996084,38.0,205.58,15.96,0.532,14.06,1,541.0,42.00000000000001,1.4000000000000001,37.0
dish_1561996122,173.0,405.38,30.810000000000002,2.692,27.560000000000002,2,234.32369942196533,17.809248554913296,1.55606936416185,15.93063583815029
dish_1561996369,271.0,401.08,29.81,4.336,27.1,1,148.0,11.0,1.6,10.0
dish_1561996401,548.0,611.6,29.81,54.196,29.87,2,111.60583941605839,5.43978102189781,9.88978102189781,5.450729927007299
dish_1561996428,674.000005,681.79122354,33.374878335999995,62.80087838,32.820244016000004,4,101.15596713385781,4.951762327657549,9.31763767271782,4.869472369811036
dish_1561996535,34.0,11.56,0.068,2.72,0.272,1,34.0,0.2,8.0,0.8
dish_1561996554,83.0,29.200000000000003,0.117,7.130000000000001,0.517,2,35.18072289156627,0.14096385542168674,8.590361445783133,0.6228915662650603
dish_1561996579,131.0,211.45600000000002,13.605,8.618,14.485,3,161.4167938931298,10.385496183206106,6.578625954198474,11.057251908396946
dish_1561996612,220.0,336.94599999999997,19.657,24.637999999999998,16.354,4,153.1572727272727,8.935,11.19909090909091,7.433636363636363
dish_1561996647,330.0,499.746,31.756999999999998,26.398,27.354,5,151.43818181818182,9.623333333333333,7.99939393939394,8.289090909090909
dish_1561996750,43.0,29.67,0.086,7.74,0.301,1,69.0,0.2,18.0,0.7000000000000001
dish_1561996786,99.0,119.27,5.686,9.42,8.141,2,120.47474747474747,5.743434343434344,9.515151515151516,8.223232323232322
dish_1561996813,159.0,150.47,5.806,9.84,14.141,3,94.63522012578616,3.6515723270440255,6.188679245283018,8.8937106918239
dish_1561996836,210.000002,178.88072868,7.2489264,13.322927,15.3351464,5,85.1812985601781,3.451869681410765,6.344250891959516,7.302450597119519
dish_1561996859,295.000002,227.33072868,7.503926399999999,25.222927,15.9301464,6,77.06126343687278,2.5437038471613294,8.550144687795628,5.4000495905081385
dish_1561996893,353.000002,309.11072867999997,11.4479264,35.662926999999996,17.148146399999998,7,87.56677816676046,3.2430386218524725,10.102812124063385,4.857831813836647
dish_1561997248,21.0,113.61,8.82,0.294,7.77,1,541.0,42.00000000000001,1.4,37.0
dish_1561997274,185.0,356.33,26.86,2.918,24.169999999999998,2,192.6108108108108,14.518918918918919,1.5772972972972972,13.064864864864864
dish_1561997299,282.000002,410.36610115999997,29.604390592,9.542390359999999,26.441219552,4,145.51989299631282,10.498010773772974,3.3838263447955574,9.376318923572207
dish_1561997365,168.0,98.952,0.672,6.048,16.8,1,58.9,0.4,3.5999999999999996,10.0
dish_1561997401,335.0,194.142,1.173,29.427999999999997,17.969,2,57.95283582089552,0.3501492537313433,8.784477611940297,5.3638805970149255
dish_1561997900,60.0,84.6,4.08,10.8,1.26,1,141.0,6.800000000000001,18.000000000000004,2.1
dish_1561997933,107.0,159.8,8.780000000000001,12.21,7.84,2,149.34579439252337,8.205607476635516,11.41121495327103,7.327102803738319
dish_1561999287,90.0,50.136585780000004,2.546341512,6.14634146,2.107317072,2,55.70731753333333,2.829268346666667,6.829268288888889,2.341463413333333
dish_1561999309,127.000001,98.23061968100001,5.124406162,11.840760924,3.29131709,7,77.34694402167761,4.034965450118382,9.323433725012332,2.5915882394363132
dish_1561999332,157.00000100000003,260.530619681,17.724406162,12.260760924,14.39131709,8,165.94306880354733,11.289430604525919,7.809401812678968,9.166443947984432
dish_1561999355,294.000001,463.290619681,32.794406162,14.452760924,28.091317089999997,9,157.5818428929189,11.154559881106941,4.9159050594697105,9.554869726003844
dish_1561999624,245.0,362.6,26.95,3.92,24.5,1,148.0,11.0,1.6,10.0
dish_1561999706,502.0,557.9200000000001,26.95,50.18,27.07,2,111.1394422310757,5.368525896414343,9.996015936254981,5.392430278884462
dish_1562007739,65.0,28.6,1.365,2.795,2.08,1,44.0,2.1,4.3,3.2
dish_1562007763,297.999994,290.700426151,6.343606673,47.406930765,11.839697295999999,10,97.5504805382647,2.128727114336787,15.908366348826167,3.97305286388697
dish_1562007789,321.999996,302.954897411,6.650677427,49.535137545,12.643239787999999,12,94.08537303553258,2.0654277980177365,15.383583279609727,3.926472032626981
dish_1562007817,390.999995,444.121356962,15.101502278,51.505573208,26.162634081,18,113.58602625097221,3.862276846832185,13.172781040061137,6.691210847969447
dish_1562007842,433.999995,492.281356962,15.187502278,61.395573208,27.796634081,19,113.42888539941112,3.499424528334384,14.14644560260882,6.404754470331272
dish_1562007866,464.999995,497.861356962,15.249502278,62.604573208000005,28.075634081,20,107.06695963770925,3.2794628907469128,13.463349221756443,6.037770835029794
dish_1562007904,488.999995,525.461356962,17.817502278,64.116573208,28.267634081,21,107.4563113159132,3.64366103480226,13.111773796234907,5.780702325160555
dish_1562008394,24.0,2.4,0.0,0.48,0.24,1,10.0,0.0,2.0,1.0
dish_1562008429,69.000001,94.46508712699999,5.511407961000001,1.765066677,9.056996532000001,13,136.90592138831997,7.9875476538036585,2.5580676107526434,13.126081740201718
dish_1562008476,120.000001,120.50582518699999,6.163931929,6.28750584,10.76452422,14,100.42152015232067,5.136609898028252,5.239588156336765,8.97043677524636
dish_1562008517,370.000008,401.729470578,11.505784396000001,54.15438718600001,21.236303038,18,108.57553024106963,3.109671391142241,14.6363205446201,5.739541237523433
dish_1562008549,405.000008,417.129470578,12.240784396,55.659387186000004,22.356303038,19,102.99492897244585,3.0224158405448724,13.74305829297663,5.5200747151590175
dish_1562008695,72.0,18.0,0.216,3.6,1.296,1,25.0,0.3,5.0,1.8000000000000003
dish_1562008738,109.00000200000001,64.0666167,4.610000536,5.13744464,2.136500054,10,58.776711490335565,4.229358212305353,4.713251876821066,1.9600917566955638
dish_1562008780,195.0,180.846406974,14.93047026,9.853951975,4.773051186,14,92.74174716615384,7.656651415384615,5.053308705128204,2.447718556923077
dish_1562008813,225.0,214.593239836,15.571492095,15.597977679,6.029664628,19,95.37477326044444,6.920663153333333,6.9324345240000005,2.679850945777778
dish_1562008842,294.0,355.759699758,24.022316954,17.568413406,19.549058950000003,26,121.0067005979592,8.17085610680272,5.975650818367347,6.649339778911566
dish_1562008936,131.0,57.64,2.751,5.633,4.192,1,44.0,2.0999999999999996,4.300000000000001,3.2
dish_1562008979,289.999995,382.936628415,22.224640818999998,10.173568958,35.345386058,13,132.04711552322613,7.663669380063263,3.5081272873815053,12.188064368070076
dish_1562009006,322.999995,470.716628415,25.425640818999998,21.063568958,38.975386058,14,145.73270455158985,7.87171554569219,6.521228880514379,12.06668317688364
dish_1562009098,96.0,70.08,4.608,1.824,7.68,1,73.0,4.8,1.9,8.0
dish_1562009120,146.000001,95.61013659,5.247729481,6.257763963,9.354046782,5,65.48639447612058,3.59433523634017,4.286139671327811,6.406881313651497
dish_1562009148,209.999998,226.54714173,13.08617589,8.085414258,21.893774446,14,107.87959232742467,6.231512387919166,3.8501973023828318,10.425606978339113
dish_1562009182,274.0,306.2299314,20.6866085,10.744777928,23.347612383,20,111.76274868613139,7.549857116788321,3.921451798540146,8.521026417153285
dish_1562009314,195.00000799999998,99.56752936999999,2.494944485,17.291679666,6.528782558,4,51.06026937701459,1.2794586577657987,8.867527670050148,3.348093482129498
dish_1562009810,108.0,119.88,0.972,24.84,2.808,1,110.99999999999999,0.8999999999999999,23.0,2.6
dish_1562009894,200.0,244.807223285,12.012503097,29.885565988,5.628496683,10,122.4036116425,6.0062515485,14.942782994,2.8142483415
dish_1562009934,368.999993,434.914392584,15.623594853,62.243575646000004,12.707418717,16,117.8629812559373,4.234036625848933,16.868178001835354,3.4437449750845928
dish_1562010048,198.999993,407.132250849,24.372669070999997,5.682850494,38.990715965999996,12,204.58907797499268,12.24757282830658,2.855703866281041,19.593325295242597
dish_1562010085,263.999994,440.321432329,25.204317893,11.446743537,41.166976746,13,166.78842512738845,9.547090327964174,4.335887801951995,15.593552152126186
dish_1562010130,375.999992,638.1876311799999,37.533435434,28.654206737000003,47.262806160000004,17,169.7307565846969,9.982296870368017,7.620799826240423,12.569895522763735
dish_1562010266,283.99999499999996,581.0329711710001,34.783106306,8.110199059000001,55.645042516,12,204.58907795790634,12.24757285858403,2.855703944290563,19.593325174530374
dish_1562010293,403.999995,633.832971171,37.303106306,13.270199059000001,59.485042516,13,156.88935124145237,9.233442269225769,3.2847027780284996,14.724020606980453
dish_1562010315,476.999995,671.106966991,38.237111042,19.743494242,61.929150748,14,140.69328595925876,8.016165920924172,4.139097368753641,12.983050607369503
dish_1562010369,68.999999,141.166459551,8.450824851,1.970435663,13.519394293000001,12,204.5890747781025,12.247572425327137,2.8557039008073026,19.59332534628008
dish_1562010394,116.000001,188.610428101,12.935694011,3.708065487,14.159580914,19,162.5951952371104,11.151460258177067,3.196608150891309,12.206535165460904
dish_1562010418,157.000003,209.545139641,13.460272089,7.343752017,15.532299318,20,133.4682392592056,8.573421548915512,4.677548966034097,9.893184089939158
dish_1562010440,191.000003,247.625139641,13.528272089000001,15.163752017,16.824299318,21,129.64666793277487,7.082864856813642,7.9391370569769055,8.808533535991621
dish_1562010821,133.999997,274.149359815,16.411747239,3.826643046,26.255055645,12,204.58907906915852,12.247572840617302,2.8557038296053094,19.593325546865493
dish_1562010865,216.0,376.24293186299997,26.149801459000003,7.233952343,28.117785419,18,174.18654252916664,12.106389564351854,3.3490520106481485,13.017493249537038
dish_1562010891,341.0,438.742931863,26.274801459,23.483952343,28.742785419,19,128.66361638211143,7.705220369208211,6.8867895434017585,8.428969331085044
dish_1562010929,404.999999,457.265838498,27.095516264,25.630438133,29.310972834,20,112.90514558692628,6.690250945901854,6.328503258341983,7.2372772608327836
dish_1562011727,181.99999,372.352097005,22.290581174000003,5.197381049,35.659849120000004,12,204.58907552961955,12.247572746569933,2.8557040299837375,19.593324768864
dish_1562011765,282.99999099999997,423.92297125500005,23.582834621000003,14.153584082,39.041423570000006,13,149.796107680795,8.333157374906067,5.001266619121554,13.795556470530068
dish_1562011794,363.999991,514.642971255,23.744834621,32.783584082,42.11942357,14,141.38543515925525,6.52330637585098,9.00647936609427,11.571270497641303
dish_1562012048,247.999999,278.973852482,5.299118183,47.483944543,10.388004237,9,112.48945709955424,2.1367412114384727,19.146751909059486,4.188711402777062
dish_1562012076,437.999999,525.973852482,5.869118183,100.683944543,15.518004237000001,10,120.08535472211268,1.339981323378953,22.987202002938815,3.542923349869688
dish_1562085132,17.0,91.97,7.14,0.238,6.29,1,541.0,42.0,1.4,37.0
dish_1562085163,144.0,279.93,21.11,2.27,18.99,2,194.39583333333334,14.659722222222221,1.576388888888889,13.1875
dish_1562085185,227.0,550.51,39.370000000000005,28.83,21.148,3,242.5154185022026,17.343612334801765,12.70044052863436,9.316299559471366
dish_1562085604,423.0,241.11,1.269,59.22,2.961,1,57.00000000000001,0.3,13.999999999999998,0.7
dish_1562085672,46.0,122.084,1.932,19.458,6.21,1,265.4,4.199999999999999,42.3,13.5
dish_1562086037,121.0,68.97,0.363,16.94,0.847,1,56.99999999999999,0.3,14.000000000000002,0.7000000000000001
dish_1562086067,209.0,178.178,0.5389999999999999,42.812,2.255,2,85.25263157894737,0.25789473684210523,20.48421052631579,1.0789473684210527
dish_1562086116,285.0,290.658,8.899,44.028000000000006,9.854999999999999,3,101.98526315789474,3.122456140350877,15.44842105263158,3.457894736842105
dish_1562086501,132.0,195.36,14.52,2.112,13.2,1,148.00000000000003,11.0,1.6,10.0
dish_1562086564,287.0,286.81,14.985,25.362000000000002,14.44,2,99.93379790940766,5.2212543554006965,8.83693379790941,5.031358885017421
dish_1562086595,324.0,308.603,15.133,26.694,18.14,3,95.24783950617284,4.670679012345678,8.238888888888889,5.598765432098766
dish_1562086702,33.0,178.53,13.86,0.462,12.21,1,541.0,42.0,1.4000000000000001,37.00000000000001
dish_1562086740,215.0,447.89,33.879999999999995,3.374,30.41,2,208.32093023255817,15.75813953488372,1.5693023255813954,14.144186046511628
dish_1562094621,34.0,10.54,0.034,2.38,0.612,1,31.0,0.1,6.999999999999999,1.7999999999999998
dish_1562094694,142.000006,134.59600514200002,11.607294487999999,7.249882776,2.2461177660000002,10,94.78591510904585,8.174150702500674,5.105551034976717,1.5817730078124081
dish_1562094730,336.00001199999997,428.19448665699997,24.716470904999998,11.798436616,39.125518922,19,127.43883076319653,7.356092268532419,3.5114393436390716,11.644499263291694
dish_1562094877,155.00000699999998,234.576116845,10.473827422,3.63415417,29.46550122,12,151.33942338789703,6.757307709024814,2.3446154876625265,19.00999992858065
dish_1562094931,282.000007,376.749092104,25.350722505,9.95454595,47.635503069,23,133.59896551491929,8.98961768642793,3.529980745709698,16.89202194558811
dish_1562095283,197.000004,229.51742559899998,19.747327416,11.772672986,5.26871485,9,116.50630504504964,10.024023865502055,5.9759760136857665,2.674474488843158
dish_1562095340,381.000004,718.957425599,37.595327416,72.492672986,25.508714849999997,10,188.70273439655924,9.867539900603257,19.02694809053073,6.695200677740674
dish_1562096343,62.0,6.2,0.0,1.24,0.62,1,10.0,0.0,2.0,1.0
dish_1562096372,287.0,346.713695961,15.203941766,6.515384985,43.392499356,13,120.8061658400697,5.297540685017422,2.2701689843205575,15.119337754703832
dish_1562096401,352.0,366.863695961,15.268941766000001,11.065384985,44.562499356000004,14,104.22264089801136,4.337767547159091,3.1435752798295455,12.659800953409093
dish_1562096512,25.0,30.339603629,2.738935487,1.373377621,0.49201329200000005,8,121.358414516,10.955741948,5.493510484,1.9680531680000002
dish_1562096542,50.0,38.089603628999996,2.763935487,3.123377621,0.9420132920000001,9,76.17920725799999,5.527870974,6.246755242,1.8840265840000001
dish_1562096584,89.99999700000001,94.990566749,4.666847518,11.278716911,2.650751048,10,105.54507768372481,5.185386303957321,12.531908096619157,2.94527904039819
dish_1562096608,162.99999400000002,176.712036329,13.218133118,14.91169801,13.094924764000002,19,108.41229621701703,8.10928441997366,9.148281324476612,8.033696469952018
dish_1562096633,236.99999400000002,288.703210725,18.218541111,16.646713151,27.162324741,27,121.81570381178997,7.687148342712616,7.023929777399066,11.460896805339159
dish_1562096907,265.999995,297.779612863,31.159480877,13.23798524,38.056853563,14,111.94722498509822,11.714090775452833,4.976686273997863,14.307088074569323
dish_1562096933,313.999995,312.659612863,31.207480877000002,16.59798524,38.920853563,15,99.57312670116444,9.938688335647903,5.285982644681252,12.395176491324467
dish_1562096973,349.999997,348.999675543,34.642699956,17.928935829,39.411209279999994,20,99.7141938669788,9.897914357982124,5.122553137907598,11.260345605088675
dish_1562097001,417.999997,529.879675543,41.238699956,40.368935829,46.89120928,21,126.76547352774261,9.865717763629553,9.657640219791675,11.217992731229613
dish_1562097624,68.0,77.58602318999999,2.310680085,12.609708647,2.772815514,2,114.09709292647057,3.3980589485294117,18.543689186764706,4.077669873529412
dish_1562097653,101.999999,116.1655184,5.92128502,14.058498413999999,3.3745288799999997,10,113.8877642538016,5.805181449070406,13.782841717478838,3.308361679493742
dish_1562097673,306.999997,345.657321758,29.935170149,24.260705367,32.704059148,20,112.59196258493776,9.750869850659965,7.9025099687541696,10.652788100190111
dish_1562099053,37.0,98.383,3.478,12.395,4.144,1,265.9,9.4,33.5,11.200000000000001
dish_1562099076,61.0,110.18100445,3.761948352,14.762364090999998,4.357234741,5,180.6245974590164,6.167128445901639,24.2005968704918,7.143007772131147
dish_1562099102,127.0,210.06502156599998,8.221771289,16.309810257,16.903834571,15,165.40552879212598,6.47383566062992,12.842370281102362,13.310105961417323
dish_1562099134,188.000001,271.641230846,14.042558364,18.565031872,17.73471506,22,144.49001563888288,7.469445898566778,9.875016900664804,9.433359024290642
dish_1562099157,207.000001,277.53123084599997,14.061558364,19.895031872,18.076715059999998,23,134.0730577320142,6.79302333143467,9.611126461781998,8.732712547184962
dish_1562168365,140.0,70.0,0.14,18.2,0.7,1,50.0,0.1,13.0,0.5
dish_1562168399,243.0,128.71,0.449,32.62,1.4209999999999998,2,52.96707818930041,0.18477366255144034,13.4238683127572,0.5847736625514403
dish_1562168427,368.0,193.71,0.6990000000000001,33.495,13.921,3,52.638586956521735,0.18994565217391304,9.101902173913043,3.7828804347826086
dish_1562168450,431.0,282.54,4.983,44.835,15.244,4,65.55452436194896,1.1561484918793503,10.402552204176335,3.536890951276102
dish_1562168471,490.000003,312.66556253,5.737880891,50.066841573,17.219375242,8,63.809298084841025,1.1709960930347179,10.217722707442514,3.5141581911378075
dish_1562168648,31.999999,41.59483639,2.229677284,4.924902971,1.0239999579999999,5,129.98386778074587,6.967741730241929,15.39032226532257,3.199999968749999
dish_1562168673,72.999999,56.35483639,2.270677284,8.614902971,1.228999958,6,77.19840707121107,3.11051687000708,11.801237108236123,1.6835616093638575
dish_1562168696,140.999999,95.11483639,2.474677284,18.134902971,1.704999958,7,67.45733125147044,1.7550902847878742,12.861633403983214,1.2092198369448215
dish_1562168800,241.999999,237.52483639,9.342677284,36.314902971,3.8259999579999997,8,98.15075924442462,3.8606104638868204,15.006158314488257,1.5809917247148415
dish_1562169729,50.000001000000005,25.530136589999998,0.639729481,4.4337639630000005,1.674046782,4,51.060272158794554,1.2794589364108213,8.867527748649445,3.34809349703813
dish_1562169762,210.000001,262.33013659,18.239729481,6.993763963000001,17.674046782,5,124.91911206705184,8.685585425782927,3.3303637760458873,8.416212713256131
dish_1562169818,274.999998,346.819650173,22.768761533000003,16.99747347,19.754046734000003,10,126.11623734375445,8.279549708578545,6.180899488588359,7.183289773696654
dish_1562169840,388.999998,739.6636501730001,53.890761533,21.78547347,41.756046734,11,190.14489819431824,13.853666275083118,5.600378812855418,10.734202300432917
dish_1562170163,107.0,53.5,0.107,13.91,0.535,1,50.0,0.1,13.0,0.5
dish_1562170207,285.0,154.95999999999998,0.641,38.83,1.7810000000000001,2,54.37192982456139,0.2249122807017544,13.624561403508773,0.6249122807017544
dish_1562170236,333.0,169.35999999999999,0.737,42.478,2.069,3,50.85885885885886,0.22132132132132132,12.756156156156157,0.6213213213213213
dish_1562170331,400.0,263.83,5.293,54.538,3.476,4,65.9575,1.32325,13.6345,0.869
dish_1562170356,432.0,385.334,14.285000000000002,55.53,12.788,5,89.19768518518518,3.3067129629629632,12.854166666666666,2.960185185185185
dish_1562172561,290.0,150.8,0.58,2.03,29.0,1,52.0,0.2,0.7,10.0
dish_1562172600,370.0,263.6,6.0200000000000005,16.43,30.68,2,71.24324324324324,1.627027027027027,4.440540540540541,8.291891891891892
dish_1562172643,457.0,734.27,42.56,17.648,62.87,3,160.67177242888403,9.312910284463896,3.861706783369803,13.757111597374177
dish_1562173111,163.0,792.18,50.53,68.46,27.71,1,485.99999999999994,31.0,42.0,17.0
dish_1562173175,162.999996,165.36660971,7.169494472999999,13.684191550000001,12.646372925000001,3,101.45191028716344,4.398462974808907,8.395209745894718,7.758511187325428
dish_1562173200,258.999996,213.36660971,7.2654944729999995,26.164191549999998,13.126372925,4,82.38093166225376,2.8052102645592316,10.102004615474975,5.068097732711934
dish_1562173247,149.0,290.55,17.88,17.88,13.261,1,195.00000000000003,12.0,12.0,8.9
dish_1562173267,171.0,409.57,27.119999999999997,18.188,21.401,2,239.51461988304095,15.859649122807015,10.63625730994152,12.515204678362574
dish_1562173381,113.0,389.398,30.849,4.746,21.809,1,344.6,27.3,4.2,19.3
dish_1562173411,159.0,638.258,50.169,5.390000000000001,38.829,2,401.4201257861635,31.55283018867924,3.3899371069182394,24.420754716981133
dish_1562173742,15.0,81.15,6.3,0.21,5.55,1,541.0,42.0,1.4000000000000001,37.0
dish_1562179966,36.0,194.76,15.12,0.504,13.32,1,541.0,42.0,1.4000000000000001,37.0
dish_1562180025,256.000005,798.913618873,55.475595395999996,12.930508887999999,59.06646885,10,312.07562627703857,21.670154028317302,5.050979935723047,23.072838943889863
dish_1562180089,436.999997,851.298721463,57.79668038999999,19.00103882,60.673373831999996,12,194.80520075678626,13.225785077064883,4.34806383305307,13.8840673337579
dish_1562180157,556.999994,1009.176783387,72.163282794,25.456961116,63.837645545,18,181.1807530085898,12.955706206704196,4.570370088011168,11.460977779651465
dish_1562181217,199.00001,546.484428288,36.503471896,11.240341678,41.379762051,9,274.61527679722224,18.343452292288827,5.6484126196777575,20.793849231967375
dish_1562181247,220.00001,660.094428288,45.323471896,11.534341678,49.149762050999996,10,300.0429083107769,20.601577198110128,5.242882342596257,22.34079991678182
dish_1562181285,324.000005,796.922075229,57.774526531999996,17.129474345,51.892130917,17,245.9635996700062,17.831643716178334,5.286874716251933,16.016089542035658
dish_1562183065,75.0,16.5,0.225,2.475,2.325,1,22.0,0.3,3.3000000000000003,3.1000000000000005
dish_1562183096,95.000001,41.188979145,2.571043263,3.280260076,2.804969889,10,43.356819696244,2.7063613009856704,3.452905306811523,2.9525998520778964
dish_1562183125,131.000001,88.552403532,6.8810245960000005,5.217036825,3.7542514750000002,14,67.59725408857058,5.252690491200837,3.9824708283780854,2.86584079873404
dish_1562183151,195.000001,108.392403532,6.9450245960000005,9.697036825,4.906251475,15,55.585847680072575,3.561551056607431,4.972839371934157,2.5160263845331983
dish_1562183175,324.000001,290.282403532,15.717024596000002,32.917036825,7.615251475,16,89.59333414693415,4.850933502311934,10.159579235618581,2.3503862504617707
dish_1562183201,425.000001,558.942403532,25.514024596000002,66.247036825,18.725251475,17,131.51585934513915,6.003299890815765,15.587538039794028,4.405941513162491
dish_1562184604,78.0,211.38,14.82,0.0,19.5,1,271.0,19.0,0.0,25.0
dish_1562184628,121.0,444.01,32.879999999999995,0.602,35.41,2,366.95041322314046,27.173553719008257,0.49752066115702476,29.26446280991735
dish_1562184663,271.000005,600.5404333,50.940566147,5.702526672,56.024379791,14,221.60163181546807,18.797256533998958,2.1042533456779826,20.673202493483352
dish_1562184705,376.000005,635.1904333,51.203066147,13.052526671999999,58.229379791,16,168.9336236312018,13.617836560135151,3.4714166219226508,15.486536972519454
dish_1562602589,106.0,365.276,28.938,4.452,20.458,1,344.6,27.299999999999997,4.2,19.299999999999997
dish_1562602627,171.0,577.176,43.238,25.252000000000002,22.148,2,337.52982456140353,25.285380116959068,14.767251461988307,12.95204678362573
dish_1562602657,236.0,610.3651726400001,44.069647822,31.015893043,24.32426078,6,258.629310440678,18.67357958559322,13.14232756059322,10.306890161016948
dish_1562602687,311.0,721.3651726400001,52.319647822,32.215893043,31.824260779999996,7,231.95021628295822,16.82303788488746,10.358808052411577,10.232881279742765
dish_1562602803,119.999997,121.74228657,5.2781552640000005,10.07425122,9.31021308,3,101.4519080112977,4.398462829961571,8.39520955988024,7.7585110939627775
dish_1562602832,187.999997,144.18228657,5.482155264,15.51425122,9.78621308,4,76.69270684616022,2.9160400805751077,8.252261418919064,5.205432572427115
dish_1562602860,257.999997,165.18228657,5.622155264,20.83425122,10.206213080000001,5,64.02414282586213,2.179129972625542,8.07529126444137,3.955896588634457
dish_1562602888,342.999997,209.38228657,5.792155264,21.42925122,18.70621308,6,61.04439895082564,1.6886750188513848,6.24759516251541,5.453706485017841
dish_1562602918,416.999997,265.62228657,5.792155264000001,34.749251220000005,19.44621308,7,63.698390523010005,1.389006068506039,8.333153829734922,4.663360484388685
dish_1562602945,491.999997,308.37228657,6.017155264,45.249251220000005,19.97121308,8,62.67729440047132,1.2229990448556853,9.197002336567088,4.05918967515766
dish_1562603536,14.0,75.74,5.88,0.196,5.18,1,540.9999999999999,42.0,1.4000000000000001,37.0
dish_1562603569,62.000001,121.67951532,7.050732,8.62526842,5.64829269,3,196.25727960875355,11.37214820367503,13.911723033681886,9.110149353062107
dish_1562603598,156.000001,175.25951532,7.332732,21.78526842,6.30629269,4,112.34584243368049,4.700469200638018,13.964915564327466,4.042495288189133
dish_1562603626,209.000001,201.75951532,7.385732,28.67526842,6.57129269,5,96.53565280126482,3.5338430452926173,13.720224058754907,3.144159166774358
dish_1562603813,146.0,475.96,32.12,46.72,3.796,1,326.0,21.999999999999996,32.0,2.6
dish_1562603842,236.999995,594.245316072,38.460644685999995,60.725193014,6.707999892,6,250.73642557334233,16.22812046304051,25.62244485026255,2.830379760978476
dish_1562603867,368.999995,1049.117316072,74.496644686,66.269193014,32.183999892,7,284.3136396443582,20.188792871392856,17.95913114145164,8.721951308427526
dish_1562603895,516.999995,1268.157316072,90.776644686,68.637193014,46.983999892,8,245.29155286974424,17.55834537019676,13.276052935745195,9.087814380346366
dish_1562605315,147.0,217.56,16.17,2.352,14.7,1,148.0,11.000000000000002,1.6,10.0
dish_1562605352,195.000003,242.06893365000002,16.784140507000004,6.608413563,16.30708497,5,124.13791278249366,8.607251409632031,3.3889299801703086,8.362607548267576
dish_1562605384,262.000001,306.19283181000003,18.418286507,18.374266923,16.96074349,6,116.86749261119277,7.029880319351603,7.013078951476798,6.473566192848984
dish_1562605411,363.000001,336.49283181,18.620286507000003,26.050266923,17.56674349,7,92.69774955455165,5.129555497439242,7.1763820526821425,4.839323262150625
dish_1562611522,50.0,132.95,4.7,16.75,5.6,1,265.9,9.4,33.5,11.2
dish_1562611580,50.0,141.0,6.0,16.0,6.0,1,282.0,12.0,32.0,12.0
dish_1562611620,76.0,199.84532131600002,9.791893092999999,17.088621678,11.093416687,12,262.9543701526316,12.884069859210525,22.485028523684207,14.596600903947369
dish_1562611649,146.000003,278.488996466,17.10179857,20.045014216,12.508036992,17,190.745884070975,11.713560423693965,13.7294615096686,8.567148448620237
dish_1562611680,256.000003,326.88899646600004,19.41179857,24.775014216000002,16.028036992,18,127.69101274815222,7.582733727546088,9.677739814713988,6.260951876629471
dish_1562611824,109.000001,192.566218978,11.998873779,16.746549676,5.932548497,8,176.66625432232794,11.008140980659258,15.36380690124948,5.442704993186193
dish_1562611853,242.999998,267.214017008,15.790092599,25.897769026,9.070109417,9,109.96461695773347,6.497980546896959,10.657518205411671,3.73255534635848
dish_1562611878,310.999997,286.894601658,16.662101645,28.178410214000003,9.673808554999999,10,92.24906894709713,5.357589005057129,9.060582149780535,3.11054940460337
dish_1562612974,32.0,8.96,0.128,1.696,0.704,1,28.000000000000004,0.4,5.3,2.1999999999999997
dish_1562613010,128.0,90.27199999999999,0.608,1.696,18.848,2,70.52499999999999,0.475,1.325,14.725
dish_1562613045,207.0,166.112,1.7930000000000001,18.286,21.534,3,80.24734299516908,0.866183574879227,8.833816425120773,10.402898550724638
dish_1562613285,84.00000200000001,111.74450519,7.762758077,9.664679273,2.12651458,8,133.0291696778769,9.241378443062418,11.505570289153088,2.5315649159151206
dish_1562613340,189.000001,349.389062868,23.076171886,14.061035977,22.696081195,17,184.86193704729135,12.20961468989622,7.4397015357687755,12.008508505245988
dish_1562613376,267.000001,371.963864143,24.076419027,16.677065575,23.388559618000002,18,139.31230814602134,9.017385369597807,6.2460919522618275,8.759760123746217
dish_1562613403,315.000002,398.703379173,25.434468103,19.955114405,24.512462074000002,19,126.57250052112698,8.074434267146449,6.334956913746305,7.781733942338198
dish_1562613867,56.999998000000005,83.886049176,5.606606146,7.847055180000001,1.830647174,11,147.16851249012325,9.836151478461455,13.766763956728559,3.2116618214618184
dish_1562613898,161.999998,120.636049176,6.026606146,15.19705518,4.350647174,12,74.46669794156418,3.7201272965447814,9.38089837507282,2.6855847084640083
dish_1562613918,206.999997,133.659975061,6.603672069,16.706302974,4.750153943,13,64.5700371971503,3.190179789712751,8.070677882183737,2.294760392194595
dish_1562613974,375.000002,416.196636704,19.963216207,20.551163868,39.229142296999996,19,110.98576919580923,5.323524293474537,5.480310335571678,10.461104556740775
dish_1562614088,67.0,23.45,0.268,4.69,1.608,1,35.0,0.4,7.000000000000001,2.4
dish_1562614121,154.999999,123.492511202,9.446691557000001,8.71603466,3.3952480130000002,9,79.67258838627477,6.094639753513806,5.623248204020956,2.190482603164404
dish_1562614158,301.000004,453.931626352,30.739629959,14.829064014,31.996742096,17,150.80784728228775,10.212501511793999,4.926599274729578,10.6301467344831
dish_1562614895,148.0,51.8,0.592,10.36,3.552,1,35.0,0.4,6.999999999999999,2.4
dish_1562614921,286.999999,285.56544921,11.645432555000001,13.541164859999999,32.079256949,13,99.50015686585421,4.057642019364606,4.718175925847302,11.177441484590387
dish_1562614952,403.0,548.106111108,28.563109293,18.3980923,54.803731242000005,20,136.00647918312657,7.087620171960298,4.565283449131513,13.598940754838711
dish_1562614980,485.0,566.146111108,28.809109293,21.104092299999998,57.34573124200001,21,116.73115692948454,5.940022534639175,4.351359237113401,11.823862111752579
dish_1562615070,49.999998000000005,14.471020835000001,0.641183469,1.676941982,0.443896407,3,28.942042827681714,1.2823669892946794,3.3538840981553637,0.8877928495117139
dish_1562615103,109.999999,94.28853644499999,6.186011953,8.580284328,1.962835477,9,85.71685209288047,5.623647281124066,7.80025855091144,1.784395904403599
dish_1562615128,244.000006,397.568276383,25.728845997,14.190873308,28.21352209,18,162.93781418308652,10.544608755870275,5.815931540591848,11.562918605010198
dish_1562615153,286.000005,468.20243851600003,29.068731773000003,15.152088308,36.833269117,24,163.70714347225274,10.16389205063126,5.297932882203971,12.87876520037124
dish_1562615283,78.000001,176.535963638,11.375679283999999,3.2658649740000003,15.280250072,11,226.3281556086134,14.584204023279435,4.1870063232435095,19.59006394371713
dish_1562615324,136.000001,258.31596363799997,15.319679284,13.705864973999999,16.498250071999998,12,189.93820716074845,11.26446997893772,10.07784181854528,12.131066140212747
dish_1562615360,191.000003,331.48201286799997,20.402437946,20.033928863,17.890610881,18,173.55078935155828,10.681904515991029,10.48896782635129,9.366811832458453
dish_1562615388,273.000003,360.182012868,20.730437946,25.773928863000002,19.858610881,19,131.93480179851866,7.593566929741022,9.440999479769237,7.274216359990297
dish_1562617370,55.0,155.1,6.6,17.6,6.6,1,282.0,12.0,32.0,12.0
dish_1562617395,125.0,185.9,8.07,20.61,8.84,2,148.72,6.456,16.488,7.072000000000001
dish_1562617416,168.0,200.95000000000002,8.241999999999999,23.619999999999997,9.872,3,119.61309523809524,4.90595238095238,14.059523809523808,5.876190476190476
dish_1562617446,232.0,291.19,12.594,35.14,11.216000000000001,4,125.51293103448276,5.428448275862069,15.14655172413793,4.83448275862069
dish_1562617470,320.999999,440.86715765499997,19.671377677,37.176860839,29.481653689,16,137.3417940898498,6.128155058654689,11.581576621437934,9.184315819577309
dish_1562617492,373.0,558.557799977,27.255163868,39.354104135,39.668487074000005,23,149.74739945764074,7.307014441823057,10.550698159517426,10.634983129758714
dish_1562617703,110.0,179.63,6.49,26.95,4.51,1,163.3,5.9,24.5,4.1
dish_1562617939,133.000003,234.966114212,14.640826485,20.433864128,7.238797973,8,176.66624730226513,11.008139965981806,15.363807268485552,5.442705120089358
dish_1562617972,203.00000699999998,273.961245432,16.621315229,25.214352148,8.877822436999999,9,134.95627388426644,8.187839731946415,12.420862698787987,4.373311394516356
dish_1562618000,448.000006,685.993865094,36.103983315,30.821440999,59.159678581,16,153.1236285505764,8.058924739166187,6.879785845136797,13.205285220688145
dish_1562686492,100.0,160.0,10.0,3.0,14.0,1,160.0,10.0,3.0,14.000000000000002
dish_1562686520,226.0,346.48,23.86,5.016,26.6,2,153.30973451327435,10.557522123893804,2.2194690265486727,11.76991150442478
dish_1562686548,280.0,413.49399999999997,23.968,20.892,27.464,3,147.67642857142854,8.559999999999999,7.461428571428572,9.808571428571428
dish_1562686577,531.0,556.564,24.721,56.032,29.221,4,104.81431261770244,4.655555555555556,10.55216572504708,5.5030131826741995
dish_1562686664,209.0,119.13,0.627,29.26,1.463,1,56.99999999999999,0.3,14.000000000000002,0.7000000000000001
dish_1562687246,60.999998,115.42160308199999,11.899805032,2.3172606179999997,0.6011272780000001,8,189.21574896117207,19.507877741241895,3.7987880229110824,0.9854545864083473
dish_1562687274,140.999998,161.021603082,12.139805032,13.517260618,1.1611272780000002,9,114.19972011772653,8.609790924961573,9.586709794137727,0.823494535085029
dish_1562687299,195.999998,180.821603082,12.194805032,18.467260617999997,1.436127278,10,92.25592088118286,6.2218393655289725,9.42207184002114,0.7327180064563062
dish_1562687527,209.999998,203.221603082,13.594805032,18.887260618,3.3961272780000002,11,96.77219286544945,6.473716743559208,8.993933713275558,1.6172034811162237
dish_1562687554,280.999998,409.334603082,23.747805032,42.104260618,9.005127278,12,145.67067829018276,8.45117622812225,14.983722746503364,3.2046716519905454
dish_1562688382,71.0,113.6,7.1,2.13,9.94,1,160.0,10.0,3.0,13.999999999999998
dish_1562688426,88.0,137.57,8.256,5.1899999999999995,10.296999999999999,2,156.32954545454544,9.381818181818181,5.897727272727272,11.701136363636362
dish_1562688482,169.0,193.45999999999998,8.418,19.77,10.863999999999999,3,114.47337278106508,4.981065088757395,11.698224852071005,6.428402366863904
dish_1562688524,242.0,215.35999999999999,8.564,25.317999999999998,11.302,4,88.99173553719008,3.5388429752066117,10.46198347107438,4.670247933884298
dish_1562688552,304.0,235.82,8.75,30.278,11.735999999999999,5,77.57236842105263,2.8782894736842106,9.959868421052631,3.8605263157894734
dish_1562689519,173.0,169.54,7.439,5.882,19.03,1,98.0,4.300000000000001,3.3999999999999995,11.0
dish_1562689548,267.0,216.54,7.533,18.102,19.5,2,81.10112359550563,2.8213483146067415,6.7797752808988765,7.303370786516854
dish_1562689601,37.0,20.61170711,1.046829244,2.52682927,0.866341464,2,55.70731651351352,2.8292682270270273,6.829268297297297,2.3414634162162162
dish_1562689620,147.0,183.41170711,13.146829244,4.28682927,11.866341464,3,124.76986878231293,8.943421254421768,2.9162103877551018,8.07234113197279
dish_1562689645,169.0,302.43170711,22.386829243999998,4.59482927,20.006341464000002,4,178.95367284615384,13.246644523076922,2.718833887573964,11.83807187218935
dish_1562690047,68.00000299999999,68.6423391,6.488747040000001,2.5140176530000002,0.926227449,10,100.94461187009067,9.542274637840826,3.6970846207168555,1.3620991296132738
dish_1562690074,104.00000299999999,263.4023391,21.608747039999997,3.0180176530000002,14.246227449000001,11,253.27147259793833,20.77764078526036,2.901939967251732,13.698295228895333
dish_1562690112,207.00000300000002,428.2023391,31.90874704,6.108017653,28.666227449,12,206.86103038365653,15.414853419108404,2.9507331229362346,13.848418856786198
dish_1562690144,354.000003,645.7623391,48.07874704,8.460017653,43.366227449,13,182.41873831283556,13.581566845353954,2.3898354749448973,12.250346633189153
dish_1562690886,37.0,20.61170711,1.046829244,2.52682927,0.866341464,2,55.70731651351352,2.8292682270270273,6.829268297297297,2.3414634162162162
dish_1562690917,122.0,69.06170711,1.3018292439999999,14.42682927,1.461341464,3,56.60795664754098,1.067073150819672,11.825269893442623,1.1978208721311474
dish_1562690950,202.0,109.06170711,1.381829244,24.82682927,1.8613414640000001,4,53.99094411386138,0.6840738831683169,12.290509539603962,0.9214561702970298
dish_1562691000,349.0,326.62170711,17.551829244,27.17882927,16.561341463999998,5,93.58788169340974,5.029177433810888,7.787630163323783,4.745370046991403
dish_1562691032,415.0,419.68170711,22.039829244,39.058829270000004,17.947341463999997,6,101.12812219518072,5.31080222746988,9.411766089156627,4.324660593734939
dish_1562691064,501.0,555.30370711,23.931829244,64.77282927,21.989341464,7,110.83906329540918,4.776812224351297,12.92870843712575,4.389090112574849
dish_1562691383,70.0,86.87,0.14,20.58,1.12,1,124.10000000000001,0.2,29.4,1.6
dish_1562691409,164.0,225.99,10.48,22.084,10.52,2,137.79878048780486,6.390243902439025,13.465853658536586,6.414634146341464
dish_1562691441,231.999998,263.87097843000004,12.403902844,26.727902269999998,12.112195064000002,4,113.73749168308184,5.346509892642326,11.520647629488339,5.22077377948943
dish_1562691466,266.999998,319.87097843000004,15.903902844,27.777902269999995,17.012195064,5,119.8018654779166,5.956517963719235,10.403708793286206,6.371608685929653
dish_1562691538,96.0,49.92,0.192,0.672,9.6,1,52.0,0.2,0.7000000000000001,10.0
dish_1562691566,186.999999,100.61365653,2.766633948,6.886634089999999,11.730731687999999,3,53.80409468879195,1.4794834025640822,3.682692046431508,6.273118583278708
dish_1562691613,299.999999,213.67015652999999,2.879633948,33.66763409,13.199731688,5,71.22338574741129,0.9598779858662599,11.222544734075148,4.399910577333036
dish_1562691645,344.999999,285.67015653,7.379633948,35.01763409,19.499731688,6,82.80294416174766,2.1390243389536936,10.15003889608707,5.652096157832163
dish_1562691674,435.0,376.97687108,11.338250286000001,42.573322458,26.482391658,9,86.66134967356322,2.60649431862069,9.78697068,6.087906128275862
dish_1562691705,554.0,412.67687107999996,11.576250286,51.617322458000004,27.196391658,10,74.49040994223826,2.0895758638989173,9.317206219855596,4.909095967148015
dish_1562691737,700.0,485.67687108,11.722250286,70.597322458,27.926391658,11,69.38241015428571,1.6746071837142855,10.085331779714284,3.9894845225714284
dish_1562698100,82.999999,24.021896225,1.0643646869999999,2.783723786,0.736868061,3,28.94204399327764,1.2823671082212904,3.353884119926315,0.8877928552746127
dish_1562698132,178.000004,128.09681059800002,12.129619120000001,7.157574954,14.232164501,13,71.96449871877533,6.8143926109125275,4.021109434357092,7.995597854593307
dish_1562698209,135.000005,284.13312672,16.311676803999998,4.006618021,27.579001943,9,210.46897496040836,12.082723111010255,2.9678650908198123,20.428889571522614
dish_1562698239,230.000005,407.63312672,16.596676803999998,30.606618021000003,30.144001943,10,177.23179037322197,7.215946279653342,13.307224937234242,13.106087516389403
dish_1562698276,307.000005,434.58312672,16.904676804,35.996618021,31.992001942999998,11,141.55801942739384,5.506409292729491,11.72528255203123,10.42084736871584
dish_1562699570,22.0,24.42,0.198,5.06,0.572,1,111.00000000000001,0.9000000000000001,23.0,2.6
dish_1562699612,73.999998,98.39125892,2.6717862649999997,15.66194135,2.79335914,3,132.96116429624766,3.6105220773114066,21.164786180129354,3.774809750670534
dish_1562699652,102.999998,132.178088402,5.578753429,17.394974118,3.568956686,11,128.32824365880083,5.416265570218749,16.888324714336402,3.4650065585438163
dish_1562699699,216.999999,372.112727292,19.353058331,20.778340231,26.857891417,16,171.4805202796337,8.918460101467558,9.575272039978213,12.376908544133219
dish_1562700496,124.0,31.0,0.372,6.2,2.232,1,25.0,0.3,5.0,1.8000000000000003
dish_1562700524,174.000002,89.108777454,5.059611617000001,10.023355136,3.1072223070000002,10,51.211940476874254,2.9078227349675556,5.760548862522427,1.785759926025748
dish_1562700568,318.000006,246.864430307,21.832206929,16.653192777,23.563250141,19,77.6303225311889,6.865473747506785,5.2368529757197555,7.4098269485567245
dish_1562700593,384.000007,385.773958897,29.806804694999997,18.611983890999998,37.046317255,23,100.46196663142248,7.7621885811580205,4.846870716593502,9.647478275957427
dish_1562700685,110.0,24.2,0.33,3.63,3.41,1,22.0,0.3,3.3000000000000003,3.1
dish_1562700718,255.00000300000002,329.38002643,17.849949439,7.933404275999999,33.031890956,10,129.16863629605524,6.999980089804154,3.111138895163071,12.953682575446871
dish_1562700760,418.000003,370.13002643,18.338949439,16.083404276,35.965890955999996,11,88.54785257740775,4.387308446741805,3.8477043446337014,8.604280071261147
dish_1562700885,117.0,29.25,0.351,5.85,2.106,1,25.0,0.3,5.0,1.7999999999999998
dish_1562700906,221.999996,59.639145665,1.697485487,9.371578186,3.038182461,4,26.864480513323976,0.7646331160294254,4.2214316913771475,1.368550682766679
dish_1562700931,312.000001,164.234944096,10.135186208,16.253617579,4.613582662,11,52.63940499025832,3.2484571075369963,5.209492797084959,1.4787123869272039
dish_1562700957,424.0,286.933780176,23.180537321,21.410158119,20.523825599,20,67.67306136226415,5.467107858726415,5.049565594103774,4.840524905424528
dish_1562701956,38.0,6.84,0.076,1.482,0.342,1,18.0,0.2,3.9,0.9000000000000001
dish_1562702007,99.999998,24.784071945,0.871068183,3.561408074,0.8924315490000001,4,24.78407244068145,0.8710682004213639,3.561408145228163,0.8924315668486313
dish_1562702044,176.999998,44.034071945,1.102068183,7.411408074,2.278431549,5,24.878007029694995,0.6226373985608746,4.187236247313404,1.2872494772570562
dish_1562702091,214.000001,86.534738615,5.066992979999999,9.079793774,2.838268181,11,40.43679355637012,2.3677537179076924,4.242894267089279,1.326293536325731
dish_1562702132,359.000003,245.38591486800001,21.956064518999998,15.755671764999999,23.436351543,19,68.35262195471347,6.1158953580844395,4.388766471681617,6.5282315730231355
dish_1562702355,98.999998,68.882931961,5.822042092,3.4734254919999996,1.640872333,8,69.57872055815596,5.880850716784862,3.508510668858801,1.6574468344938753
dish_1562702379,226.999998,100.882931961,6.206042092000001,9.873425491999999,3.9448723329999997,9,44.44182063869445,2.7339392716646636,4.349526686779971,1.737829236897174
dish_1562702412,284.999998,183.389336761,8.965265012,21.698668292,6.422542253,11,64.34713615717288,3.145707043829523,7.613567875182932,2.2535236133580603
dish_1562702441,370.999998,209.189336761,9.137265012,28.234668292,6.938542253,12,56.38526627727906,2.46287467958423,7.61042276124217,1.870227032454054
dish_1562702469,529.000003,541.730336321,28.227969331999997,32.923895361,39.216188284,19,102.40649021716546,5.3361000324984875,6.223798709694903,7.413268064575039
dish_1562702813,59.0,41.051442918,3.469701726,2.070021226,0.977893586,8,69.5787168101695,5.880850383050848,3.508510552542373,1.6574467559322033
dish_1562702853,169.00000599999998,272.567332578,16.760698507,5.334673144,23.449672984,16,161.28243958642227,9.917572728961916,3.1566112157416137,13.875545651755777
dish_1562702892,338.00001,457.711113111,36.44520194,13.115524312,47.457094424000005,26,135.4174850796602,10.782603805248408,3.8803325218836533,14.040560065072189
dish_1562703345,58.0,154.28,5.626,19.14,6.38,1,266.0,9.700000000000001,33.0,11.0
dish_1562703382,145.0,203.87,5.8870000000000005,31.32,6.989,2,140.60000000000002,4.0600000000000005,21.6,4.82
dish_1562703408,196.000002,311.20918316,12.049189381,32.833611418,17.407733638,11,158.78019386958985,6.147545539820964,16.751842389266912,8.881496663454117
dish_1562703447,259.000001,384.426231534,17.955578867,37.651038675,18.510513691,15,148.42711584931615,6.932655906437622,14.537080513370345,7.146916455417311
dish_1562704528,56.0,148.904,5.264,18.76,6.272,1,265.9,9.4,33.5,11.200000000000001
dish_1562704564,123.999998,292.02290112000003,13.480251681999999,20.778148287,20.163644525,10,235.50234341132813,10.871170886631788,16.75657146946083,16.261003911467803
dish_1562704616,212.999997,317.781327115,14.621559223,23.763105085,20.953780148,11,149.19311342290771,6.864581891519933,11.156387520981983,9.837455607100313
dish_1562704640,274.999997,333.28132711499995,14.807559223,26.863105085,22.069780148,12,121.19321118210773,5.38456704892255,9.768401955655294,8.02537468682227
dish_1562704665,398.999997,387.841327115,17.411559223,32.195105085,26.037780148,13,97.20334085992486,4.363799336820547,8.06894870352593,6.5257594846548335
dish_1562774099,39.999997,51.993542791,2.787096498,6.156128324,1.27999987,5,129.98386672629002,6.967741767580632,15.390321964274149,3.1999999149999936
dish_1562774129,76.999997,73.083542791,2.8980964979999997,11.336128324,1.53899987,6,94.91369563429983,3.763761832354357,14.722245150217345,1.9987012077416058
dish_1562774159,128.999997,90.76354279099999,3.0020964980000002,15.496128324,1.95499987,7,70.35933713316287,2.327206641717984,12.012502856104717,1.5155038104380731
dish_1562774180,180.999997,164.08354279099999,6.538096498,24.856128324,3.04699987,8,90.65389254730208,3.6122080698156034,13.732667809933721,1.6834253704435143
dish_1562774206,271.999997,298.763542791,16.548096498,26.312128324,12.146999869999998,9,109.83953900227432,6.083859073719033,9.673576696399742,4.465808824990538
dish_1562774346,264.000003,422.6514341,31.805714709999997,4.186285761000001,28.28571465,2,160.0952383701299,12.047619071428569,1.5857142853896107,10.714285730519482
dish_1562774456,69.0,237.774,18.837,2.898,13.317,1,344.6,27.3,4.2,19.3
dish_1562774475,128.0,320.964,22.849,13.517999999999999,14.556000000000001,2,250.753125,17.85078125,10.5609375,11.371875000000001
dish_1562774504,176.0,335.364,22.945,17.166,14.844,3,190.54772727272726,13.036931818181818,9.753409090909091,8.434090909090909
dish_1562774531,254.0,379.824,23.179000000000002,28.086,15.389999999999999,4,149.53700787401576,9.125590551181103,11.05748031496063,6.059055118110235
dish_1562774980,201.0,136.68,2.814,24.12,4.824,1,68.0,1.4000000000000001,12.000000000000002,2.4
dish_1562775047,461.0,284.88,3.5940000000000003,60.519999999999996,6.644,2,61.79609544468546,0.7796095444685467,13.127982646420824,1.4412147505422994
dish_1562775110,282.0,101.52,0.282,25.38,1.41,1,36.0,0.09999999999999998,9.0,0.5
dish_1562775212,136.0,92.48,1.904,16.32,3.264,1,68.0,1.4,12.0,2.4
dish_1562775241,220.0,140.36,2.1559999999999997,28.08,3.852,2,63.800000000000004,0.9799999999999998,12.763636363636364,1.7509090909090907
dish_1562775275,318.0,173.68,2.352,35.92,4.635999999999999,3,54.61635220125787,0.7396226415094339,11.29559748427673,1.4578616352201255
dish_1562775356,120.0,177.6,13.2,1.92,12.0,1,148.0,11.0,1.6,10.0
dish_1562775373,148.0,329.08,24.96,2.312,22.36,2,222.35135135135135,16.864864864864863,1.5621621621621622,15.108108108108107
dish_1562775456,66.0,50.16,0.0,11.88,0.66,1,75.99999999999999,0.0,18.000000000000004,1.0
dish_1562775488,145.0,91.24,0.158,12.433000000000002,8.56,2,62.92413793103447,0.1089655172413793,8.574482758620691,5.903448275862069
dish_1562775510,190.000002,114.21711911,0.733756037,16.423387693000002,10.06664215,6,60.114272583007654,0.3861873838296065,8.64388816848539,5.298232654755446
dish_1562775549,252.000002,174.97711911,3.399756037,18.531387693,16.88664215,7,69.43536417511615,1.349109527784845,7.353725216637101,6.7010484190392985
dish_1562775574,387.000002,242.47711911,3.5347560369999997,36.081387692999996,17.56164215,8,62.65558600953185,0.913373648251299,9.323355944840538,4.537892004972135
dish_1562776428,65.999999,33.69977411,0.844442309,5.8525682429999994,2.209741686,4,51.060264576670676,1.279458063325122,8.867527775265572,3.348093514365053
dish_1562776465,212.000001,173.43246171,4.405418309000001,31.491592923,3.634131946,5,81.8077645716615,2.078027494443267,14.854524893610732,1.7142131739895605
dish_1562776497,292.000001,291.83246171,13.205418309000002,32.771592923,11.634131946,6,99.94262353101841,4.52240351499177,11.22314822286593,3.9842917486839324
dish_1562777000,132.0,195.36,14.52,2.112,13.2,1,148.00000000000003,11.0,1.6,10.0
dish_1562777037,171.000001,215.27350730999999,15.018989095,5.57033586,14.50575649,5,125.8909392111641,8.783034507116758,3.2575063318274484,8.482898482556148
dish_1562777068,236.000001,236.72350731,15.213989094999999,10.77033586,14.96075649,6,100.30657046903997,6.446605521412688,4.563701616255502,6.3393035705961704
dish_1562777099,306.000004,303.71863095,16.921306095,23.06301934,15.64368335,7,99.2544532613797,5.529838520851784,7.536934326314585,5.112314753433794
dish_1562777566,84.0,263.004,3.528,46.62,10.92,1,313.1,4.2,55.49999999999999,13.0
dish_1562783605,270.0,75.6,1.08,14.31,5.94,1,27.999999999999996,0.4,5.3,2.2
dish_1562783691,423.0,421.68600000000004,23.877000000000002,14.463000000000001,40.518,2,99.68936170212767,5.64468085106383,3.419148936170213,9.578723404255319
dish_1562784242,32.0,85.12,3.104,10.56,3.52,1,266.0,9.700000000000001,33.0,11.0
dish_1562784266,76.0,131.804,4.16,20.240000000000002,4.884,2,173.4263157894737,5.473684210526316,26.63157894736842,6.426315789473684
dish_1562784307,157.000002,158.518121088,5.112941532000001,24.925294194,5.67811766,5,100.96695482080311,3.256650615838846,15.875983360815498,3.6166354061575112
dish_1562784347,264.000002,315.988436385,15.637624458000001,39.655731501,9.114595791,14,119.69258863301069,5.923342552853466,15.021110303249163,3.4524983795265274
dish_1562784388,358.000002,465.636436385,20.243624458,63.719731501,11.464595791,15,130.06604295633497,5.654643671761767,17.798807582408894,3.2024010410480392
dish_1562785132,192.000007,211.5426767032,24.600799466,10.392798398,28.9555550888,7,110.17847343265981,12.812915921404109,5.412915634945784,15.081017725587895
dish_1562785159,315.00000700000004,265.6626767032,27.183799466,15.681798398,32.891555088800004,8,84.3373558093921,8.629777416481135,4.978348587147809,10.441763288214784
dish_1562785184,390.000006,290.39796959119997,28.066152288,20.020033647,33.6268491988,9,74.46101669834333,7.196449193900782,5.133341881794741,8.622268892683044
dish_1562785328,91.000001,133.92335652900002,8.950899037,12.527755131,2.9226122329999997,11,147.16852204100528,9.836152679822497,13.766763728936663,3.211661759212508
dish_1562785369,232.000003,440.57784637400005,27.266017989,17.102180046,31.905462001,19,189.90424167106588,11.752593808802668,7.371629234849622,13.752354132943697
dish_1562786103,57.0,93.081,3.363,13.965,2.337,1,163.3,5.8999999999999995,24.5,4.1000000000000005
dish_1562787745,58.000001000000005,85.35773855000001,5.704968213,7.984722661,1.862763818,11,147.16851220399116,9.836151921790483,13.766762971262706,3.211661699798936
dish_1562787783,76.000001,114.01373855,6.5869682130000005,12.592722661,2.312763818,12,150.01807506555164,8.667063324117589,16.56937170435037,3.0431102468011813
dish_1562787817,183.999999,348.898027522,20.615570111000004,16.096537529,24.512392826000003,20,189.61849424901357,11.204114251652797,8.74811826982673,13.321952695228005
dish_1562787848,247.999999,416.802027522,22.151570111,30.176537529,26.496392826,21,168.0653343559086,8.932084758193891,12.167958730112737,10.684029408403346
dish_1562787956,61.0,26.84,1.281,2.623,1.952,1,44.0,2.0999999999999996,4.300000000000001,3.2
dish_1562787983,149.0,56.760000000000005,1.4569999999999999,9.663,2.6559999999999997,2,38.09395973154363,0.9778523489932885,6.4852348993288595,1.7825503355704695
dish_1562788010,181.999998,67.64352548,1.84523488,11.571823460000001,2.9795293999999997,5,37.16677265018431,1.013865329822696,6.358144828111483,1.6371040839242204
dish_1562788032,213.999996,137.238871908,6.001858025,12.609990531,9.557197126999998,17,64.1303151743984,2.804606606160871,5.8925190498601685,4.465980049364112
dish_1562788506,108.0,114.588,2.592,23.76,3.348,1,106.1,2.4,22.0,3.1
dish_1562788536,190.0,245.132,6.609999999999999,44.752,5.398,2,129.01684210526315,3.478947368421052,23.553684210526317,2.8410526315789473
dish_1562788568,229.999999,289.2033877124,11.735166048,46.917166456000004,11.4304067746,9,125.74060389991566,5.102246130009766,20.398768113038123,4.9697420975206175
dish_1562788601,286.999995,413.1700909604,19.139150143,48.766401800000004,23.1468772406,19,143.96170667543043,6.668693545796053,16.991777926686026,8.065114161622198
dish_1562788732,52.000001,57.29280743,6.662716345,2.81471634,7.84212937,7,110.1784737081063,12.812915801674695,5.4129159343670015,15.081017729211199
dish_1562788760,177.999999,331.324480774,23.029419127,6.902500045,33.7416963,17,186.13734979515363,12.93787598672964,3.877809035830388,18.956009263797803
dish_1562788794,280.999999,465.224480774,23.338419126999998,35.742500045,36.5226963,18,165.56031403188726,8.305487263364721,12.719750950959968,12.997400864759435
dish_1562788816,319.999999,506.60348077400005,24.274419126999998,44.322500045,37.7316963,19,158.31358823660497,7.585756000892988,13.85078130734619,11.79115513059736
dish_1562788845,371.999999,529.483480774,25.366419127,46.558500045,39.3956963,20,142.33426940788783,6.818929891179919,12.515725852192814,10.590240969328605
dish_1562789207,55.0,146.245,5.17,18.425,6.16,1,265.90000000000003,9.4,33.5,11.200000000000001
dish_1562789240,153.999998,361.555600546,18.02955202,21.636830044,26.509660096,15,234.7763670399528,11.707501463733786,14.049889821427138,17.214065220961885
dish_1562789268,349.999998,569.511600546,22.73355202,64.756830044,32.585660096,16,162.71760108581486,6.495300614258862,18.501951546868295,9.310188652058219
dish_1562789301,434.999998,606.911600546,24.518552019999998,68.411830044,35.305660096000004,17,139.5199088129651,5.636448766144592,15.726857553686703,8.116243737545949
dish_1562789328,502.999998,656.551600546,27.782552019999997,69.703830044,40.745660096,18,130.52715768519744,5.523370204864294,13.857620342177418,8.100528878332124
dish_1562790170,84.00000399999999,103.69373175300001,9.853383981,3.382092103,2.01587355,9,123.44491287524227,11.73021846641817,4.02629993089048,2.399849350007174
dish_1562790224,116.000005,312.74973828599997,30.397384623,7.830092242,6.847873701,9,269.6118317288003,26.204640786868932,6.750079228013826,5.90333914295952
dish_1562790259,207.00000500000002,518.591738286,43.956384623,7.921092242,27.413873701,10,250.5274037486134,21.23496790398628,3.826614517231533,13.243416926970605
dish_1562790295,268.000004,538.709775454,44.674031465,11.449523581000001,28.011912911,11,201.01110724386407,16.669414476949036,4.272210227653579,10.45220615407155
dish_1562790321,354.00000400000005,767.469775454,53.016031465,39.829523581,37.471912911,12,216.79936914746474,14.976279905635254,11.25127772060703,10.585286013443094
dish_1562790775,40.0,75.686304344,7.803151740000001,1.519515004,0.39418178000000004,8,189.21576086000002,19.507879350000003,3.79878751,0.9854544500000001
dish_1562790824,367.999997,437.0716909808,49.829514925000005,19.273878776,49.8599190422,12,118.76948221301207,13.540629166092085,5.237467101392395,13.548891154529002
dish_1562790855,506.99999299999996,739.3764747168,67.884845763,23.783417669000002,78.4316640412,21,145.83362621797906,13.389516114450913,4.691009466937015,15.469756434730364
dish_1562859116,98.0,145.04,10.78,1.568,9.8,1,148.0,10.999999999999998,1.6,10.0
dish_1562860045,123.0,280.28999999999996,21.28,1.9180000000000001,19.05,2,227.87804878048777,17.30081300813008,1.559349593495935,15.487804878048781
dish_1562860073,259.0,357.81,21.688,20.958,20.002000000000002,3,138.15057915057915,8.373745173745172,8.091891891891892,7.722779922779924
dish_1562860700,47.0,23.5,0.047,6.11,0.235,1,50.0,0.1,13.0,0.5
dish_1562860723,160.0,87.91,0.386,21.93,1.026,2,54.94375,0.24125000000000002,13.70625,0.64125
dish_1562861103,49.999998999999995,94.607873283,9.753938710999998,1.899394056,0.49272730400000003,8,189.21575035031503,19.507877812157552,3.7987881879757643,0.9854546277090928
dish_1562861125,234.999999,190.80787328300002,10.123938711,3.194394056,18.992727304000002,9,81.19484004040358,4.308059044289612,1.3593166253587943,8.082011653114945
dish_1562861174,273.999999,401.79787328300006,26.503938710999996,3.740394056,33.422727304,10,146.64156012752397,9.672970367784561,1.3651073246901726,12.198075702912686
dish_1562862493,134.0,198.32,14.74,2.144,13.4,1,148.0,11.0,1.6,10.0
dish_1562862529,204.0,221.42,14.950000000000001,7.744,13.89,2,108.53921568627449,7.32843137254902,3.796078431372549,6.8088235294117645
dish_1562862550,257.000002,364.52000499999997,19.19000003,29.103000979999997,18.829600202,4,141.83657671722506,7.466926023603689,11.324124806816148,7.326692628586049
dish_1562871297,47.0,124.973,4.418,15.745,5.264,1,265.9,9.4,33.5,11.200000000000001
dish_1562871363,140.0,245.873,4.697,41.785,7.775,2,175.6235714285714,3.3550000000000004,29.846428571428568,5.553571428571429
dish_1562871408,228.0,271.34200022,5.825483236,44.736418008,8.556257708,5,119.00964921929824,2.555036507017544,19.621235968421054,3.7527446087719305
dish_1562871448,276.000003,295.85093387,6.439623743,48.992831570999996,10.163342678000001,7,107.19236617906849,2.333196982972497,17.751025738575805,3.682370495481481
dish_1562871488,393.000003,321.59093387,6.790623743,52.853831571,13.790342678,8,81.8297535407398,1.7278940689982643,13.448812001917466,3.5089930210509443
dish_1562871537,554.000003,685.77293387,30.779623743000002,53.014831571,50.176342678000005,9,123.78572746505922,5.555888732188328,9.569464130670772,9.057101517380318
dish_1562871731,131.0,17.03,0.262,2.882,1.965,1,13.0,0.2,2.2,1.5000000000000002
dish_1562872150,34.0,7.48,0.102,1.122,1.054,1,22.0,0.3,3.3000000000000003,3.1
dish_1562872182,296.0,41.540000000000006,0.626,6.886,4.984,2,14.033783783783784,0.2114864864864865,2.3263513513513514,1.683783783783784
dish_1562872223,468.000003,306.86274842899996,8.376755275,10.477844449000001,47.902870201999995,16,65.56896291921605,1.7899049618168488,2.238855637144088,10.235655960455196
dish_1562872365,76.0,9.88,0.152,1.672,1.14,1,13.0,0.2,2.1999999999999997,1.5
dish_1562872396,186.000002,179.56315203900002,5.108878090999999,3.969109776,28.58811505,15,96.53932801516852,2.7467086215407672,2.133929964151291,15.369954162688664
dish_1562872432,257.000002,259.083152039,5.250878091,20.299109775999998,31.28611505,16,100.81056421120185,2.0431432101700917,7.898486232696604,12.173585527832019
dish_1562872470,282.000003,286.381478276,8.330788463,21.324805344999998,34.48636037,25,101.55371462035056,2.954180274600919,7.56198763054623,12.229205674866607
dish_1562872498,320.000002,306.264977966,9.317838462,23.918305274999998,35.153260352,26,95.70780501620122,2.911824501176097,7.47447035172206,10.985393791341288
dish_1562872662,121.99999599999998,133.215808813,15.029960223,5.005394202,15.617197424,14,109.19328949240294,12.319639930971803,4.102782267304337,12.800981914786295
dish_1562872746,202.99999699999998,242.36398927,23.447699819,12.912596293,17.217416957,18,119.39112948361277,11.550591214540757,6.360884967402241,8.481486311056448
dish_1562872914,123.999997,135.399677666,15.276353088,5.087450328,15.873216788,14,109.19329108209577,12.31963988515258,4.102782621841515,12.80098159034633
dish_1562872945,233.999997,258.599677666,15.496353088,30.387450328,20.053216788,15,110.51268418007713,6.622373199432134,12.986090050249016,8.569750873971165
dish_1562872981,287.999997,268.319677666,15.604353087999998,32.493450328,20.539216788,16,93.16655571562384,5.418178211994911,11.282448148081057,7.131672570121589
dish_1562873002,306.999997,278.26142766600003,16.097878087999998,33.790200328,20.872666788,17,90.63890240559189,5.243608548960344,11.006580018956807,6.798914329631084
dish_1562873028,319.999997,280.341427666,16.123878088,34.232200328,20.963666788,18,87.60669696693779,5.038711949737925,10.69756270278965,6.551145932666993
dish_1562873155,79.000002,41.336750620000004,2.052025002,5.39175014,1.386450036,2,52.324999460126605,2.597499936772154,6.82500000443038,1.7550000011392408
dish_1562873187,255.000002,64.21675062,2.404025002,9.263750139999999,4.026450036,3,25.1830392613095,0.942754895350942,3.632843163663975,1.5790000017333334
dish_1562873224,436.000001,261.856601706,24.702572918,16.689786019,27.196227139,16,60.058853464543915,5.665727720491451,3.827932564385476,6.237666760693425
dish_1562873264,595.000001,503.60020170599995,35.514572918,66.933786019,33.333627139,17,84.63868922010303,5.968835774506158,11.24937578260609,5.6022902660465705
dish_1562873416,119.0,52.36,2.499,5.117,3.808,1,44.0,2.1,4.3,3.2
dish_1562873495,152.0,140.107,5.601,16.172,7.504,2,92.17565789473684,3.6848684210526317,10.639473684210527,4.936842105263158
dish_1562873544,200.999999,193.611710506,11.637623412,18.182363351,13.776481215,16,96.32423456181212,5.789862422835136,9.045951960925134,6.853970787830701
dish_1562873790,75.000002,75.70845906,7.156705994,2.772813481,1.0215743609999999,10,100.94460938814376,9.542274404206017,3.6970845427444123,1.3620991116773569
dish_1562873814,134.000004,106.58020968,8.689230996000001,6.799563621,2.057024397,11,79.53746753619501,6.484500549716403,5.074301058229819,1.5350927877584246
dish_1562873838,342.000004,427.435629001,18.06223804,11.143189359,53.958913274000004,22,124.9811766086997,5.281356090276537,3.25824246452348,15.777459837105734
dish_1562874049,155.0,412.145,14.57,51.925,17.36,1,265.9,9.4,33.5,11.200000000000001
dish_1562874203,331.999999,362.521715522,40.901203435,13.621237857,42.499259089,14,109.19328813672678,12.31963962596277,4.102782499405971,12.800981691870424
dish_1562874250,393.000001,394.439966142,42.485678437,17.784487997,43.569809125,15,100.36640334308804,10.810605172746552,4.525315000444491,11.086465397998815
dish_1562874282,469.000001,427.879966142,44.081678437,21.052487997,46.001809124999994,16,91.23240196794798,9.399078537955056,4.4888034013031906,9.808488065440322
dish_1562875159,98.0,260.68,9.506,32.34,10.78,1,266.0,9.700000000000001,33.0,10.999999999999998
dish_1562875211,147.0,282.24,10.535,34.447,12.347999999999999,2,192.00000000000003,7.166666666666667,23.433333333333337,8.399999999999999
dish_1562875241,275.000006,479.689495475,16.303004559999998,37.12000075,44.287624812000004,16,174.43254000329006,5.928365165199305,13.498181796403308,16.104590489354393
dish_1562875273,306.000006,495.910245475,17.108229559999998,39.23575075,44.831674812,17,162.06216854616665,5.590924583184485,12.822140516559339,14.650873834296593
dish_1562875320,377.000006,603.858645475,21.93622956,61.67175075000001,47.572274812,18,160.1747044733469,5.818628437899813,16.358554315248476,12.618640332859837
dish_1562875833,143.0,156.146403263,17.617084973,5.866978695,18.305404028999998,14,109.1932889951049,12.319639841258741,4.102782304195805,12.800981838461537
dish_1562875870,233.0,256.946403263,17.797084973,26.566978695,21.725404029,15,110.27742629313305,7.6382338939914165,11.402136778969957,9.32420773776824
dish_1562875898,342.0,271.116403263,18.015084973,28.964978695,23.360404029,16,79.2738021236842,5.267568705555556,8.469292016081871,6.830527493859649
dish_1562875940,418.0,386.666803263,23.183084973,52.980978695,26.294004029,17,92.504019919378,5.546192577272727,12.674875285885168,6.290431585885167
dish_1562876494,26.0,40.106923153,1.171625367,0.542953282,6.487736116,14,154.25739674230766,4.506251411538462,2.088281853846154,24.952831215384613
dish_1562876531,85.0,66.066923153,2.410625367,3.079953282,8.375736116,15,77.72579194470589,2.836029843529412,3.623474449411765,9.853807195294118
dish_1562876618,43.0,114.337,4.042,14.405,4.816,1,265.90000000000003,9.4,33.5,11.200000000000001
dish_1562876645,112.000001,220.774612682,7.151314482,15.84591435,22.03345369,15,197.12018813464118,6.385102159061589,14.148137686177343,19.67272633327923
dish_1562876674,157.000001,289.192612682,10.211314481999999,30.06591435,23.77045369,16,184.199115184719,6.504021921630433,19.15026379522125,15.140416266621553
dish_1562876709,186.000003,304.366863302,10.964589484,32.04516449,24.279403726,17,163.63809591013825,5.894940487716013,17.228582781259416,13.053442652901465
dish_1562876732,291.000003,350.566863302,13.169589484,36.56016449,27.639403726,18,120.4697112329583,4.52563207842991,12.563630279412747,9.498076783868626
dish_1562876756,322.000003,354.59686330200003,13.231589483999999,37.24216449,28.104403726,19,110.12324844667782,4.109189242460969,11.565889485410969,8.728075609986874
dish_1562945131,66.999998,37.32389884,1.895609408,4.57560964,1.568780448,2,55.70731336439741,2.8292678575900854,6.829268323261741,2.3414634251183113
dish_1562945186,219.0,191.53079567,8.581272647999999,17.336327892,13.361717268,5,87.45698432420092,3.9183893369863005,7.916131457534246,6.101240761643836
dish_1562945332,325.0,246.65079566999998,8.793272648,18.078327892,23.961717268,6,75.89255251384614,2.705622353230769,5.562562428307693,7.372836082461538
dish_1562945393,401.000006,319.38836495,10.646931647999999,31.424670352,24.703180738,7,79.64797011748674,2.6550951343377283,7.836576030375421,6.160394106827021
dish_1562945445,463.000006,362.16836495,10.770931648,42.584670352,25.137180738,8,78.22210804679774,2.3263350990107763,9.197552872601907,5.429196633314947
dish_1562945499,625.000006,454.50836495,11.256931648,65.264670352,26.271180737999998,9,72.72133769387516,1.801109046389353,10.442347156073467,4.203388877727467
dish_1562945779,29.0,37.695322247,2.020645224,4.463193358,0.927999962,5,129.98386981724138,6.967742151724138,15.39032192413793,3.1999998689655174
dish_1562945803,63.99999999999999,50.295322247,2.055645224,7.613193358,1.102999962,6,78.58644101093752,3.2119456625000007,11.895614621875001,1.7234374406250001
dish_1562945823,99.0,62.195322247,2.1256452240000003,10.413193358000001,1.382999962,7,62.82355782525253,2.1471163878787882,10.51837712929293,1.3969696585858586
dish_1562945851,150.0,91.265322247,2.2786452240000004,17.553193358,1.739999962,8,60.84354816466667,1.5190968160000002,11.702128905333334,1.1599999746666665
dish_1562945879,234.0,174.425322247,3.118645224,34.353193358,5.939999962,9,74.54073600299145,1.3327543692307693,14.680851862393162,2.538461522222222
dish_1562945900,281.0,240.69532224699998,6.314645224,42.813193358,6.926999962,10,85.65669830854091,2.247204706049822,15.236011871174377,2.4651245416370107
dish_1562945967,104.0,358.384,28.392,4.368,20.072,1,344.6,27.3,4.2,19.3
dish_1562946006,224.0,535.984,41.592,6.288,32.072,2,239.27857142857144,18.567857142857143,2.8071428571428574,14.317857142857143
dish_1562946075,297.0,557.884,41.738,11.836,32.51,3,187.83973063973065,14.053198653198654,3.9851851851851854,10.946127946127945
dish_1562946106,359.0,578.964,41.861999999999995,16.796,33.006,4,161.27130919220056,11.660724233983286,4.678551532033426,9.193871866295265
dish_1562947020,332.999996,533.1171373,40.11857102,5.280428507,35.67857105,2,160.09523834949232,12.047619069641069,1.5857142854139854,10.714285729300729
dish_1562947376,73.0,36.5,0.073,9.49,0.365,1,50.0,0.1,13.0,0.5
dish_1562947409,190.0,103.19,0.424,25.869999999999997,1.184,2,54.310526315789474,0.22315789473684208,13.61578947368421,0.623157894736842
dish_1562947436,242.0,282.382,14.62,28.054,11.219999999999999,3,116.68677685950412,6.041322314049586,11.592561983471073,4.636363636363636
dish_1562947469,320.0,392.362,19.924,42.094,12.858,4,122.61312500000001,6.22625,13.154375000000002,4.018125
dish_1562947503,408.0,438.122,20.1,42.71,21.658,5,107.3828431372549,4.926470588235294,10.468137254901961,5.308333333333334
dish_1562947598,258.0,87.72,0.516,20.64,2.064,1,34.0,0.2,8.0,0.8
dish_1562947885,313.0,215.97,0.626,56.34,2.191,1,69.0,0.2,18.000000000000004,0.7
dish_1562949162,12.0,64.92,5.04,0.168,4.44,1,541.0,42.0,1.4000000000000001,37.00000000000001
dish_1562949205,57.0,80.22,5.13,3.7680000000000002,4.800000000000001,2,140.73684210526315,9.0,6.610526315789474,8.421052631578949
dish_1562949242,119.00000299999999,139.55853788000002,6.642195,14.65580544,5.4048780800000005,4,117.27607929556105,5.581676329873706,12.315802580273886,4.541914238439137
dish_1562949467,72.000002,24.65561384,1.896585808,1.545365888,1.05365856,2,34.24390715989147,2.634146882384809,2.1463414514905153,1.4634146260162604
dish_1562949494,149.000002,68.54561384,2.127585808,12.325365888,1.5926585599999998,3,46.003767060352125,1.4279099190884574,8.272057531918692,1.0688983480684784
dish_1562949515,189.000002,220.42561384,13.367585808,13.565365887999999,13.23265856,4,116.62730767590152,7.072796648965114,7.177442192831299,7.001406571413687
dish_1562949541,374.000002,494.22561384,33.717585808,16.525365888,31.732658560000004,5,132.14588534681343,9.01539722665563,4.418547005248412,8.484668018798567
dish_1562950018,142.0,200.22,9.656,25.56,2.982,1,141.0,6.800000000000001,18.0,2.1
dish_1562950057,223.0,320.1,18.566000000000003,26.855999999999998,11.082,2,143.542600896861,8.325560538116592,12.04304932735426,4.9695067264574
dish_1562950091,290.0,550.982,36.857,29.669999999999998,24.012999999999998,3,189.99379310344827,12.709310344827585,10.23103448275862,8.280344827586205
dish_1562950895,144.000003,137.81853788,3.512195,25.28780544,1.40487808,2,95.70731597831981,2.4390242547425505,17.56097563414634,0.9756097574525746
dish_1562950934,464.000003,304.21853788,4.152195,27.52780544,33.40487808,3,65.56433963643745,0.8948696062831706,5.932716651297091,7.19932712586642
dish_1562956486,142.0,103.66,6.816,2.698,11.36,1,73.0,4.8,1.9,8.0
dish_1562956510,198.99999999999997,221.16706614,12.196038447,8.990717687,21.758215273,9,111.13922921608041,6.128662536180905,4.517948586432161,10.93377651909548
dish_1562958445,21.0,24.15,2.247,1.323,0.168,1,114.99999999999999,10.7,6.3,0.8
dish_1562958563,68.0,130.84,9.767,2.686,8.158,2,192.41176470588235,14.363235294117645,3.95,11.99705882352941
dish_1562958603,93.0,171.84,10.417,9.436,10.408000000000001,3,184.7741935483871,11.201075268817204,10.146236559139785,11.191397849462367
dish_1562958629,172.0,208.97,10.575,18.125999999999998,13.015,4,121.49418604651163,6.1482558139534875,10.538372093023254,7.566860465116279
dish_1562958721,166.999986,125.72483384,3.698546839,21.363925787000003,2.161744439,10,75.28433795198043,2.214698891651404,12.792771004783198,1.2944578564216167
dish_1562958775,250.999984,227.18279376,11.121792101,29.460529041,3.690951984,17,90.51107898078591,4.43099315137805,11.737263314327542,1.4704988921433555
dish_1562958809,388.999987,511.67358858,24.147148213,44.695531087,28.865578226000004,22,131.5356312801111,6.207493321330112,11.489854133851168,7.420457375490865
dish_1562958998,103.999994,109.093586046,12.077430018,4.164993274,13.567005828000001,12,104.89768494217412,11.61291414882197,4.004801456046239,13.045198664146076
dish_1562959024,182.99999400000002,319.23358604599997,19.740430017999998,30.234993274,22.257005828,13,174.44458825829247,10.787120582091383,16.52185478978759,12.162298665430557
dish_1562959059,215.99999400000002,365.763586046,21.984430018,36.174993274,22.950005828,14,169.33499824356474,10.177977142906771,16.7476825365097,10.625002993287119
dish_1562959103,254.999994,395.013586046,22.101430018,43.194993274,23.418005828000002,15,154.90729229036765,8.667227661973984,16.93921344719718,9.183531913338006
dish_1562959129,292.999994,412.87358604599996,22.177430018000003,47.374993274,24.672005828,16,140.9124895906994,7.569088898343118,16.168940015063615,8.420479977211194
dish_1562959190,377.999991,518.801158084,31.284949652999998,53.022331453,26.722987698,23,137.24898688793883,8.276441904200997,14.027072146940869,7.0695736334025465
dish_1562959295,19.0,3.04,0.019,0.646,0.133,1,16.0,0.1,3.4000000000000004,0.7000000000000001
dish_1562959344,44.0,5.54,0.019,1.146,0.383,2,12.590909090909092,0.04318181818181818,2.604545454545454,0.8704545454545455
dish_1562959379,85.000001,57.066454082999996,4.4116078839999995,3.778441348,1.451472119,11,67.1370040136823,5.190126861292624,4.445225062997352,1.7076142375574797
dish_1562959485,36.000002,45.242734578,3.856923313,2.311411994,0.938170689,9,125.67425573476356,10.713675274240261,6.4205885155228595,2.6060295468872474
dish_1562959517,74.000001,91.14038387400001,7.2150580589999995,5.9741612989999995,1.629955058,14,123.1626792464503,9.750078326350293,8.073190835497421,2.2026419405048387
dish_1562959547,145.000002,165.61774073599997,15.460227171000001,8.8175703,10.892046027,23,114.21912996663268,10.662225488107236,6.081082881640236,7.51175577707923
dish_1562959570,216.000002,311.986189566,22.161678285,16.655868492,23.844208394,28,144.43804938761068,10.260036148055221,7.711050156379165,11.038985265379765
dish_1562959599,281.000002,403.636189566,26.581678285000002,28.355868492,25.209208394,29,143.642771065176,9.45967192021586,10.091056331024511,8.971248474937733
dish_1562959700,153.000001,315.41370394,14.441155442000001,16.890980773,27.910998155999998,8,206.15274632579906,9.438663625891088,11.039856642223159,18.242482335670047
dish_1562959732,232.000001,374.66370394,14.678155442,31.110980773,28.858998156000002,9,161.4929751401165,6.326791111522452,13.409905447802132,12.439223289486108
dish_1562959766,306.999995,431.12695315999997,16.339179387,40.705558556,29.829841433000002,17,140.4322345868442,5.322208356062026,13.259139810735176,9.716560885611742
dish_1562959799,362.999999,498.765598481,21.28800991,46.103294588,30.849313193,23,137.400991695595,5.8644655561004555,12.700632152894304,8.498433409913039
dish_1562960437,69.0,97.29,4.692,12.42,1.449,1,141.0,6.800000000000001,18.0,2.1
dish_1562960472,166.0,139.97,6.729,16.591,4.553,2,84.31927710843374,4.053614457831325,9.994578313253012,2.7427710843373494
dish_1562960520,303.000001,422.39926418,19.659969302,31.715603428999998,29.5452011,10,139.4056972890901,6.488438692117364,10.467195816609914,9.750891419964054
dish_1562961588,67.0,178.22,6.499,22.11,7.37,1,266.0,9.7,33.0,11.0
dish_1562961609,186.00000400000002,423.54177445,17.731009828,35.247430471,29.078554281,9,227.71062652772844,9.53280077778923,18.950231028489654,15.633630997663847
dish_1562961650,312.000003,555.712851186,32.363281186,40.293479918,45.515504820000004,18,178.11309161622026,10.372846434235452,12.914576772616252,14.588302686650936
dish_1562963006,246.999992,259.097266026,28.683896673,9.891858578999999,32.221640222,12,104.89768195053222,11.612914008920292,4.004801173839714,13.045198892961906
dish_1562963033,315.999992,356.387266026,33.375896673,22.311858579,33.670640221999996,13,112.78078324318439,10.561992885430199,7.060714918942149,10.655266162791547
dish_1562963059,388.999992,369.527266026,33.521896673,25.158858579,34.327640222,14,94.99415774435286,8.617454334806258,6.467573032495075,8.824586356803831
dish_1562963084,423.999992,375.12726602600003,33.556896673,26.348858578999998,34.572640222,15,88.4734134678946,7.914362572204952,6.214353555695349,8.153924734508013
dish_1562963109,487.999992,381.527266026,33.556896673000004,27.628858579,35.212640222,16,78.1818180902757,6.876413365392023,5.661651440969695,7.2157050818148365
dish_1562963153,520.999992,386.477266026,33.622896673,28.585858579,35.674640222,17,74.17989864882762,6.453531130380516,5.486729178107166,6.847339879037849
dish_1562963246,122.0,324.398,11.468,40.87,13.664,1,265.90000000000003,9.4,33.5,11.200000000000001
dish_1562963289,180.0,349.918,12.686,43.364,15.52,2,194.3988888888889,7.047777777777778,24.09111111111111,8.622222222222222
dish_1562963325,379.0,760.1619586300001,31.468940121,65.33331509199999,51.822539026,10,200.57043763324538,8.303150427704486,17.238341712928758,13.673493146701848
dish_1562963484,80.000001,100.539414465,8.570941427,5.136470693,2.084823557,9,125.67426651032167,10.713676649829042,6.420588285992647,2.6060294136746323
dish_1562963517,510.999981,552.648402725,58.622597991,22.397163527,58.309627181,18,108.15037637447584,11.47213310581317,4.383006724025691,11.410886369680707
dish_1562963583,52.0,138.32,5.044,17.16,5.72,1,265.99999999999994,9.7,33.0,11.0
dish_1562963612,156.0,184.07999999999998,7.228,21.632,9.048,2,118.0,4.633333333333333,13.866666666666669,5.800000000000001
dish_1562963648,246.999996,252.58874450000002,9.243376021,33.273420898000005,10.225956527,12,102.26265125121702,3.7422575589839275,13.471020824631918,4.140063438300622
dish_1562963676,349.999996,397.8187445,16.247376020999997,51.813420898000004,12.388956527,13,113.66249972757142,4.642107487624084,14.803834711472398,3.539701905310879
dish_1562963704,479.000001,663.75579452,28.423252398,66.054836443,35.92175939,19,138.57114679212702,5.933873139595254,13.790153717139553,7.499323447809346
dish_1563205877,35.0,56.0,3.5,1.05,4.9,1,160.0,10.0,3.0000000000000004,14.000000000000002
dish_1563205903,122.0,101.24000000000001,3.674,1.659,13.6,2,82.98360655737706,3.0114754098360654,1.3598360655737707,11.147540983606557
dish_1563205927,181.0,160.2695,3.733,15.642,14.367,4,88.54668508287293,2.062430939226519,8.641988950276243,7.93756906077348
dish_1563205953,298.0,218.7695,3.85,30.852,14.951999999999998,5,73.41258389261745,1.2919463087248322,10.353020134228188,5.017449664429529
dish_1563205982,469.0,316.2395,4.363,54.792,16.149,6,67.42846481876333,0.9302771855010663,11.68272921108742,3.4432835820895527
dish_1563206409,277.000016,443.46383272,33.37190648,4.392428828,29.678573,2,160.09523722193575,12.047618971978686,1.585714286745745,10.714285662712742
dish_1563206562,67.99999700000001,98.20867935000001,3.9132079400000004,15.203772780000001,0.8339622200000001,3,144.424534827553,5.754717812708138,22.35849036875693,1.2264150835183125
dish_1563206582,319.999997,229.24867935,4.41720794,16.96777278,26.03396222,4,71.640212968502,1.380377494191039,5.302429043460273,8.135613270021375
dish_1563206601,336.999997,293.79767935,9.19420794,17.494772779999998,30.980962220000002,5,87.18032105798505,2.72825163853043,5.19132728063496,9.19316394533974
dish_1563207277,106.0,153.09,6.1,23.7,1.3,3,144.4245283018868,5.754716981132075,22.358490566037737,1.2264150943396228
dish_1563207301,173.0,187.93,6.234,24.168999999999997,8.0,4,108.63005780346822,3.6034682080924854,13.97052023121387,4.624277456647398
dish_1563207332,241.0,288.57,13.714,25.256999999999998,14.8,5,119.73858921161826,5.69045643153527,10.480082987551867,6.141078838174274
dish_1563207364,271.0,309.27,13.774000000000001,30.657,15.01,6,114.12177121771217,5.082656826568266,11.312546125461255,5.538745387453874
dish_1563207389,327.0,337.27,13.83,37.937,15.290000000000001,7,103.14067278287462,4.229357798165138,11.601529051987766,4.675840978593272
dish_1563207406,443.0,372.07,14.062000000000001,46.753,15.986,8,83.98871331828443,3.1742663656884877,10.55372460496614,3.608577878103838
dish_1563208094,110.999999,160.31122645,6.38773598,24.817924259999998,1.36132074,3,144.4245296344552,5.7547171509433985,22.358490525752163,1.2264150921298658
dish_1563208129,290.999999,426.71122644999997,26.18773598,27.69792426,19.36132074,4,146.63616079600055,8.999222017179456,9.518187063636383,6.6533748476060985
dish_1563208412,39.0,62.4,3.9,1.17,5.46,1,160.0,10.0,3.0,13.999999999999998
dish_1563208439,96.0,92.61,4.2989999999999995,8.01,6.144,2,96.46875,4.4781249999999995,8.34375,6.4
dish_1563208459,161.000001,186.485942178,8.039565756,22.543019172,6.941169828,5,115.82977703087094,4.993519072089944,14.001875175143633,4.311285580675245
dish_1563216381,99.0,34.65,0.396,6.93,2.376,1,35.0,0.4,6.999999999999999,2.4
dish_1563216412,205.0,172.45000000000002,0.714,36.61,5.2379999999999995,2,84.1219512195122,0.34829268292682924,17.858536585365854,2.555121951219512
dish_1563216440,351.999998,403.78634133,6.472355023,39.85788471,44.691350959000005,11,114.7120294387047,1.8387372328905527,11.323262766041266,12.696406594581857
dish_1563216625,108.99999699999998,171.535108057,4.269800758,2.40829553,29.254524773,9,157.37166309922011,3.917248509649042,2.2094455011773997,26.83901429189948
dish_1563216659,172.99999499999998,190.058014692,5.090515563,4.55478132,29.822712188,10,109.86012727457015,2.9424946301299033,2.6328216483474467,17.23856245660585
dish_1563216689,301.99999499999996,235.208014692,5.606515563,13.58478132,32.918712188,11,77.88344986297103,1.8564621376897708,4.498272034739604,10.900236004308544
dish_1563216717,331.999995,246.00801469200002,5.636515563,16.28478132,33.068712188,12,74.0988007219699,1.697745677074483,4.9050546883291375,9.960455628320114
dish_1563216739,419.999995,343.688014692,6.428515563,36.524781319999995,35.356712187999996,13,81.83048066274382,1.5305989617928448,8.696376608290196,8.418264906884104
dish_1563217736,67.0,23.45,0.268,4.69,1.608,1,35.0,0.4,7.000000000000001,2.4
dish_1563217774,265.000007,96.138447112,3.161574158,15.472298556,5.17855808,14,36.27865832924299,1.1930468205610274,5.838603074451995,1.9541728087576995
dish_1563217804,459.000001,492.93458445199997,25.171034225,22.654510683,44.785774708,20,107.39315542005848,5.483885440122254,4.935623231730669,9.757249370463509
dish_1563217895,73.0,26.799275832,1.0668228849999999,3.975291683,1.316417842,13,36.71133675616438,1.461401212328767,5.44560504520548,1.8033121123287672
dish_1563217939,171.000003,227.242702951,12.185004915999999,7.603419792,21.324188418000002,19,132.8904672305766,7.125733743992975,4.446444244799224,12.47028540578447
dish_1563217968,244.00000300000002,252.792702951,12.477004915999999,12.713419792,23.076188418,20,103.60356550938239,5.113526542046803,5.210417883478468,9.457454153391957
dish_1563217993,337.000002,279.70879812100003,13.669605697999998,15.832531988000001,23.901835764,21,82.99964286676772,4.05626279432485,4.698080680723557,7.0925328255636035
dish_1563218031,426.000002,419.769582378,17.155957405,17.798938478,47.78855838,26,98.53746018949549,4.027220029214929,4.17815455268472,11.217971398037692
dish_1563218201,156.0,352.872,23.244,0.156,35.256,1,226.2,14.899999999999999,0.1,22.6
dish_1563218408,87.0,245.34,10.44,27.84,10.44,1,282.0,12.0,32.0,12.0
dish_1563218959,130.999999,267.93966918,14.862058699999999,4.849844185,26.745080262,10,204.53410017201605,11.345083063702923,3.7021711618486353,20.416091958901465
dish_1563218987,171.999999,383.55966918,19.7820587,17.969844185,31.665080262,11,222.99980895930122,11.501196985472076,10.447583889230138,18.4099304919182
dish_1563219009,201.999999,388.35966917999997,19.8420587,18.989844185,31.875080262,12,192.25726292206565,9.822801385261393,9.40091300941046,15.779742782077935
dish_1563219035,220.999999,410.20966918,21.875058699999997,20.186844184999998,32.027080262,13,185.61523576296486,9.898216651123152,9.134318677078364,14.491891586841138
dish_1563219056,257.999999,416.86966917999996,21.9490587,21.629844185,32.360080262,14,161.5773917813077,8.507387125997624,8.383660569316513,12.54266681683204
dish_1563220058,52.0,146.64,6.24,16.64,6.24,1,282.0,12.000000000000002,32.0,12.000000000000002
dish_1563220087,98.0,162.73999999999998,6.424,19.86,7.344,2,166.0612244897959,6.555102040816327,20.26530612244898,7.493877551020408
dish_1563220109,173.999996,184.73595712999997,7.39859951,22.408951780000002,8.01872253,5,106.17009274528945,4.252068781656754,12.878708215602488,4.60846133007957
dish_1563220143,326.999995,425.51459690999997,13.391989136,25.789403379000003,49.08241453,12,130.1267900355778,4.0954095843334795,7.886667820591252,15.009912929815183
dish_1563220171,362.999995,465.47459691,13.715989136000001,34.069403379,50.01841453000001,13,128.22991827038456,3.778509455902334,9.385510702004279,13.779177746269669
dish_1563220767,130.0,265.894327176,14.748607613,4.812822356,26.540919709,10,204.5340978276923,11.34508277923077,3.7021710430769232,20.416092083846156
dish_1563220802,252.0,308.59432717600004,15.236607613,13.352822355999999,29.468919709,11,122.45806633968255,6.046272862301588,5.29873903015873,11.694015757539683
dish_1563220987,109.999994,224.987495421,12.479590384000002,4.07238813,22.457699894,10,204.534097902769,11.345082786095425,3.70217122920934,20.41609192633229
dish_1563221025,122.999993,245.44580875699998,12.988832482,4.359615991,25.946771548999997,16,199.54944937029384,10.560027009107227,3.5444034464294645,21.094937419224078
dish_1563221054,169.999992,298.877608438,17.891088686,6.509884403,26.901324466000002,20,175.81036617813487,10.524170310549191,3.8293439466750097,15.824309254085142
dish_1563221086,253.99999200000002,328.277608438,18.227088686,12.389884403,28.917324465999997,21,129.24315699899708,7.1760193937328935,4.877907398910469,11.384773770386573
dish_1563221157,351.999992,418.151975448,21.499546844,23.968081105,33.805246525,29,118.79317754302674,6.107825946768772,6.809114105036684,9.603763435596896
dish_1563221443,86.0,242.52,10.32,27.52,10.32,1,282.0,12.000000000000002,32.0,12.000000000000002
dish_1563221495,163.999994,365.269886509,13.375453307,29.243367309,31.254429896,10,222.725548702764,8.155764509966994,17.831322182243493,19.057579902106582
dish_1563221519,205.999994,379.969886509,13.543453307,32.183367309,32.262429896,11,184.45140659033223,6.574492088092003,15.622994294359058,15.661374192078862
dish_1563221562,259.999994,395.598594199,14.235932017000001,33.994464689,32.741838026,12,152.15330897238402,5.475358594431352,13.07479441287987,12.593014915992654
dish_1563221602,305.999992,447.89354604600004,19.033884755,36.098982759,33.67608131,17,146.370443710992,6.220223938764024,11.797053497635385,11.00525561778446
dish_1563221640,363.999994,469.18612393800004,19.881497699,39.257433762,34.722002359,26,128.89728892083443,5.461950007339835,10.785009453049605,9.53901179432437
dish_1563222745,48.0,135.36,5.76,15.36,5.76,1,282.0,12.0,32.0,12.0
dish_1563222775,75.0,190.58420647600002,8.823172355,16.359586269,11.272344791,11,254.11227530133337,11.764229806666668,21.812781692,15.029793054666667
dish_1563222800,145.999998,302.318086316,11.604418968,17.928292668,30.328044329,17,207.06718524475596,7.948232278742908,12.279652680543188,20.772633386611417
dish_1563222830,210.999998,325.068086316,11.864418967999999,22.478292667999998,31.888044329,18,154.06070587545693,5.622947431497131,10.65321937491203,15.112817360784996
dish_1563222850,231.999998,348.378086316,12.053418968,27.308292668,32.434044329,19,150.16296953416352,5.195439255133097,11.770815906644964,13.980191641639584
dish_1563294408,83.0,41.5,0.083,10.79,0.415,1,50.0,0.1,12.999999999999998,0.5
dish_1563294441,162.0,65.2,0.241,16.793999999999997,0.889,2,40.24691358024692,0.14876543209876544,10.366666666666664,0.5487654320987655
dish_1563294465,237.0,116.95,0.391,30.293999999999997,1.414,3,49.345991561181435,0.1649789029535865,12.782278481012657,0.5966244725738397
dish_1563294491,328.0,146.98,0.664,37.574,2.051,4,44.81097560975609,0.20243902439024392,11.455487804878048,0.6253048780487805
dish_1563294522,400.000002,250.965664745,4.80739653,53.67211361,2.93401889,7,62.741415872542916,1.2018491264907545,13.418028335409856,0.7335047188324764
dish_1563294547,455.000002,430.265664745,16.90739653,71.27211361,4.3640188900000005,8,94.56388194587304,3.7159113089410494,15.664200724552964,0.9591250265532968
dish_1563294575,562.000002,485.905664745,17.121396530000002,72.02111361,15.06401889,9,86.46008238715274,3.046511827236613,12.815144724857136,2.6804303979344115
dish_1563294987,18.0,97.38,7.56,0.252,6.66,1,541.0,42.0,1.4000000000000001,37.0
dish_1563295016,79.0,127.88,7.6209999999999996,8.182,6.965,2,161.87341772151896,9.646835443037974,10.356962025316456,8.816455696202532
dish_1563295044,157.999996,241.97537246899998,12.167226298,25.845206626,7.933867874000001,5,153.1489737942778,7.700776332931046,16.357726126777873,5.0214354904160885
dish_1563295292,22.0,119.02,9.24,0.308,8.14,1,541.0,42.0,1.4000000000000001,37.00000000000001
dish_1563295334,96.0,228.54,17.380000000000003,1.492,15.540000000000001,2,238.06249999999997,18.104166666666668,1.5541666666666667,16.187500000000004
dish_1563295360,181.000005,275.89122354,19.784878336000002,7.29687838,17.530244016,4,152.4260861429258,10.930871706882,4.031424407971702,9.68521742085035
dish_1563295400,269.000005,402.984807854,24.849029204,26.972350096,18.6094893,6,149.80847597158967,9.237557153205259,10.026895760094874,6.918025633493947
dish_1563302315,63.0,13.86,0.189,2.079,1.953,1,22.0,0.3,3.3000000000000003,3.1
dish_1563302345,214.999996,265.855432047,7.567317706,5.092874564000001,43.00116542400001,11,123.65369162471984,3.519682719435957,2.3687789110470496,20.000542429777536
dish_1563302391,310.999996,401.21543204700004,14.095317706,22.372874564,45.017165424,12,129.00817916634315,4.5322565553987975,7.193850434647593,14.47497299131798
dish_1563302420,380.999997,435.62627575700003,14.923499988,29.277686754,45.639100123,14,114.33760608586041,3.916929161550623,7.684432279404979,11.978766530803936
dish_1563302447,439.999996,561.417038672,27.385806664999997,31.36201835,48.122874511999996,20,127.59478267631621,6.224047025900427,7.1277315079793775,10.93701703397288
dish_1563303298,102.999998,170.760066388,4.999781546,2.042296423,27.815533215,10,165.78647544051407,4.854156935032174,1.9828120996662542,27.005372577774224
dish_1563303350,166.999997,202.221405958,5.756976485999999,8.355267392,28.384159208,12,121.09066442558078,3.447291370909425,5.0031542168231296,16.996502825086875
dish_1563303386,217.999997,274.131405958,9.224976486,17.535267392,29.455159207999998,13,125.74835308736266,4.231640648141843,8.04370074922524,13.511541107039553
dish_1563304261,36.999998999999995,30.210910702,1.1810609109999999,3.1017451819999997,2.293849015,4,81.65111221219223,3.1920566024880164,8.38309531305663,6.199592099988977
dish_1563304301,150.999999,190.95091070200002,8.933060911,23.621745181999998,4.687849015,5,126.45755759375868,5.915934417324069,15.64353995922874,3.1045357920830186
dish_1563304333,307.999994,451.235669088,16.554086834,26.734759945,47.086283205,15,146.50509022022902,5.3747036222344855,8.680117034352929,15.287754585151061
dish_1563304369,325.999992,457.172134272,16.76585095,27.775936366999996,47.262753785,16,140.23685444507618,5.142899190623293,8.520226088533153,14.49777759043626
dish_1563304881,445.999985,739.4076473330001,21.64953768,8.843341794,120.443958727,10,165.7864735876617,4.854156593749662,1.9828121281214843,27.005372820135857
dish_1563304925,507.99998800000003,874.4610085529999,29.339448795,11.25585014,133.227579244,20,172.13799787589755,5.775482182688555,2.215718583835872,26.225902045493747
dish_1563304958,613.9999879999999,951.841008553,34.427448795000004,13.269850139999999,141.707579244,21,155.02296859214272,5.607076460561757,2.1612134200888615,23.079410751389137
dish_1563305005,719.999985,1003.9488532830001,35.681553099000006,23.725708163,142.649366033,23,139.43734363869467,4.955771366995237,3.295237313511888,19.812412361786368
dish_1563305047,805.9999879999999,1032.311997747,36.693318555000005,28.700218115000002,143.492503313,24,128.0784135380161,4.552520980310487,3.5608211590941123,17.803040378333108
dish_1563305083,900.9999859999999,1234.8564313870002,56.759742604,32.056345904,147.49180104299998,29,137.0539900748678,6.2996385666980474,3.557863085693766,16.369789493315263
dish_1563305321,66.99999799999999,32.93609102,0.792688608,6.6088914260000005,0.5952803379999999,4,49.15834627338347,1.1831173606900705,9.864017348179624,0.8884781429396461
dish_1563305354,208.000005,340.07356877999996,18.281033953,12.095402316,29.667708271000002,15,163.49690413709362,8.788958419976963,5.815097127521704,14.263320941266326
dish_1563305401,331.999999,483.21527569999995,29.111305646,21.912695019,32.944001074,19,145.5467702275505,8.768465582435137,6.600209362952437,9.922891919647265
dish_1563305513,228.0,606.252,21.432,76.38,25.536,1,265.9,9.4,33.5,11.200000000000001
dish_1563305653,117.0,25.74,0.351,3.861,3.627,1,21.999999999999996,0.3,3.3000000000000003,3.1
dish_1563305689,161.0,30.14,0.351,4.7410000000000005,4.067,2,18.720496894409937,0.21801242236024845,2.9447204968944103,2.5260869565217394
dish_1563305722,405.000002,434.65900079200003,12.195142317,9.579061675,69.960110357,12,107.3232095421076,3.0111462362412533,2.365200401900245,17.27410123741185
dish_1563305837,14.0,11.431159647,0.446888128,1.173633571,0.867943163,4,81.65114033571427,3.192058057142857,8.383096935714287,6.199594021428571
dish_1563305883,76.999998,83.05250315400001,7.017996895,4.055908371,2.147450241,12,107.86039650806225,9.114281918552775,5.267413605647107,2.7888964893219863
dish_1563305913,106.999998,89.652503154,7.107996894999999,5.045908371,3.077450241,13,83.78738769135305,6.642987876504446,4.715802304033688,2.8761217743200334
dish_1563305948,177.999999,207.360905968,10.554448668000001,6.453704768,22.251265412,20,116.4948916477241,5.92946557713183,3.6256768563240267,12.50071097584669
dish_1563305982,224.999999,273.630905968,13.750448668,14.913704768,23.238265412,21,121.61373652628326,6.111310546272492,6.628313259681392,10.328118006791636
dish_1563306039,326.000007,493.637189268,26.277561684,18.843758960000002,44.063196164000004,28,151.4224474443033,8.06060157047788,5.78029403539246,13.516317551490115
dish_1563306392,287.999998,477.465044462,13.979971228,5.710498609,77.775473588,10,165.78647492282272,4.8541567100983105,1.982812030783417,27.00537296114842
dish_1563307488,247.000012,538.0351473,30.635611176999998,9.611122284,50.92829525700001,13,217.8279842755635,12.403080845599309,3.8911424360578573,20.618742017308083
dish_1563307519,335.00001199999997,574.1151473,30.811611176999996,18.411122284,51.720295257000004,14,171.37764977154688,9.197495544268817,5.495857201342429,15.438893553532173
dish_1563307575,419.00001,671.08211813,38.148247747,25.061546415000002,53.939719413,19,160.16279286723648,9.10459351707414,5.9812758512822,12.873441080108805
dish_1563308323,66.0,27.06,0.132,6.6,0.594,1,41.0,0.2,10.0,0.8999999999999999
dish_1563308353,139.999999,51.465488312,1.0025880379999998,10.880392121,1.31949019,4,36.76106334257902,0.7161343179723879,7.771708713369348,0.9424929995892357
dish_1563308386,213.999999,155.805488312,6.034588038,24.200392121,2.87349019,5,72.80630328974908,2.819900965513556,11.30859450190932,1.342752431508189
dish_1563308428,329.0,406.30767123199996,20.298131041,28.675206189,26.585043443,16,123.49777241094225,6.16964469331307,8.715868142553191,8.080560317021277
dish_1563309189,33.0,37.95,3.531,2.079,0.264,1,115.00000000000001,10.7,6.3,0.8
dish_1563309237,62.0,49.550000000000004,3.589,4.689,0.844,2,79.9193548387097,5.788709677419355,7.562903225806451,1.361290322580645
dish_1563309285,128.0,59.45,3.721,6.603,1.768,3,46.4453125,2.90703125,5.15859375,1.38125
dish_1563309315,461.999994,613.1768122799999,19.933882758000003,13.225592414,91.96594363199999,13,132.72225546392536,4.3146932936973155,2.8626823778703336,19.906048663714916
dish_1563309353,528.999994,625.23681228,20.067882758000003,15.838592413999999,92.568943632,14,118.19221538214234,3.793550658906057,2.9940628721443803,17.498855327397226
dish_1563309398,603.999994,655.98681228,20.217882758000002,23.338592414,93.243943632,15,108.60708920470618,3.34733161570197,3.8640054049404506,15.437739165275556
dish_1563378002,204.0,106.08,0.408,1.428,20.4,1,52.0,0.2,0.7,10.0
dish_1563378029,289.999997,230.285095036,5.357057072,20.656301064,21.454716935999997,4,79.40865428215848,1.8472610784199421,7.122862509546854,7.398178330325981
dish_1563378051,331.999997,244.565095036,5.4410570719999996,24.016301064,21.790716936,5,73.66418591744747,1.6388726268572826,7.233825687052642,6.563469015934961
dish_1563378073,381.999997,269.565095036,5.491057071999999,30.516301064,22.040716936,6,70.56677935942497,1.4374495065768285,7.988560550695502,5.769821232747287
dish_1563378110,404.999997,348.823095036,11.770057072,31.482301063999998,26.479716936,7,86.12915990614192,2.9061869528853355,7.773407727704254,6.538201761023717
dish_1563378344,119.0,419.475,19.278,53.193,8.33,1,352.50000000000006,16.2,44.7,7.000000000000001
dish_1563378372,128.0,468.165,23.058,53.318999999999996,11.66,2,365.75390625,18.0140625,41.65546875,9.109375
dish_1563378406,188.999998,556.263958784,26.568377167999998,66.957678816,12.408113184,5,294.319558026662,14.057342565686163,35.427343663781414,6.565139320266024
dish_1563378435,253.999998,652.463958784,33.718377168,67.99767881599999,18.908113184,6,256.8755763470518,13.274951745472062,26.770739902131808,7.444139107434166
dish_1563378660,124.00000600000001,334.800016,9.920000415,49.972002505,11.556800567,2,269.99999983870964,7.999999947580647,40.30000007016128,9.320000006290321
dish_1563378690,152.000006,412.528016,14.708000415,50.868002505,19.396800567,3,271.3999998131579,9.67631568054017,33.465789800692505,12.761052500879504
dish_1563379132,119.0,232.05,14.28,14.28,10.591,1,195.00000000000003,12.0,12.0,8.9
dish_1563379163,145.999998,271.044621528,15.833773696,20.316791952,10.922132048,4,185.64700358968497,10.845050625274666,13.915611116652208,7.480912464122088
dish_1563379494,295.00001199999997,472.28097002000004,35.5404775,4.677857335000001,31.60714405,2,160.09523756222765,12.047619001452787,1.585714286343826,10.714285682808718
dish_1563381461,36.0,136.692,10.116,1.116,10.476,1,379.7,28.099999999999998,3.1000000000000005,29.100000000000005
dish_1563381486,180.0,339.73199999999997,19.908,27.036,13.5,2,188.73999999999998,11.06,15.02,7.5
dish_1563381512,332.0,636.132,38.147999999999996,45.275999999999996,27.028000000000002,3,191.6060240963855,11.490361445783131,13.63734939759036,8.140963855421687
dish_1563381680,6.0,32.46,2.52,0.084,2.22,1,541.0,42.0,1.4000000000000001,37.00000000000001
dish_1563381706,48.999998,94.56254309799999,4.994528036,9.698150532,2.7473584680000003,4,192.98478970958323,10.192914775221013,19.792144750699787,5.6068542451777255
dish_1563381738,95.999998,118.06254309799999,5.041528036,15.808150531999999,2.982358468,5,122.98181828920454,5.251591813574829,16.466823813892162,3.106623468887989
dish_1563381760,163.999998,140.502543098,5.2455280360000005,21.248150532,3.458358468,6,85.6722834216132,3.198492743884058,12.956189506782797,2.108755189131161
dish_1563382911,123.0,182.04,13.53,1.968,12.3,1,148.0,11.0,1.6,10.0
dish_1563382953,170.0,249.91953333099997,16.234717622,12.476490414,12.876415086000002,4,147.01149019470589,9.54983389529412,7.339112008235295,7.574361815294119
dish_1563382987,254.0,277.639533331,16.486717622,19.196490414,13.464415086,5,109.30690288622047,6.490833709448819,7.557673391338582,5.300950821259843
dish_1563389042,62.0,30.47817796,0.7335331620000001,6.1156906929999995,0.55085644,4,49.158351548387095,1.1831180032258066,9.864017246774193,0.8884781290322582
dish_1563389079,119.0,50.42817796,0.961533162,10.105690693,1.91885644,5,42.37662013445378,0.8080110605042018,8.492177052941177,1.6124844033613446
dish_1563389114,148.000001,86.53444517,4.405479547,11.310714842,2.577626765,12,58.46921931439717,2.976675349481923,7.642374841605575,1.7416396943132455
dish_1563389153,224.000001,346.45444517000004,5.393479547,69.070714842,11.697626765,13,154.66716233184306,2.4078033584473064,30.83514041680741,5.222154782490381
dish_1563389199,284.000001,390.25444517,8.273479546999999,70.210714842,16.497626765,14,137.41353654783964,2.913197013333813,24.722082603795485,5.809023488348509
dish_1563389413,99.0,34.65,0.396,6.93,2.376,1,35.0,0.4,6.999999999999999,2.4
dish_1563389446,172.999998,117.78759520399998,8.123614019,10.055329,3.871455638,9,68.08531593393428,4.695730701106713,5.812328968928659,2.2378356547726663
dish_1563389548,194.0,438.828,28.906,0.194,43.844,1,226.2,14.899999999999999,0.1,22.6
dish_1563389600,264.0,451.428,29.046,2.924,44.474000000000004,2,170.99545454545455,11.002272727272727,1.1075757575757577,16.846212121212123
dish_1563389626,360.000001,498.62001900999996,30.181793413999998,12.393456650000001,45.326939013,6,138.50556045137344,8.383831480600467,3.4426268376593705,12.590816357525512
dish_1563389693,383.0,500.218,29.284,14.824,45.545,3,130.6052219321149,7.645953002610965,3.870496083550914,11.89164490861619
dish_1563389719,457.0,529.818,29.358,21.484,46.359,4,115.9339168490153,6.424070021881838,4.7010940919037205,10.144201312910285
dish_1563389742,556.0,569.418,29.555999999999997,30.394000000000002,48.339000000000006,5,102.41330935251798,5.315827338129496,5.466546762589928,8.69406474820144
dish_1563389786,564.0,640.1379999999999,37.556,30.394000000000002,48.339,6,113.49964539007091,6.65886524822695,5.3890070921985815,8.570744680851064
dish_1563391333,80.999996,23.44306092,1.038718056,2.716645968,0.719112168,3,28.942051947755655,1.282368033697187,3.3538840767350164,0.887792843841622
dish_1563391375,138.99999400000002,84.283707838,7.7742071379999995,5.039430674,8.285327204,13,60.63576365190346,5.592955016962086,3.625489850021144,5.9606673105324015
dish_1563391413,236.999991,227.056812675,14.303796305,6.997267262,26.228394420000004,21,95.80456594827466,6.035357319908084,2.952433555999587,11.066833508867099
dish_1563391453,306.999991,239.656812675,14.443796305,9.727267262,26.85839442,22,78.06411065171659,4.704819781248788,3.1684910577082066,8.74866293399989
dish_1563391647,22.000001,27.390960289000002,2.612648877,0.914156229,0.49975682400000004,9,124.50435929071095,11.8756761738329,4.155255397488391,2.27162182401719
dish_1563391681,142.99999400000002,154.317149681,16.6642741,5.759965474,16.284446335,17,107.91409521387808,11.653339020419818,4.027948052920897,11.387725187596859
dish_1563391708,204.99999400000002,319.237149681,22.6782741,26.219965474,23.104446335,18,155.72544342659833,11.062573055489942,12.790227434835924,11.270461956696446
dish_1563391922,104.000004,24.44000094,0.38133334799999996,4.541333508,1.5253333919999998,3,23.5,0.36666666666666664,4.366666666666666,1.4666666666666666
dish_1563391959,314.999998,245.774104878,24.884580772,12.991464524,29.050701290000003,15,78.0235258534827,7.899866961903918,4.124274478249362,9.22244491252346
dish_1563391989,463.999997,462.847505566,34.812221527,15.968175039,56.331488683,23,99.7516182238251,7.502633998292891,3.441417056517783,12.140407122244012
dish_1563392128,161.999999,169.934246014,18.812920633999997,6.487778104999999,21.133221619,12,104.89768337220792,11.61291404328959,4.0048013241037115,13.045198610772832
dish_1563393148,118.00000800000001,27.73000188,0.432666696,5.1526670160000005,1.730666784,3,23.5,0.36666666666666664,4.366666666666666,1.4666666666666666
dish_1563393182,193.000008,35.23000188,0.432666696,6.6526670160000005,2.4806667840000003,4,18.25388622781819,0.2241796259407409,3.4469775856175096,1.2853195239245794
dish_1563393217,228.000008,49.23000188,0.46766669600000005,9.802667016000001,2.865666784,5,21.592105330101568,0.20511696473273808,4.299415207038063,1.2568713523904789
dish_1563393244,280.000008,57.550001879999996,0.519666696,11.570667016,3.229666784,6,20.553571512755102,0.18559524326870735,4.13238095907483,1.1534523899013602
dish_1563393341,119.000004,27.965000940000003,0.436333348,5.196333508,1.745333392,3,23.5,0.36666666666666664,4.366666666666666,1.4666666666666666
dish_1563393366,178.000004,89.854634314,7.2879528030000005,7.559166092,9.442000798,15,50.4801305026937,4.094355415295384,4.246722428163541,5.304494711134951
dish_1563393403,216.000008,103.154635714,7.439952819,10.219166372,10.354000894,15,47.756774024749106,3.4444224738176863,4.731095367366838,4.793518754869676
dish_1563395341,54.0,143.586,5.076,18.09,6.048,1,265.90000000000003,9.399999999999999,33.5,11.200000000000001
dish_1563395374,84.000001,158.33350818000002,5.430935691999999,21.049205212,6.314543438,5,188.49226939890158,6.46539955636429,25.058577335016935,7.517313527174839
dish_1563395415,187.000009,182.53851006000002,5.808602388,25.546872228,7.825210222000001,8,97.61417180466555,3.1062043360650318,13.661428341428582,4.184604195393382
dish_1563395449,222.00001,214.63650009200003,6.97733752,29.681942719000002,9.570896708,20,96.6831037944548,3.1429446872547437,13.370243865754784,4.31121453913448
dish_1563395480,329.000006,370.521423089,14.106583003999999,31.819580259,29.161797151000002,27,112.62049128625245,4.287715120588782,9.671604765563439,8.863767969353777
dish_1563395510,372.000007,415.627429453,19.100136238999998,33.541645057,34.771232772,32,111.72780151399297,5.1344451289217306,9.016571082215059,9.347105407984575
dish_1563464389,17.0,91.97,7.14,0.238,6.29,1,541.0,42.0,1.4,37.0
dish_1563464429,103.0,140.99,7.398,12.277999999999999,6.892,2,136.88349514563106,7.1825242718446605,11.920388349514562,6.691262135922331
dish_1563464457,163.0,158.99,7.518,16.838,7.252000000000001,3,97.5398773006135,4.612269938650307,10.330061349693253,4.449079754601228
dish_1563464480,213.0,229.49,10.918,25.838,8.302,4,107.7417840375587,5.125821596244131,12.130516431924883,3.897652582159624
dish_1563464543,319.0,386.37,22.578,27.534,18.902,5,121.1191222570533,7.077742946708463,8.631347962382446,5.92539184952978
dish_1563464627,115.0,310.5,9.2,46.345,10.718,2,270.0,7.999999999999999,40.3,9.32
dish_1563464651,130.0,312.0,9.2,46.644999999999996,10.868,3,240.0,7.076923076923077,35.880769230769225,8.360000000000001
dish_1563464670,156.0,384.176,13.646,47.477,18.148,4,246.26666666666668,8.7474358974359,30.433974358974357,11.633333333333333
dish_1563465805,23.0,32.43,1.564,4.14,0.483,1,141.0,6.800000000000001,18.0,2.0999999999999996
dish_1563465847,182.0,267.75,19.054,6.683999999999999,16.383,2,147.1153846153846,10.469230769230768,3.6725274725274724,9.001648351648353
dish_1563466280,66.0,357.06,27.72,0.924,24.42,1,541.0,42.0,1.4000000000000001,37.00000000000001
dish_1563468199,107.0,53.5,0.107,13.91,0.535,1,50.0,0.1,13.0,0.5
dish_1563468240,239.0,93.1,0.371,23.942,1.327,2,38.95397489539749,0.15523012552301255,10.017573221757322,0.5552301255230125
dish_1563468269,302.0,129.01,0.56,32.762,1.7680000000000002,3,42.71854304635762,0.18543046357615897,10.848344370860927,0.585430463576159
dish_1563468299,385.0,210.35,4.129,35.584,10.898000000000001,4,54.63636363636364,1.0724675324675323,9.242597402597404,2.830649350649351
dish_1563468327,482.999998,351.886037214,9.768622828,57.495320236,12.099886764,7,72.85425231285404,2.0224892067183817,11.903793058814879,2.5051525495037374
dish_1563468362,597.999998,411.686037214,9.998622828,58.300320236,23.599886764,8,68.84381916235391,1.6720105119465236,9.74921746337531,3.9464693717273223
dish_1563468776,250.0,370.0,27.5,4.0,25.0,1,148.0,11.0,1.6,10.0
dish_1563475788,78.0,39.0,0.078,10.14,0.39,1,50.0,0.1,13.0,0.5
dish_1563475826,176.0,74.28,0.176,18.96,0.88,2,42.20454545454545,0.1,10.772727272727273,0.5
dish_1563475874,251.0,93.03,0.401,22.71,2.23,3,37.06374501992032,0.1597609561752988,9.047808764940239,0.8884462151394422
dish_1563475921,348.000003,244.343322128,6.723852589,27.165052459,19.799664302,17,70.21359770735404,1.932141531906826,7.80604948989038,5.689558658423345
dish_1563475953,453.000001,427.446977624,15.452142535,37.594400286,34.205318999999996,24,94.35915600009017,3.4110689847437774,8.298984592275973,7.550843029689087
dish_1563476267,51.0,237.711,14.688,25.398,3.162,1,466.1,28.800000000000004,49.8,6.2
dish_1563476323,338.999995,686.971145512,33.461003870000006,38.6253722,55.327598624,15,202.64635859714394,9.870502762101813,11.393915271296686,16.320825793522502
dish_1563476408,512.999997,990.400070879,47.925028169,55.908292054,79.199826492,22,193.06044379548018,9.34211080882326,10.89830260837214,15.43856275928984
dish_1563476463,541.999997,1067.511070879,50.651028169,65.623292054,82.447826492,23,196.95776324496916,9.345208200988237,12.107618527163941,15.211776189733078
dish_1563476551,750.000005,1116.391072759,51.413694865000004,74.70595907,85.498493276,26,148.85214204218573,6.855159269632272,9.960794476261372,11.399799027468008
dish_1563476577,857.000005,1238.033681482,62.574150411,79.601251402,87.671624361,30,144.46133888668996,7.301534427762343,9.288360669496146,10.230061125962305
dish_1563476646,218.00000599999998,380.158083736,18.12159359,21.653313698,29.908884021,12,174.3844372811623,8.312657381303008,9.932712432127182,13.719671191660426
dish_1563477659,52.000003,26.55134082,0.6653184639999999,4.611114633,1.741008696,4,51.060267861907626,1.2794585108004706,8.867527628796482,3.3480934529946085
dish_1563477701,150.0,179.424586282,7.053354933,9.112095415,19.491802199,16,119.61639085466666,4.702236622,6.074730276666667,12.994534799333332
dish_1563477736,234.000002,277.047319697,14.928540936000001,15.535332208,20.962175705,21,118.39628945686931,6.379718294190442,6.639030801375805,8.95819466916073
dish_1563478751,545.000009,950.3952087409999,45.303984777000004,54.133282952,74.772209558,12,174.38443909108264,8.312657619974463,9.93271230423044,13.719671251968732
dish_1563479526,50.999998999999995,67.8448744,4.713102956,5.867840404,1.29109812,8,133.02916809861114,9.241378526301542,11.505569645207249,2.531564990815
dish_1563479568,81.99999799999999,83.67355767,5.109735131,8.616773944,2.32900709,10,102.04092647660796,6.231384458082548,10.508261163616126,2.8402526180549423
dish_1563479596,150.999998,104.37355767,5.351235131,12.756773943999999,3.77800709,12,69.1215622863783,3.543864372104164,8.448194776797282,2.5019914834700856
dish_1563479625,213.999999,202.649218378,9.457830078,15.650261912,15.189231719,23,94.69589688082195,4.419546786072648,7.31320653510844,7.097771864475569
dish_1563479655,282.000002,321.230644727,15.110437834999999,22.40450671,24.518608477,30,113.91157533644274,5.358311251004885,7.944860479114464,8.694541951457149
dish_1563480476,331.999998,517.897122134,21.641102519,15.248221345000001,60.135342881999996,14,155.99311001622357,6.518404412460267,4.59283778218577,18.113055194054546
dish_1563480505,474.999998,767.266870185,33.528202875,29.451999618,79.754473052,21,161.52986808749418,7.058569056036079,6.200420998317561,16.790415450064906
dish_1563480534,575.999998,797.566870185,33.881702875,35.511999618,81.87547305199999,23,138.4664709990155,5.882240102889723,6.165277732865547,14.214491898661427
dish_1563480608,649.999996,886.9464987810001,40.421228159,42.644721523,83.22263205399999,29,136.4533083444819,6.218650524268619,6.560726428527547,12.803481933252195
dish_1563481030,129.000003,155.81043789400002,11.399983211999999,12.434070346999999,2.3484259869999997,9,120.78328238023377,8.837196082855904,9.638813998322155,1.8204852189034444
dish_1563481061,350.000003,541.200036966,29.770955288000003,34.385365402,32.668898713,18,154.6285806648979,8.505987152234397,9.824390030648084,9.333970980851676
dish_1563550584,145.0,75.4,0.29,1.015,14.5,1,52.0,0.2,0.7,10.0
dish_1563550614,205.000002,132.82439472000002,1.753415,11.55158566,15.08536587,3,64.79238703617185,0.8553243818992744,5.634919779171515,7.3587149867442445
dish_1563550922,9.0,48.69,3.78,0.126,3.33,1,541.0,42.0,1.4000000000000001,37.0
dish_1563550950,93.0,183.17000000000002,13.9,1.458,12.33,3,196.95698924731184,14.946236559139786,1.5677419354838709,13.258064516129032
dish_1563550976,165.0,284.69,18.796,14.418000000000001,13.842,4,172.53939393939396,11.39151515151515,8.738181818181818,8.38909090909091
dish_1563551006,213.0,357.6692,22.06,29.586,15.6948,5,167.91981220657277,10.356807511737088,13.890140845070423,7.368450704225353
dish_1563551105,72.000003,194.40000849999998,5.760000369999999,29.016001035,6.7104002640000004,2,270.00000055555546,8.000000180555546,40.299999758333335,9.319999978333334
dish_1563551134,173.000003,246.9200085,5.962000369999999,29.723001035,16.810400264000002,3,142.72832613765908,3.446242928677868,17.18092515582211,9.716994203751547
dish_1563551164,270.000005,339.75611033999996,8.32785437,46.757147675,17.756741744,5,125.83559409193343,3.084390450289066,17.317461781158116,6.576570894507946
dish_1563551194,400.000001,471.64358496,14.045855735,57.670919597,27.842805869,8,117.91089594522278,3.51146392497134,14.417729863205675,6.960701449848246
dish_1563551220,558.000001,561.70358496,14.519855735,79.790919597,28.948805869,9,100.66372472282485,2.6021246790284507,14.299447930825362,5.187958031742011
dish_1563551360,218.0,322.64,23.98,3.488,21.8,1,148.0,11.0,1.6,10.0
dish_1563551397,302.000003,365.53062642,25.054745132,10.936723553,24.612398640000002,5,121.03663006255003,8.296273140103247,3.621431604091739,8.1498007932139
dish_1563551432,389.000003,665.33262642,48.805745132,14.590723553,41.40339864,6,171.03666357041135,12.546463947456576,3.7508286479370545,10.643547126142309
dish_1563552016,174.0,493.58906249999995,19.477124999999997,69.9534375,10.7390625,2,283.671875,11.193749999999998,40.20312500000001,6.171875
dish_1563553735,87.999998,114.385802489,6.131612634,13.543483507,2.81599994,5,129.98386941895157,6.967741787903221,15.390322516825512,3.2000000045454544
dish_1563553756,123.999998,309.145802489,21.251612633999997,14.047483506999999,16.13599994,6,249.31113506066347,17.138397561909635,11.328615914171223,13.012903387304894
dish_1563553780,166.999998,557.7288024889999,42.536612634,23.808483507,25.767999940000003,7,333.96934680741725,25.471025834383543,14.256577121036852,15.429940268622042
dish_1563555072,112.0,165.76,12.32,1.792,11.2,1,148.0,11.0,1.6,10.0
dish_1563555100,186.0,190.92,12.468,7.712,11.792,2,102.64516129032258,6.703225806451613,4.146236559139785,6.339784946236559
dish_1563555126,245.000002,247.38731543999998,13.907024,18.07297604,12.367609779999999,4,100.9744136410252,5.676336280193174,7.376724854067553,5.048003950628539
dish_1563555160,287.000005,268.83263769,14.444397567000001,21.797337863,13.773809109999998,7,93.66990697090756,5.032891050646498,7.5948911091482385,4.799236540082987
dish_1563555510,131.0,193.88,14.41,2.096,13.1,1,148.0,11.0,1.6,10.0
dish_1563555543,280.0,268.38,14.559,21.466,13.844999999999999,2,95.85000000000001,5.199642857142857,7.666428571428571,4.944642857142856
dish_1563555563,304.0,398.22,24.639,21.802,22.725,3,130.9934210526316,8.104934210526316,7.171710526315788,7.475328947368422
dish_1563555605,403.0,537.81,31.371000000000002,39.622,24.804000000000002,4,133.4516129032258,7.7843672456575685,9.831761786600495,6.15483870967742
dish_1563563240,42.0,48.3,4.494,2.646,0.336,1,114.99999999999999,10.7,6.3,0.8
dish_1563563264,163.0,322.002,22.523,2.767,27.682,2,197.54723926380368,13.817791411042945,1.6975460122699386,16.98282208588957
dish_1563563289,218.0,331.902,22.633,4.912,28.177,3,152.248623853211,10.382110091743119,2.253211009174312,12.925229357798166
dish_1563563317,252.0,345.842,22.701,8.312,28.482999999999997,4,137.23888888888888,9.008333333333333,3.2984126984126982,11.302777777777777
dish_1563563348,294.0,362.642,22.785,12.091999999999999,29.323,5,123.34761904761903,7.75,4.112925170068027,9.973809523809523
dish_1563563378,351.0,385.442,22.842000000000002,17.221999999999998,29.95,6,109.81253561253561,6.5076923076923086,4.906552706552706,8.532763532763532
dish_1563563467,119.000004,40.75024421,3.1346341300000002,2.55414643,1.741463475,2,34.24390154642348,2.634146239188362,2.1463414656691944,1.4634146356835416
dish_1563563492,176.000004,192.37024421,8.66363413,21.364146429999998,8.011463475,3,109.30127263519836,4.922519280170016,12.138719286620017,4.551967780068914
dish_1563563527,302.000006,322.906244119,23.717560837,25.659561287,25.201244008999996,13,106.9225952661074,7.853496809864302,8.49654330371106,8.344782618646702
dish_1563564676,61.999998,50.623692538,1.979075228,5.19751933,3.843747236,4,81.65111963068128,3.192056922324417,8.383095963970838,6.199592516115888
dish_1563564707,149.999998,143.991692538,4.091075228,24.557519329999998,6.571747236,5,95.99446297192617,2.727383521698447,16.371679771622393,4.381164882415532
dish_1563564760,242.99999799999998,341.852445394,16.774696824,27.887175164000002,23.540034545,18,140.6800198385187,6.903167474100144,11.47620386564777,9.687257094133804
dish_1563564797,309.999998,411.26444739299995,24.779562924,30.171244848,32.68063219,25,132.66595162784483,7.99340744640908,9.73265969117845,10.542139484142835
dish_1563564828,354.999997,452.214446483,25.004562919,38.766244657,34.570632148,25,127.38435219845931,7.0435389099454,10.920069009747062,9.738206321167942
dish_1563565289,88.0,93.368,2.112,19.36,2.728,1,106.1,2.4,22.0,3.1000000000000005
dish_1563565323,152.0,229.530237916,10.840513764,21.651376061999997,14.405100819,15,151.00673547105262,7.13191695,14.244326356578945,9.4770400125
dish_1563565354,192.999999,272.315223389,15.77706856,23.045519951,20.039697738999998,22,141.09597139894285,8.174646964635476,11.940683974304061,10.383263131001362
dish_1563565415,283.999998,303.477172779,18.174141534,24.998690665,21.371405044,23,106.8581601817476,6.399345655629195,8.802355929946168,7.5251426741207235
dish_1563565454,321.999998,350.788830786,22.686898694,26.577687621000003,22.234621249,28,108.94063135553186,7.045620756183981,8.253940306235656,6.905161921460633
dish_1563565508,386.999999,403.862057896,24.76173561,32.026700126,26.264356304,31,104.35712117301581,6.398381311106928,8.275633128877605,6.786655393247172
dish_1563565683,62.999998999999995,65.742778881,7.585437593,2.1422208179999997,8.658039199000001,12,104.35361892783523,12.040377322863133,3.400350558735723,13.742919581633647
dish_1563565720,148.999999,84.662778881,7.843437593,4.980220818,11.324039199000001,13,56.82065734846078,5.264052111168135,3.3424301016270475,7.60002635906058
dish_1563565761,158.999999,88.66277888100001,7.853437593000001,5.880220818,11.434039199,14,55.7627543639167,4.939268957479679,3.6982521100519,7.191219667240375
dish_1563565805,360.000002,157.493014251,13.148070723,10.194367247999999,14.375502674,15,43.748059271121896,3.6522418472097673,2.8317686642679516,3.9931951650378044
dish_1563566626,54.0,62.1,5.778,3.402,0.432,1,115.00000000000001,10.7,6.3,0.8
dish_1563566674,87.999999,100.89300672,6.9333395399999995,9.706854228000001,1.818407736,3,114.65114530285392,7.8787950213499425,11.030516293528594,2.066372450754232
dish_1563566725,205.999999,241.31300672,7.40533954,39.206854228,7.7184077360000005,4,117.1422368404963,3.594825036868082,19.032453601128413,3.7467998900330093
dish_1563566810,330.999998,392.292115762,18.451835324,51.255371767,9.994014197,12,118.5172562333369,5.574572639121285,15.485006669697926,3.0193396547996354
dish_1563566909,187.0,222.53,0.748,46.75,9.35,1,119.0,0.4,25.0,5.0
dish_1563566939,238.000003,286.027220909,6.804594554,48.869180275,10.508527093,10,120.17950306874576,2.8590733059780677,20.53326876428653,4.415347462411587
dish_1563566965,286.000004,370.82701971800003,12.088501815999999,56.243807669,13.121025525,14,129.6597952907721,4.226748827597918,19.66566674208858,4.587771098422782
dish_1563567319,381.999985,398.630801057,45.994238161,12.989339609,52.497950695,12,104.35361693980173,12.040376954726844,3.4003508165059224,13.742919569748151
dish_1563567372,589.9999849999999,951.910801057,66.170238161,81.62933960900001,75.377950695,13,161.3408178403598,11.21529488869394,13.835481641410555,12.775924171421801
dish_1563567599,156.00000899999998,194.226805645,18.526055285,6.482198628,3.543729931,9,124.50435541000518,11.87567577960845,4.155255291042965,2.2716216195859325
dish_1563567626,248.000009,291.838805645,20.734055285,26.722198627999997,6.395729931,10,117.67693348954676,8.360505859900996,10.775079700904366,2.5789232656842365
dish_1563567663,460.999996,514.111997506,46.380056579,33.964945807,35.668146795,18,111.52104164139732,10.060749887511928,7.367667267181495,7.737125185354666
dish_1563567722,575.999998,645.323645346,50.287823019,55.290189014999996,40.357467291,18,112.03535548380333,8.730524860001823,9.59899118176733,7.006504762348975
dish_1563567978,114.0,118.963122599,13.726029744,3.8763998529999997,15.666928591,12,104.35361631491229,12.040376968421054,3.400350748245614,13.742919816666666
dish_1563568003,134.999999,126.154340919,14.279200352,4.327131541,15.974245651,13,93.4476606322049,10.577185524275448,3.2052826467057973,11.832774643946479
dish_1563568025,246.999999,244.98634091899999,16.967200352,28.967131541,19.446245650999998,14,99.18475381005972,6.869311911211788,11.727583667318154,7.872973979647667
dish_1563568118,133.999995,139.833838439,16.134104163,4.556469986000001,18.415511708,12,104.35361466916473,12.040376690312563,3.4003508626996597,13.742919697870137
dish_1563568148,224.99999499999998,170.995796669,18.531178137,6.5096407,19.747219013,13,75.99813354173631,8.236079355023987,2.893173708737194,8.776541978589822
dish_1563568263,45.0,119.655,4.23,15.075,5.04,1,265.9,9.400000000000002,33.5,11.200000000000001
dish_1563568292,193.0,276.683,7.782,47.635000000000005,9.628,2,143.35906735751297,4.032124352331606,24.68134715025907,4.98860103626943
dish_1563568319,346.999999,604.323385594,28.784986230999998,53.148623608,37.726024116999994,16,174.1565957739383,8.295385104885836,15.316606271229412,10.872053090985743
dish_1563568338,370.999998,631.706684654,29.600520081,57.599108878,38.704664857,17,170.27134449041156,7.978576884251087,15.52536635808823,10.432524276455656
dish_1563568357,447.999998,767.7397016460001,38.07678869,69.429240316,42.89554775,23,171.37046988245748,8.499283227675372,15.497598354007136,9.57489909408437
dish_1563811412,217.0,112.84,0.434,1.519,21.7,1,52.0,0.2,0.7,10.0
dish_1563811439,289.0,137.32,0.578,7.279,22.276,2,47.515570934256054,0.2,2.518685121107266,7.70795847750865
dish_1563811463,376.000003,220.58536636,2.699951,22.55704936,23.124780519999998,4,58.666320372343186,0.7180720687387867,5.99921520745307,6.150207536035578
dish_1563811490,390.000003,268.82936636,6.5219510000000005,23.145049359999998,25.82678052,5,68.93060622873892,1.67229511534132,5.934627995374656,6.622251364444221
dish_1563811515,491.000003,298.11936636,6.7239510000000005,29.81104936,27.34178052,6,60.716774855090996,1.3694401138323415,6.071496777567229,5.5685907032469
dish_1563811611,132.0,195.36,14.52,2.112,13.2,1,148.00000000000003,11.0,1.6,10.0
dish_1563811639,198.0,217.14000000000001,14.718,7.392,13.661999999999999,2,109.66666666666667,7.433333333333334,3.733333333333334,6.8999999999999995
dish_1563811662,254.000002,245.73374799,15.434496421,12.357815703,15.536932422,6,96.74556931302702,6.076573346247454,4.865281734525341,6.116902480181871
dish_1563811686,331.000007,319.42838771000004,17.312545421,25.879767783,16.288151982,7,96.50404258450666,5.230376149508661,7.818660796282098,4.920891733395038
dish_1563812508,217.0,112.84,0.434,1.519,21.7,1,52.0,0.2,0.7,10.0
dish_1563812535,266.0,298.89300000000003,14.203,3.038,35.959,2,112.36578947368423,5.3394736842105255,1.1421052631578947,13.51842105263158
dish_1563812570,319.999997,369.084287786,17.965580566,11.348773788,37.686999899999996,7,115.33884101442663,5.614243979508537,3.546491841998361,11.777187579161131
dish_1563812615,385.999996,402.784061896,18.810022875,17.201342031,39.896741586000005,11,104.3482036450591,4.873062971482518,4.456306271827008,10.3359435231704
dish_1563813221,38.000002,19.402905840000003,0.486194608,3.3696606599999996,1.272275584,4,51.06027583893285,1.279459427396872,8.8675275859196,3.348093465889818
dish_1563813308,76.000002,224.98290584,16.446194608000003,3.9016606599999997,15.332275584000001,5,296.0301314728913,21.639729177901867,5.13376389121674,20.17404629015668
dish_1563813360,163.000002,268.48290584,16.533194608000002,15.21166066,15.767275584,6,164.7134371446204,10.143064052232345,9.332307038867398,9.673175086218711
dish_1563813395,193.000002,371.86290584,24.723194608,16.47166066,21.557275584,7,192.67507874948103,12.80994526000057,8.53453911363172,11.16957272570391
dish_1563813436,242.000002,418.75949160000005,25.918316607999998,25.0765387,22.035324364,8,173.04111080131315,10.710048096611171,10.3622059887421,9.105505860285076
dish_1563813501,414.000003,694.1233021200001,46.640221438,27.803967288,40.463895864,10,167.66263214737225,11.265753888895503,6.715934078870042,9.773887819029799
dish_1563813806,156.0,81.12,0.312,1.092,15.6,1,52.0,0.2,0.7000000000000001,10.0
dish_1563813833,207.0,256.866,14.235,3.234,25.442999999999998,2,124.08985507246375,6.8768115942028984,1.5623188405797102,12.291304347826086
dish_1563820775,162.0,38.07,0.594,7.074,2.376,3,23.5,0.36666666666666664,4.366666666666666,1.4666666666666666
dish_1563820806,273.000006,207.81444778,4.19147994,10.491398938,31.381857467,14,76.12250667130023,1.535340603618888,3.8430031895310655,11.495185632706544
dish_1563820834,311.000006,308.89444778,7.87747994,23.031398938,35.561857467,15,99.32297164650217,2.532951700328906,7.405594370953163,11.434680636951501
dish_1563822546,88.0,38.72,1.848,3.784,2.816,1,44.0,2.1,4.3,3.2
dish_1563822597,176.000002,59.40000047,2.170666674,7.626666754,4.106666696,4,33.74999988352273,1.2333333234848487,4.333333333712122,2.3333333234848483
dish_1563822636,258.000002,237.01938884,13.746149959,10.662964017,19.792337736,11,91.86797945838777,5.3279650590855425,4.132931757496653,7.671448675415126
dish_1563822663,317.000002,303.09938884,13.864149959,24.232964017,22.034337735999998,12,95.6149485576344,4.373548855371932,7.644468095933956,6.950895141003816
dish_1563823292,207.999989,450.54672550000004,29.362200858999998,7.701826822,39.788041481,7,216.6090140995152,14.116443467215758,3.7028015525520055,19.128867108257396
dish_1563823359,332.999994,641.70037531,33.413416418000004,11.550248929,72.452294952,16,192.70281888053125,10.034059165178244,3.468543284418197,21.75744632355759
dish_1563823390,371.99999399999996,670.17037531,35.285416418,12.291248929,75.57229495200001,17,180.15332960193547,9.48532714707517,3.304099227754289,20.315133379276347
dish_1563823423,440.999994,700.53037531,36.734416418,15.258248929,77.780294952,18,158.8504274015931,8.329799754600451,3.4599204391372393,17.63725533111912
dish_1563823814,85.00000200000001,25.585729182999998,0.920257941,4.275406032,0.587576893,4,30.100857154097472,1.0826563757022027,5.029889331061428,0.6912669166760725
dish_1563823860,263.000003,71.586659645,1.444279644,13.146437004,4.3184955590000005,10,27.219261911947584,0.5491557519107709,4.998645191650435,1.6420135018021274
dish_1563823894,400.000003,368.341011365,20.783807437,18.219274900000002,30.525043732,14,92.08525215061061,5.195951820280362,4.554818690838861,7.631260875765545
dish_1563824065,66.0,15.51,0.242,2.8819999999999997,0.968,3,23.5,0.36666666666666664,4.366666666666666,1.4666666666666666
dish_1563824092,135.000004,36.279596891,0.9890334249999999,6.352623836,1.444974201,7,26.873774678554824,0.7326173301446717,4.705647146499344,1.0703512282858896
dish_1563824130,202.000004,111.319596891,1.123033425,21.762623836,3.9909742009999998,8,55.108710240916636,0.5559571300800569,10.773575943097507,1.975729763351886
dish_1563824155,360.999998,455.72791516100006,23.568177454999997,27.650077836,34.405872181,13,126.2404204115813,6.5285810486347975,7.6593013820459905,9.530712568314197
dish_1563824250,43.0,17.2,0.043,3.87,0.473,1,40.0,0.1,9.0,1.0999999999999999
dish_1563824279,79.0,58.599999999999994,3.895,6.138,0.7609999999999999,2,74.17721518987341,4.930379746835443,7.769620253164557,0.9632911392405062
dish_1563824304,122.0,75.8,3.981,10.008,1.621,3,62.1311475409836,3.2631147540983605,8.20327868852459,1.3286885245901638
dish_1563824339,175.0,85.33999999999999,4.087,12.075,2.098,4,48.76571428571428,2.3354285714285714,6.8999999999999995,1.1988571428571428
dish_1563824377,338.0,454.046,28.374,12.238,38.936,5,134.33313609467456,8.394674556213017,3.6207100591715973,11.519526627218934
dish_1563824406,387.0,474.136,28.471999999999998,17.138,39.377,6,122.51576227390181,7.357105943152455,4.428423772609819,10.174935400516796
dish_1563826223,139.0,301.08653165,19.621856578,5.146894077000001,26.589125495999998,7,216.6090155755396,14.116443581294963,3.702801494244605,19.128867263309353
dish_1563826272,261.0,645.1265316500001,34.261856578,44.186894077,41.229125496,8,247.1749163409962,13.127148114176245,16.92984447394636,15.796599806896552
dish_1563826306,312.0,882.8375316500001,48.949856578,69.584894077,44.391125496,9,282.960747323718,15.68905659551282,22.30285066570513,14.22792483846154
dish_1563827060,55.0,146.245,5.17,18.425,6.16,1,265.90000000000003,9.4,33.5,11.200000000000001
dish_1563827086,175.0,199.04500000000002,7.6899999999999995,23.585,10.0,2,113.74000000000002,4.394285714285714,13.477142857142857,5.714285714285714
dish_1563827110,217.0,220.04500000000002,7.731999999999999,29.045,10.21,3,101.40322580645163,3.5631336405529948,13.384792626728112,4.7050691244239635
dish_1563827132,302.000002,240.02000047,8.043666674,32.756666754,11.456666696,6,79.47682082134556,2.6634657684538694,10.846578323532595,3.7935982185854424
dish_1563827162,354.000005,319.5399208,9.728972675,34.357610462000004,25.04499586,17,90.26551307534586,2.74829732700145,9.705539541447184,7.074857487643256
dish_1563827188,377.000004,369.35998637,12.975753881,35.209254821,29.444635127,21,97.97347014617009,3.441844494250987,9.339324787115919,7.810247961429731
dish_1563827425,138.0,60.72,2.898,5.934,4.416,1,44.0,2.1,4.300000000000001,3.2
dish_1563827454,248.00000400000002,86.57000094,3.301333348,10.737333507999999,6.029333392000001,4,34.9072578805281,1.3311827801422131,4.329569893071453,2.4311827801422137
dish_1563827482,620.999999,894.5216045299999,55.95566594,24.548782967,77.38000666999999,11,144.04534717720665,9.010574239952616,3.953105154030765,12.460548598165131
dish_1563897047,127.0,66.04,0.254,0.889,12.7,1,52.0,0.2,0.7000000000000001,10.0
dish_1563897087,231.0,102.44,0.6699999999999999,8.169,15.196,2,44.34632034632035,0.29004329004329005,3.5363636363636366,6.5783549783549775
dish_1563897338,88.0,29.92,0.176,7.04,0.704,1,34.0,0.2,8.0,0.8
dish_1563897369,178.999999,117.01365620000001,2.395512,23.02048766,1.5918048699999998,3,65.37075801883105,1.3382748678115914,12.860607703131887,0.8892764686551757
dish_1563897395,232.999999,135.9136562,2.6115120000000003,26.800487659999998,2.88780487,4,58.33204153790575,1.120820605668758,11.50235526825045,1.2394012370789753
dish_1563897439,577.999999,315.31365619999997,3.301512,29.21548766,37.38780487,5,54.552535769122024,0.5711958487390931,5.054582648883361,6.468478362402211
dish_1563897492,661.999999,339.6736562,3.469512,34.75948766,38.647804869999995,6,51.310220047296404,0.5240954690696306,5.250677902191356,5.838036998244768
dish_1563897794,101.0,57.57,0.303,14.14,0.707,1,56.99999999999999,0.3,14.000000000000002,0.7
dish_1563897837,304.0,118.47,0.7090000000000001,29.568,1.9249999999999998,2,38.97039473684211,0.23322368421052633,9.726315789473684,0.6332236842105263
dish_1563897870,249.0,169.32,3.486,29.88,5.976,1,68.0,1.4000000000000001,12.0,2.4
dish_1563897938,10.0,54.1,4.2,0.14,3.7,1,541.0,42.00000000000001,1.4000000000000001,37.0
dish_1563897981,138.0,243.54,18.28,2.188,16.5,2,176.47826086956522,13.246376811594205,1.5855072463768116,11.956521739130435
dish_1563898019,237.0,343.97738795,22.634478145,10.499257389999999,24.180925925,5,145.13813837552743,9.550412719409282,4.4300664092827,10.202922331223629
dish_1563898055,356.0,403.47738795,22.753478145,25.96925739,24.775925925000003,6,113.33634492977527,6.3914264452247185,7.294735221910112,6.9595297542134835
dish_1563898084,384.0,419.49338795,22.837478145,30.00125739,24.971925925,7,109.24306977864585,5.94725993359375,7.812827445312499,6.503105709635417
dish_1563898107,424.0,440.69338795,23.117478145,34.80125739,25.451925925,8,103.93711979952829,5.452235411556604,8.207843724056604,6.002812718160378
dish_1563898688,93.0,32.55,0.372,6.51,2.232,1,35.0,0.4,6.999999999999999,2.4
dish_1563898722,303.0,343.35,23.472,9.87,23.232,2,113.31683168316833,7.746534653465346,3.2574257425742568,7.667326732673267
dish_1563898786,344.0,420.92845991,31.470230163,11.42750315,23.636036394999998,10,122.36292439244187,9.148322721802325,3.321948590116279,6.8709408125
dish_1563898813,382.0,626.50845991,47.430230163000004,11.95950315,37.696036395,11,164.00745023821992,12.416290618586387,3.130759986910995,9.86807235471204
dish_1563898880,441.0,643.61845991,47.548230163,15.85350315,38.581036395,12,145.94522900453512,10.781911601587302,3.5948986734693875,8.748534329931973
dish_1563900120,49.0,46.89658576000001,1.195122,8.60487804,0.47804878,2,95.70731787755103,2.4390244897959183,17.560975591836733,0.9756097551020408
dish_1563900150,154.0,202.29658576000003,12.745122,10.284878039999999,10.97804878,3,131.36141932467532,8.276053246753246,6.6784922337662325,7.128603103896104
dish_1563900172,255.0,236.63658576,12.947122,18.36487804,11.78604878,4,92.79866108235294,5.077302745098039,7.201912956862746,4.62197991372549
dish_1563900205,301.000003,262.2619508,14.248585208,21.50634168,12.863122028,5,87.13021534421713,4.7337491913579814,7.144963942076771,4.273462425181437
dish_1563908923,112.0,49.28,2.352,4.816,3.584,1,44.0,2.0999999999999996,4.3,3.2
dish_1563908957,159.000001,73.87275031,3.572825001,8.02375007,4.408850018,3,46.460848959365734,2.247059734924153,5.046383660085637,2.772861629101499
dish_1563908996,293.000003,269.91606705000004,10.461833317999998,15.449354868999999,29.32497489,13,92.1215236472199,3.5705915395502568,5.272817307445556,10.008523750765969
dish_1563909469,64.000004,72.40282942300001,6.906353509,2.248366188,1.364915132,9,113.12941390284914,10.791176683363958,3.5130719491830025,2.1326797604575147
dish_1563909507,151.000008,117.92557213299999,9.166177514000001,8.186116538,2.891765222,10,78.09640124853502,6.070315912830945,5.421268943244029,1.915076204499274
dish_1563909550,273.000008,310.319572133,11.850177514,44.664116537999995,8.625765222,11,113.67016961149687,4.340724236901854,16.36048176892361,3.159620867849938
dish_1563909580,361.000008,544.311572133,20.122177514,74.144116538,18.481765222,12,150.77882550434737,5.574010268165978,20.538535981971503,5.119602441116844
dish_1563909919,51.000002,26.68575062,1.3247250019999999,3.48075014,0.895050036,2,52.324999163725515,2.5974999020588267,6.825000006862744,1.7550000017647056
dish_1563909951,188.000003,180.60264325300002,15.631252778999999,9.266832436,3.663663995,9,96.06523423991649,8.314496026364425,4.929166110704796,1.9487574130517433
dish_1563909982,317.999999,370.793919503,22.314619387999997,16.470777025,27.836023278000003,16,116.60186184560332,7.01717593024269,5.179489646790849,8.753466467149266
dish_1563910106,83.999998,101.45795992,7.423245262,8.096603254,1.529207545,9,120.78328849484019,8.837196950885641,9.63881362711461,1.8204852159639338
dish_1563910137,140.999998,131.28320139,8.903819262999999,11.986853324,2.529557563,10,93.10865478877524,6.314765524322914,8.501314534770419,1.7940124814753544
dish_1563910171,423.00000800000004,571.183789008,27.285720730999998,24.938656324,53.608374705,21,135.03162605330257,6.450524873512531,5.895663322067833,12.673374395066206
dish_1563910276,240.99999200000002,375.94338209999995,15.709353928,11.068738665000001,43.652461817,14,155.9931097840036,6.518404335880641,4.592837772791296,18.113055297113867
dish_1563910530,214.000004,333.82525985800004,13.94938561,9.828672609,38.761939017,14,155.99310916741857,6.518404368814871,4.592837581909578,18.113055276858784
dish_1563910639,446.99998300000004,697.289171006,29.137266071,20.529983861999998,80.965353991,14,155.99310906595713,6.518404290632825,4.592837727691814,18.11305527297973
dish_1563910676,500.99998400000004,757.957150892,34.776336257,22.810629492,82.056632464,18,151.28885730503333,6.941384704116077,4.553020004088463,16.378569877159915
dish_1563910708,554.999987,786.212660352,36.178987258999996,26.496129632,83.0043325,19,141.65994212032297,6.518736595754189,4.77407752299641,14.955735935900123
dish_1563911156,96.000003,140.44894456,4.935408949999999,5.319836251,17.85035842,11,146.30097934476106,5.141050828925494,5.541495921619918,18.594122773100327
dish_1563911185,133.000004,159.80919487,5.8964839510000004,7.845086321,18.499708438,12,120.15728576218689,4.433446446362513,5.898560966208693,13.909554798208879
dish_1563911215,170.000004,218.15819487000002,6.710483951,18.908086321,20.238708437999996,13,128.3283469040389,3.947343407709567,11.122403456531684,11.905122330467709
dish_1563911255,235.000002,293.19215648,12.387642769000001,24.054247806,21.956120011,16,124.76261871691388,5.271337303648194,10.235850043099148,9.343029712399748
dish_1563913588,68.0,180.812,6.392,22.78,7.616,1,265.90000000000003,9.4,33.5,11.2
dish_1563913627,108.999999,230.333146362,10.015250526,26.731913611000003,8.362398912,10,211.3148151148148,9.188303319158747,24.524691611235706,7.671925677724088
dish_1563913675,227.999999,282.693146362,12.514250526000001,31.848913611,12.170398912,11,123.98822263240447,5.488706395125906,13.96882182047729,5.3378942830609395
dish_1563913709,262.999999,337.88814636200004,13.284250526000001,42.313913611000004,13.815398912,12,128.47458085427598,5.051045846581924,16.088940597676583,5.253003408566553
dish_1563913741,292.000001,353.062396982,14.037525528,44.293163751,14.324348947999999,13,120.91177937427473,4.807371739700781,15.168891643599686,4.905598937994523
dish_1563984140,472.0,245.44,0.944,3.304,47.2,1,52.0,0.2,0.7,10.0
dish_1563984167,608.0,291.68,1.216,14.184000000000001,48.288000000000004,2,47.973684210526315,0.2,2.332894736842105,7.942105263157895
dish_1563984199,670.0,322.68,1.278,22.244,48.598000000000006,3,48.16119402985075,0.19074626865671643,3.32,7.253432835820896
dish_1563984242,752.999999,402.11707044,3.30239,36.81960962,49.40775609000001,5,53.40200145737318,0.4385644096129673,4.889722399587945,6.561455000745625
dish_1563984296,870.999999,436.33707044,3.5383899999999997,44.607609620000005,51.17775609,6,50.096104585644206,0.4062445469646895,5.121424761333439,5.8757469745990205
dish_1563984701,172.0,275.2,17.2,5.16,24.08,1,160.0,10.0,3.0000000000000004,13.999999999999998
dish_1563984729,321.0,495.72,33.59,7.5440000000000005,38.98,2,154.42990654205607,10.464174454828662,2.3501557632398753,12.143302180685357
dish_1563984771,387.999994,582.809186083,38.258386615999996,17.855515396,41.123999846,7,150.20855543698798,9.860409074130036,4.601937028895933,10.598969196375812
dish_1563984835,460.999994,603.9791860830001,38.404386616,22.673515396,42.218999846,8,131.01500953229947,8.330669656364464,4.918333121713663,9.158134576027782
dish_1563986062,128.0,189.44,14.08,2.048,12.8,1,148.0,11.0,1.6,10.0
dish_1563986093,215.0,239.03,14.341,14.228,13.409,2,111.1767441860465,6.670232558139534,6.6176744186046506,6.236744186046512
dish_1563996251,158.0,39.5,0.474,7.9,2.844,1,25.0,0.3,5.0,1.7999999999999998
dish_1563996279,278.0,98.49001462,1.893740766,19.736820741,3.9101737539999997,5,35.42806281294964,0.6812017143884893,7.099575806115108,1.4065373215827337
dish_1563996308,658.999999,718.511799209,22.656108752999998,28.793681757,98.594513326,19,109.03062220019821,3.4379527750196552,4.369299211030803,14.961231179910822
dish_1563996441,65.000004,80.239188658,7.624641392,2.617095135,1.559902101,9,123.4448980310832,11.730216804294349,4.026299959920002,2.399849238470816
dish_1563996464,146.000004,100.489188658,7.867641392,6.667095134999999,3.0179021010000002,10,68.82820952388468,5.3887953263343755,4.5665033920136056,2.067056176929968
dish_1563996485,201.000004,178.039188658,11.607641392000001,16.567095135,4.172902101,11,88.57670901240381,5.774945851244859,8.24233572403312,2.0760706557000868
dish_1563996509,316.0,365.18486507200004,17.874497336,19.300793004,32.752164515000004,24,115.56483071898735,5.656486498734178,6.107845887341772,10.364609023734179
dish_1563996596,90.0,39.6,1.89,3.87,2.88,1,44.0,2.0999999999999996,4.300000000000001,3.2
dish_1563996625,215.000002,342.70109722,23.042094985,8.849508001,26.378634564,13,159.39585768934086,10.717253381699967,4.1160501947344175,12.269132241217374
dish_1563996656,284.000001,376.62035869000005,23.858446371,15.655679703,26.991684454999998,15,132.61280188868733,8.400861368658939,5.512563256293792,9.50411421125312
dish_1563997327,119.999998,157.878061924,14.366602404,6.455922296,3.164271713,9,131.56505379608424,11.972168869536146,5.379935336332255,2.636893138114886
dish_1563997386,237.999999,215.884914934,15.762681392,18.095462761,4.212675914,10,90.70794783238632,6.622975402617544,7.603135645811494,1.7700319040757644
dish_1563997418,400.000003,608.703945924,43.175797443,24.548905142,34.666906430000004,18,152.1759853396801,10.793949279795381,6.137226239470802,8.666726542499552
dish_1563998210,91.00000299999999,148.089200179,4.958991094,2.163187151,22.614895929000003,17,162.7353794471853,5.449440582985476,2.3771286589957583,24.85153316863078
dish_1563998244,170.000003,259.47920017900003,10.330991094,16.383187151,24.273895929000002,18,152.63482094115025,6.077053477463763,9.637168742285258,14.27876205919832
dish_1563998279,296.000008,565.005114629,31.652303429,21.402531357,47.960520222,25,190.88010113465944,10.693345464031204,7.230584722484197,16.20287801546276
dish_1563998323,574.000008,634.505114629,32.486303428999996,35.302531357,52.964520222,26,110.54095919611903,5.659634664848297,6.150266701215795,9.227268202755843
dish_1563998513,599.000008,757.505114629,38.736303429,51.552531357,54.239520222,27,126.46162011887654,6.466828532830338,8.60643249891242,9.055011602270296
dish_1564000202,149.0,396.191,14.006,49.915,16.688,1,265.9,9.4,33.5,11.2
dish_1564000417,128.0,340.352,12.032,42.88,14.336,1,265.9,9.4,33.5,11.200000000000001
dish_1564000459,216.999998,485.186482458,16.882001782,44.99564465,36.453863921,18,223.58824282477642,7.779724395204833,20.735320306316318,16.79901578662687
dish_1564000490,324.999998,532.706482458,19.150001782,49.63964465,39.909863920999996,19,163.90968791882884,5.8923082768757435,15.273736909376842,12.279958205107434
dish_1564000536,397.000001,659.906190651,27.075863691,60.701585918999996,43.828611623,23,166.2232214077501,6.820116781561418,15.290071981385209,11.03995252206561
dish_1564073641,52.000002,49.767808959999996,1.268293,9.13170762,0.50731709,2,95.7073212420261,2.4390249061913494,17.560975516885556,0.9756097509380866
dish_1564073677,92.000002,108.96780896,5.668293,9.77170762,4.50731709,3,118.443268033842,6.161187909539394,10.621421095186498,4.899257600016139
dish_1564073716,295.000002,214.52780896000002,6.074293,11.19270762,24.80731709,4,72.72129067985567,2.0590823589214753,3.794138150548216,8.409259973496543
dish_1564073860,91.0,492.31,38.22,1.274,33.67,1,541.0,42.0,1.4000000000000001,37.0
dish_1564082178,348.000023,549.203581694,15.769116117000001,9.967050699,86.590048162,12,157.81711074599556,4.5313549065483825,2.8640948391546512,24.88219610318819
dish_1564082212,425.000022,707.941195584,23.036887238000002,18.467739578,100.636759758,18,166.57439033826685,5.4204437754123225,4.345350264005398,23.67923636436894
dish_1564082323,518.0000220000001,748.861195584,24.989887238,22.466739578,103.612759758,19,144.56779223534474,4.824302350705305,4.337208228535557,20.00246242421974
dish_1564082462,609.0000239999999,905.35442977,32.071828141,40.53291641,108.822509729,25,148.66246208390956,5.266309832033767,6.6556510365589086,17.86904851238561
dish_1564083459,96.0,217.152,14.304,0.096,21.696,1,226.2,14.899999999999999,0.1,22.6
dish_1564083480,133.0,259.702,18.263,2.427,21.992,2,195.26466165413535,13.731578947368423,1.8248120300751882,16.535338345864663
dish_1564083508,225.0,276.262,18.447,6.015000000000001,22.82,3,122.78311111111111,8.198666666666666,2.6733333333333333,10.142222222222221
dish_1564083534,307.0,309.062,18.611,13.395,24.46,4,100.67166123778502,6.062214983713355,4.363192182410423,7.967426710097721
dish_1564086602,49.0,130.291,4.606,16.415,5.488,1,265.9,9.4,33.5,11.200000000000001
dish_1564086624,131.0,217.293,6.574,34.455,8.030000000000001,2,165.87251908396948,5.018320610687023,26.30152671755725,6.129770992366413
dish_1564086658,230.0,260.853,8.653,38.711999999999996,11.198,3,113.41434782608697,3.7621739130434784,16.831304347826084,4.868695652173914
dish_1564086709,306.999999,393.27035323999996,14.645412021,53.99876426,15.606249974,9,128.1010926778537,4.770492530522777,17.58917408335236,5.083469063464069
dish_1564086748,338.999999,443.771827672,16.09544542,54.915274455,23.56855298,21,130.906144242201,4.747919016955514,16.19919605221002,6.952375530832966
dish_1564086778,437.000003,645.801526392,25.345336314,65.734333457,41.446186708,27,147.7806686404073,5.799848086957565,15.042181465843148,9.48425318614929
dish_1564159520,42.0,227.22,17.64,0.588,15.54,1,541.0,42.00000000000001,1.4,37.0
dish_1564159543,57.0,284.175,21.855,1.053,19.905,2,498.5526315789474,38.3421052631579,1.8473684210526315,34.921052631578945
dish_1564159588,113.0,477.15099999999995,37.143,3.405,30.713,3,422.25752212389375,32.869911504424785,3.0132743362831858,27.179646017699117
dish_1564159636,134.0,487.87365629,37.411686281,5.26718082,31.416099638,7,364.0848181268657,27.91916886641791,3.93073195522388,23.444850476119402
dish_1564160043,98.0,245.0,1.47,48.02,9.898,1,250.0,1.5,49.00000000000001,10.1
dish_1564160161,97.0,242.5,1.455,47.53,9.797,1,250.0,1.5000000000000002,49.0,10.100000000000001
dish_1564168695,78.0,385.008,34.164,0.0,18.018,1,493.6,43.8,0.0,23.1
dish_1564168739,164.0,585.302,45.344,15.394,27.478,2,356.89146341463413,27.64878048780488,9.386585365853659,16.75487804878049
dish_1564169197,50.0,116.45,6.5,8.95,5.5,1,232.9,13.0,17.9,11.0
dish_1564169254,201.0,161.75,6.802,20.426000000000002,6.406,2,80.4726368159204,3.3840796019900496,10.162189054726369,3.1870646766169153
dish_1564169298,299.000003,187.076355656,7.090506343,25.310050866,8.460101353999999,10,62.56734240099657,2.3714067798855507,8.464899870251841,2.829465307396669
dish_1564169340,518.000007,657.5175432,30.844041844,48.579582128,48.924632614000004,18,126.93388693332585,5.9544481519669175,9.378297581374358,9.444909643408558
dish_1564169644,163.0,433.417,15.322,54.605,18.256,1,265.9,9.4,33.5,11.200000000000001
dish_1564169878,341.000004,732.513444422,36.986098144,36.232468397,63.006415028000006,10,214.8133242901663,10.846362964852048,10.625357176535399,18.476954336927225
dish_1564169932,473.000002,766.626492706,37.374698496,42.810985504,65.773163614,16,162.0774819163743,7.901627555595655,9.050948271243348,13.905531360653145
dish_1564169958,563.000002,787.776492706,37.704698496000006,46.740985503999994,67.093163614,19,139.92477618250524,6.697104504806024,8.302128834450697,11.917080528536127
dish_1564170010,831.0,1264.548337676,61.893874233000005,57.291944961,116.862579038,23,152.1718817901324,7.44811964296029,6.894337540433212,14.06288556413959
dish_1564170071,35.0,14.0,0.035,3.15,0.385,1,40.0,0.1,9.0,1.1
dish_1564170098,67.0,50.8,3.459,5.166,0.641,2,75.82089552238806,5.1626865671641795,7.710447761194031,0.9567164179104477
dish_1564170141,133.0,62.68,3.5909999999999997,7.74,1.2349999999999999,3,47.12781954887218,2.7,5.819548872180452,0.9285714285714284
dish_1564170173,176.0,79.88,3.677,11.61,2.0949999999999998,4,45.38636363636363,2.0892045454545456,6.596590909090909,1.190340909090909
dish_1564170283,301.0,646.588111068,32.647553448000004,31.982323096000002,55.61563352499999,10,214.8133259362126,10.846363271760799,10.625356510299005,18.476954659468436
dish_1564170474,168.0,39.480000000000004,0.616,7.336,2.464,3,23.5,0.36666666666666664,4.366666666666666,1.4666666666666666
dish_1564170542,440.000004,523.36784702,25.166207959999998,18.044437128,52.976243398,10,118.94723687775239,5.719592666185521,4.101008400899923,12.040055208272225
dish_1564170836,135.0,240.16492106,12.184845708,5.314849022,25.070414806,7,177.89994152592595,9.025811635555556,3.9369252014814817,18.570677634074073
dish_1564170880,229.999999,348.55715085,15.413000753,22.931353741000002,28.944201183999997,8,151.54658798498517,6.701304704353499,9.97015384378328,12.584435352106238
dish_1564170923,318.999999,378.81715085,15.813500753,28.582853741,31.213701183999998,10,118.7514583189701,4.957210282937964,8.960142266646214,9.784859336002693
dish_1564170967,410.000001,400.20215132,16.147167427,32.556520495,32.548367879999994,13,97.61028057168224,3.938333509174796,7.940614735510695,7.938626292832618
dish_1564171888,194.000002,345.12589103000005,17.510074787,7.637634777,36.027115268,7,177.8999419958769,9.025811652826684,3.9369251021966485,18.570677781745594
dish_1564171935,308.999999,476.33754225,21.417842197,28.962876839000003,40.716435512000004,8,154.15454491635776,6.931340539260002,9.373099330980905,13.176840014164531
dish_1564171970,396.000003,498.821143781,21.673965174,33.298717933,42.539974475,14,125.96493434395254,5.473223487324065,8.408767091095198,10.74241771533522
dish_1564171996,484.000005,519.501144251,21.996631848,37.141384687,43.830641171,17,107.33494605046545,4.544758599331007,7.673839732088432,9.055917503761183
dish_1564415022,133.0,69.16,0.266,0.931,13.3,1,52.0,0.2,0.7000000000000001,10.0
dish_1564415077,189.0,152.04,6.426,1.827,18.9,2,80.44444444444444,3.4000000000000004,0.9666666666666667,10.0
dish_1564415140,238.999999,199.8936562,7.645512,10.60748766,19.38780487,4,83.63751340434106,3.198959009200665,4.438279374218742,8.112052280803567
dish_1564415172,265.999999,243.0936562,10.345512,11.41748766,23.16780487,5,91.3885928999571,3.889290240185302,4.2922886101213855,8.709701111690606
dish_1564415293,82.0,78.47999999999999,2.0,14.4,0.8,2,95.70731707317071,2.4390243902439024,17.5609756097561,0.975609756097561
dish_1564415335,136.0,164.88,7.4,16.02,8.36,3,121.23529411764706,5.4411764705882355,11.779411764705882,6.147058823529411
dish_1564415365,265.0,231.96,7.658,16.923000000000002,21.259999999999998,4,87.5320754716981,2.889811320754717,6.386037735849056,8.022641509433962
dish_1564415499,95.00000299999999,90.92195211999999,2.317073,16.6829274,0.9268293,2,95.70731499871637,2.439024133504501,17.56097565596919,0.975609758664955
dish_1564415538,159.000005,126.57463906,4.127805104,21.05365922,2.425365924,3,79.60668872934941,2.596103757355228,13.241294690525326,1.525387325616751
dish_1564415571,754.000005,435.97463905999996,5.317805104,25.21865922,61.925365924,4,57.82156978367659,0.7052791868350186,3.344649741746354,8.212913198057604
dish_1564427406,135.0,305.37,20.115,0.135,30.51,1,226.2,14.899999999999999,0.1,22.6
dish_1564427430,170.0,345.62,23.86,2.34,30.790000000000003,2,203.30588235294118,14.03529411764706,1.3764705882352941,18.111764705882354
dish_1564427455,218.0,354.26,23.956,4.212,31.222,3,162.5045871559633,10.988990825688074,1.932110091743119,14.322018348623855
dish_1564428102,107.0,133.219668011,12.706973983000001,4.44612312,2.43063514,9,124.50436262710281,11.87567661962617,4.155255252336449,2.2716216261682245
dish_1564428144,170.999998,205.212925143,14.074488897999998,16.70004427,5.111410363999999,14,120.0075599667551,8.230695358253746,9.7661078744574,2.989128902796829
dish_1564428181,319.99999,510.050629114,32.323370716,20.955042942000002,34.305463484,21,159.39082657908833,10.101053664407926,6.548451124014097,10.720457673764301
dish_1564428404,104.00000499999999,113.751046868,9.808389166,6.29883466,1.598034382,9,109.37600134538457,9.431142975425818,6.056571497280217,1.536571447280219
dish_1564428444,277.000005,157.001046868,10.327389166,14.948834660000001,4.712034382,10,56.679077268608715,3.7282992706083165,5.396691115583193,1.7010954140596495
dish_1564428475,370.000007,261.616235432,12.314557431999999,32.755314483,8.607536102000001,16,70.70708931959561,3.328258702438349,8.852787530622939,2.3263610646364126
dish_1564428515,479.000002,484.618325379,25.664411994,35.868031554,29.964259288,23,101.17292763163705,5.357914798923112,7.488106764976589,6.255586464068533
dish_1564429184,202.0,389.658,22.018,18.786,37.976,1,192.9,10.9,9.3,18.8
dish_1564429235,252.99999699999998,479.75778941,27.632152051000002,26.621541200000003,40.751779424999995,9,189.62758699558404,10.921799359151771,10.52234842516619,16.107422888625567
dish_1564429270,354.000002,605.50717955,39.6265835,30.818349188,43.046117366000004,14,171.04722489521342,11.193950078000283,8.705748309007072,12.159920091186894
dish_1564429702,158.0,39.5,0.474,7.9,2.844,1,25.0,0.3,5.0,1.7999999999999998
dish_1564429744,373.999998,282.477227321,5.089361202,49.256983817000005,11.891616553,10,75.52867081058112,1.360791772517603,13.170316599039127,3.179576635452282
dish_1564429808,421.999994,380.67997289100003,10.968195241,50.627721432,21.296412035000003,17,90.20852566433923,2.5990984352952387,11.997090557304604,5.046543208007724
dish_1564429843,473.99999299999996,395.729837256,11.635026331999999,52.371741130000004,21.758064308,18,83.48730867090963,2.4546469417352923,11.048890696924547,4.5903089935277706
dish_1564429894,565.999993,498.769837256,11.819026332,73.53174113,25.254064308,19,88.12188046369816,2.088167222291821,12.991473858551798,4.461848872849721
dish_1564432094,63.0,177.66,7.56,20.16,7.56,1,282.0,12.0,32.0,12.0
dish_1564432128,102.000001,217.02839717999998,11.281486918,21.601863075,8.091218675,11,212.77293632575552,11.060281183722735,21.17829692472258,7.932567250661106
dish_1564432165,160.000001,246.02839717999998,11.339486917999999,29.141863075,8.381218675,12,153.76774727645156,7.087179279455129,18.213664308039597,5.238261639135865
dish_1564432191,220.000001,261.02839718,11.519486918,32.141863074999996,9.461218675,13,118.64927090613968,5.236130393472135,14.609937694954828,4.300553923633846
dish_1564432238,314.999994,455.388003735,23.154680016,34.854781639,28.074875998999996,22,144.56762298700232,7.350692208584614,11.065010254889085,8.912659217066524
dish_1564502063,92.0,497.72,38.64,1.288,34.04,1,541.0,42.0,1.4000000000000001,37.0
dish_1564503184,18.0,97.38,7.56,0.252,6.66,1,541.0,42.0,1.4000000000000001,37.0
dish_1564503219,242.0,213.86,8.008,1.82,29.06,2,88.37190082644628,3.3090909090909086,0.7520661157024794,12.008264462809917
dish_1564514906,177.999994,199.26604910400002,20.851079936,8.858501859,25.466615700000002,14,111.9472223712547,11.71409024654237,4.976686605393931,14.307087954171507
dish_1564514953,280.999996,249.89915285400002,22.06969158,19.018439818,26.381748191,15,88.93208413212932,7.853982880483742,6.768128145453782,9.388522621544805
dish_1564514997,395.999992,381.110795234,25.977457989999998,40.34368188,31.071068435,16,96.24010175081014,6.559964271413418,10.187798660359567,7.8462295612874655
dish_1564515049,611.000008,431.635798994,26.765791381999996,49.732015912,34.224402003,19,70.64415602986375,4.380653196652658,8.139446032871412,5.601375049900163
dish_1564516366,27.0,31.05,2.889,1.701,0.216,1,115.00000000000001,10.7,6.3,0.8
dish_1564516397,59.0,36.81,2.953,2.949,0.504,2,62.389830508474574,5.005084745762712,4.998305084745763,0.8542372881355932
dish_1564516429,186.0,178.982975259,17.829895083,9.26939178,18.674001849,16,96.2274060532258,9.585965098387097,4.9835439677419355,10.03978594032258
dish_1564516454,266.0,311.14297525899997,20.709895083,9.26939178,43.554001849,17,116.97104333045112,7.785674843233083,3.4847337518796992,16.3736849056391
dish_1564516483,373.999997,364.233990839,21.987662167,19.922530172,44.513558211,18,97.38876838520403,5.879054102505781,5.326879767862672,11.902021007502842
dish_1564516732,53.999999,26.54551221,0.638884042,5.326569196,0.479778181,4,49.15835685478438,1.1831186182059004,9.864017212296615,0.8884781294162617
dish_1564516760,329.00000500000004,442.728934403,19.22148051,11.774261589,52.757279519,14,134.56806312297772,5.842395203003111,3.5788028602005637,16.03564702650992
dish_1564518454,62.0,164.858,5.828,20.77,6.944,1,265.90000000000003,9.4,33.5,11.200000000000001
dish_1564518488,117.000001,248.094680791,9.544519054,22.059538309,17.399500138,13,212.04673390643816,8.157708523438389,18.854306085860635,14.871367512210535
dish_1564518512,163.000002,270.707520051,10.088752984,26.596986408,17.808200096,15,166.078231122353,6.189418932645166,16.317169375249456,10.925275998462872
dish_1564518542,234.000004,342.37819362100004,16.86376786,29.221916508,18.775290499,22,146.3154648582827,7.206738278517294,12.487998294222253,8.02362828122003
dish_1564518586,315.000004,361.413193621,17.16076786,32.758916508,19.963290499,24,114.73434572432578,5.447862743519203,10.399655902226591,6.337552458888222
dish_1564518850,119.0,194.327,7.021,29.155,4.879,1,163.3,5.8999999999999995,24.500000000000004,4.1
dish_1564588483,51.0,175.746,13.923,2.142,9.843,1,344.6,27.3,4.199999999999999,19.3
dish_1564588533,167.0,236.066,14.155,2.9539999999999997,21.442999999999998,2,141.35688622754492,8.476047904191617,1.7688622754491017,12.840119760479041
dish_1564588567,312.0,450.666,30.105,5.274,35.943,3,144.44423076923076,9.649038461538462,1.6903846153846154,11.520192307692307
dish_1564588688,43.0,148.178,11.739,1.806,8.299,1,344.59999999999997,27.3,4.2,19.299999999999997
dish_1564588719,81.0,222.278,16.299,6.366,11.681,2,274.4172839506173,20.122222222222224,7.859259259259259,14.420987654320985
dish_1564588820,156.0,81.12,0.312,1.092,15.6,1,52.0,0.2,0.7000000000000001,10.0
dish_1564588859,256.999997,183.58641975,4.754447026999999,9.571161026,23.436095875,4,71.43440540584909,1.8499794095328332,3.724187213122808,9.119103559756073
dish_1564588889,345.999997,234.49441975,5.021447027,22.387161026,24.059095875,5,67.77295427259786,1.4512852805024734,6.470277809279866,6.953495977920484
dish_1564588919,451.999998,335.94417779,7.606813026999999,41.001795326,25.093242225,7,74.32393346824749,1.68292324350851,9.071193696332715,5.551602286732753
dish_1564589025,51.000002,48.81072968,1.243902,8.956098,0.497561,2,95.70730934481139,2.439023433763787,17.56097578192252,0.975609765662362
dish_1564589072,241.000002,419.31072968,24.043902,31.756098,17.407561,3,173.98785319512155,9.976722738782385,13.176804040026525,7.223054296904115
dish_1564589308,161.0,227.01,10.948,28.98,3.381,1,141.0,6.800000000000001,18.0,2.0999999999999996
dish_1564589366,348.0,324.25,11.322000000000001,30.289,22.081,2,93.17528735632183,3.253448275862069,8.703735632183909,6.345114942528736
dish_1564590115,121.000001,115.80585027999999,2.951219,21.24878076,1.18048782,2,95.70731349002219,2.439023946784926,17.56097568957871,0.9756097605321506
dish_1564590146,205.000001,141.00585028,3.119219,27.63278076,1.68448782,3,68.7833412644715,1.5215702364801453,13.479405183027291,0.8217013716014567
dish_1564590190,298.000001,194.01585028,3.398219,40.65278076,2.33548782,4,65.10598980836916,1.140341942482074,13.641872692476936,0.7837207423365076
dish_1564590226,376.000001,220.53585028,3.5542190000000002,46.89278076,2.95948782,5,58.65315151422035,0.9452710081242793,12.47148421151201,0.7870978223747398
dish_1564590254,432.000001,248.53585027999998,3.610219,54.17278076,3.23948782,6,57.53144669089942,0.8356988406581046,12.53999551726853,0.7498814380789781
dish_1564590288,848.000001,464.85585027999997,4.442219,57.08478076,44.83948782,7,54.81790680799775,0.5238465795709356,6.731695836401302,5.287675444236232
dish_1564590352,962.000001,497.91585028,4.670219,64.60878076,46.54948782,8,51.75840434120747,0.4854697500151043,6.716089469110094,4.838824092683136
dish_1564601470,73.0,15.841,0.073,3.723,0.511,1,21.7,0.1,5.1,0.7000000000000001
dish_1564601528,163.0,142.741,6.1930000000000005,19.923,2.401,2,87.57116564417178,3.7993865030674847,12.222699386503066,1.473006134969325
dish_1564601569,291.000003,208.09815118,7.830707670000001,31.273435686,6.686559748,6,71.51139142084476,2.6909648073096415,10.746885004671288,2.2977868312942937
dish_1564601600,434.00001000000003,600.798019824,34.061846039,39.350666414,36.421765502999996,14,138.43272027205714,7.848351441051809,9.066973619194156,8.392111673684061
dish_1564601638,541.000012,712.456384042,46.945048637,42.989042101,51.126690014,21,131.69248950811482,8.677457965934389,7.946218326701258,9.450404598881969
dish_1564605293,152.0,404.168,14.288,50.92,17.024,1,265.90000000000003,9.4,33.5,11.200000000000001
dish_1564605328,348.999998,541.2380798930001,25.873276134,57.831765777,20.289170101,9,155.08254527067362,7.4135462126850795,16.570706621322103,5.813515821567425
dish_1564675060,77.0,23.1,0.154,5.852,0.462,1,30.000000000000004,0.2,7.6,0.6
dish_1564675118,238.00001,177.18878592,4.0808290000000005,34.12517258,2.03273181,3,74.44906658617366,1.714633961570002,14.338307204272805,0.8540889599122286
dish_1564675157,284.00001000000003,208.92878592,4.172829,42.40517258,2.35473181,4,73.56647132512424,1.4693059341793684,14.931398270021184,0.8291308898193348
dish_1564675193,803.00001,478.80878592,5.210829,46.03817258,54.254731809999996,5,59.627494390691226,0.6489201662650043,5.733271731839705,6.756504499918997
dish_1564675240,886.00001,502.87878592,5.376829,51.51617258,55.49973181,6,56.758327341328126,0.606865568771269,5.8144663655252105,6.2640780116921215
dish_1564675380,23.0,87.331,6.463,0.713,6.693,1,379.7,28.1,3.1,29.099999999999998
dish_1564675411,308.0,235.531,7.033,2.708,35.193,2,76.4711038961039,2.2834415584415586,0.8792207792207792,11.426298701298702
dish_1564685144,50.0,26.1625,1.29875,3.4125,0.8775,2,52.325,2.5975,6.825,1.755
dish_1564685183,150.000001,127.10711495999999,10.841024993000001,7.109584611,2.239599137,11,84.73807607507948,7.227349947151001,4.739723042401846,1.4930660813795593
dish_1564685229,347.00000900000003,591.43522816,41.458505832,14.729663006,41.904798128,16,170.4424244438564,11.947695895304717,4.2448595458105585,12.07631038649339
dish_1564685360,128.99999400000002,304.05239748,20.049008912,4.989797204,25.973656198999997,9,235.69954389300202,15.541868096520997,3.8680600279717843,20.134618145020994
dish_1564685406,191.999995,367.64749951000005,26.060641546000003,7.318960506,26.831778654,15,191.48307764799682,13.573251158678415,3.811958696144757,13.974885079554298
dish_1564685450,287.999995,623.0074995100001,35.372641546000004,38.998960506,37.391778654,16,216.32205219656342,12.282167416704297,13.541305966342119,12.983256702487095
dish_1564685482,336.999995,851.39649951,49.484641546,63.400960506,40.429778653999996,17,252.63991458219456,14.683870112817063,18.813341675568864,11.99696713764046
dish_1564686657,105.0,279.195,9.87,35.175,11.76,1,265.9,9.399999999999999,33.5,11.200000000000001
dish_1564686702,130.0,307.945,12.544999999999998,36.75,11.959999999999999,2,236.88076923076923,9.649999999999999,28.26923076923077,9.2
dish_1564686740,221.000002,399.80460168999997,21.228470471999998,40.114347022,13.199510212,12,180.90705795106734,9.605642660582419,18.151288080983818,5.972629001152678
dish_1564686791,343.000002,601.34860169,25.620470472,40.114347022,51.141510212,13,175.32029101562514,7.469524875396356,11.695144836179914,14.910061199358243
dish_1564686832,392.000002,829.73760169,39.732470472,64.51634702199999,54.179510212,14,211.66775445322577,10.135834252368193,16.458251707355856,13.821303554993348
dish_1564686855,435.000002,1030.16060169,52.116470471999996,85.930347022,56.845510212,14,236.81852803531714,11.980797754571045,19.7541026728547,13.067933321986514
dish_1564686966,65.0,153.20470208,10.102214064,2.514239108,13.087501780999999,9,235.6995416615385,15.541867790769231,3.8680601661538456,20.134618124615383
dish_1564687013,224.000005,330.84082917200004,26.888264035,14.725341648,32.211377348,16,147.69679544069655,12.003689033399798,6.573813088977387,14.380078852230383
dish_1564687046,308.000007,374.793829792,29.070164037,20.458341788,33.685577384,17,121.68630560842813,9.438364732569633,6.6423186113758765,10.936875525460621
dish_1564687090,416.00000800000004,498.018684532,32.740066887,40.485526457999995,38.089460924,18,119.71602763334562,7.870208234947917,9.732097519094276,9.156120238343842
dish_1564688969,90.0,239.31,8.46,30.15,10.08,1,265.9,9.400000000000002,33.5,11.200000000000001
dish_1564689078,55.00000000000001,72.360776488,6.584692564,2.958964368,1.450291199,9,131.56504815999998,11.972168298181817,5.379935214545454,2.636893089090909
dish_1564689108,158.999996,203.662466273,15.866496906,13.156698072,4.929468994,15,128.08960465193974,9.978929122740354,8.27465308363907,3.1002950427747176
dish_1564689138,222.999998,268.267010633,21.973551823,15.522832302,5.8012124609999995,21,120.29910898609066,9.853610771332832,6.960911408618039,2.6014405888021574
dish_1564689168,338.999998,352.947010633,27.541551823000002,17.726832302000002,15.081212461,22,104.1141630428564,8.124351618137768,5.2291541022368975,4.448735265479264
dish_1564689219,473.999998,506.847010633,28.081551823,44.726832302,27.231212461000002,23,106.92974952987238,5.924378046727334,9.436040609856711,5.744981556096969
dish_1564690038,81.0,92.34,0.324,16.2,7.29,1,114.00000000000001,0.4,20.0,9.0
dish_1564690085,142.999999,170.616008312,5.857383362000001,22.279418396999997,9.364125248,10,119.31189475882442,4.096072309762744,15.5800129739861,6.548339380058317
dish_1564690138,180.999998,190.499508002,6.844433361,24.872918327,10.031025230000001,11,105.24834812539612,3.781454937364143,13.741943978916508,5.542002950740364
dish_1564690167,207.0,251.781391812,10.885319262,25.878614003,15.266026055,18,121.63352261449276,5.258608339130435,12.50174589516908,7.374891814009661
dish_1564690194,430.000004,500.91885027,34.428017895,43.004877209,42.087561399,25,116.49275479309065,8.006515715055668,10.001134141617356,9.78780488546228
dish_1564691352,71.0,75.331,1.704,15.62,2.201,1,106.1,2.4,22.0,3.1
dish_1564691380,111.0,96.261,2.7430000000000003,18.349999999999998,2.903,3,86.72162162162161,2.4711711711711715,16.531531531531527,2.615315315315315
dish_1564691420,226.000004,212.34730727000002,13.716616195999999,22.601647403999998,4.469414038,12,93.95898385470826,6.069299094348688,10.00072876281896,1.9776167959713844
dish_1564691450,366.000004,542.3266669,35.475231438,28.016931604,32.657879048,17,148.1766833259379,9.692686079314907,7.65489926169509,8.92291767515937
dish_1564761388,105.0,54.6,0.21,0.735,10.5,1,52.0,0.2,0.7000000000000001,10.0
dish_1564761426,202.0,207.569,2.344,29.738,15.059000000000001,2,102.75693069306931,1.1603960396039603,14.72178217821782,7.454950495049506
dish_1564761457,223.0,287.306,8.245000000000001,30.389,21.17,3,128.83677130044842,3.6973094170403593,13.627354260089685,9.493273542600898
dish_1564761488,336.0,327.986,8.358,40.559,21.735,4,97.61488095238094,2.4875000000000003,12.071130952380951,6.468749999999999
dish_1564773826,56.0,10.08,0.112,2.184,0.504,1,18.0,0.2,3.9,0.8999999999999999
dish_1564773847,161.000003,238.027573614,15.737777074,5.821200105,17.603331354999998,15,147.8432106700023,9.775016634005903,3.615652171758034,10.933745979495416
dish_1564773876,219.000003,258.327573614,15.969777074,9.881200105,18.995331355,16,117.95779455491606,7.292135550336043,4.511963456457122,8.67366716657077
dish_1564773903,336.000003,316.827573614,16.086777074,25.091200105,19.580331355,17,94.29391987654239,4.7877312292762095,7.467619012193878,5.827479517909408
dish_1564773942,442.000003,491.939573614,19.902777074,25.091200105000002,52.546331355,18,111.29854531109584,4.502890710161375,5.676742066673697,11.888310180622328
dish_1564773976,463.000003,516.089573614,22.149777074,26.414200105,52.714331355,19,111.4664298639324,4.783969099455923,5.705010784848742,11.385384668129257
dish_1564774773,90.0,50.136585780000004,2.546341512,6.14634146,2.107317072,2,55.70731753333333,2.829268346666667,6.829268288888889,2.341463413333333
dish_1564774805,353.000005,621.090980941,41.685192236,15.256661457,44.937071146,16,175.94645103220324,11.808836160214785,4.3220003515297405,12.73004830297382
dish_1564775147,151.000005,327.810317811,22.471355333,5.230640227,24.590466981,15,217.0929185141418,14.881691780738684,3.4640000356291383,16.28507693161997
dish_1564775182,277.000009,398.001532511,26.036232669,13.835518607000001,27.540710997,16,143.68285905398653,9.399361668973809,4.994771898003802,9.942494621724004
dish_1564775216,340.00000900000003,530.596989231,33.648348605,15.705273724000001,40.410911156,22,156.0579338781723,9.896572857149541,4.619198031844758,11.885561790088069
dish_1564777933,39.0,103.701,3.666,13.065,4.368,1,265.9,9.4,33.5,11.200000000000001
dish_1564777960,147.0,331.00749634,16.715341251999998,16.270294356,26.431200855999997,10,225.17516757823128,11.370980443537414,11.068227453061224,17.98040874557823
dish_1564777986,221.0,372.23091056,18.80899974,21.323952895999998,28.163883784,11,168.4302762714932,8.510859610859729,9.648847464253393,12.743838816289593
dish_1564778030,282.999999,504.417807658,31.90498218,23.514267740999998,30.773951800000003,17,178.239508636182,11.273845333123129,8.308928559748862,10.874187953619039
dish_1564778057,376.999995,575.185081408,33.986798843,35.539472216,31.990742102999995,23,152.56898913433673,9.015066125664008,9.426915832187213,8.485608097421856
dish_1565020755,8.0,43.28,3.36,0.112,2.96,1,541.0,42.0,1.4000000000000001,37.0
dish_1565020796,99.0,90.6,3.542,0.749,12.059999999999999,2,91.5151515151515,3.5777777777777775,0.7565656565656566,12.181818181818182
dish_1565020822,193.000004,180.56488167999998,5.834683,17.25631778,12.97707321,4,93.5569315739496,3.023151750815508,8.941097110029075,6.723871990178819
dish_1565020867,325.000004,255.80488168,6.230683,35.73631778,13.90107321,5,78.70919339434839,1.9171332071737452,10.995789950821047,4.277253242741499
dish_1565020895,416.000004,348.12611883,10.23328424,43.37595856,20.96131831,8,83.68416237563305,2.4599240725007303,10.426913015125837,5.038778391454054
dish_1565020926,489.000004,398.49611883,10.37928424,56.51595856,21.47231831,9,81.49204817388917,2.122552996952532,11.557455643701795,4.391067103140555
dish_1565021011,73.0,211.919,10.439,23.871,5.767,1,290.3,14.299999999999999,32.699999999999996,7.9
dish_1565021054,144.0,263.749,13.847,25.22,11.447,2,183.1590277777778,9.615972222222222,17.513888888888886,7.949305555555555
dish_1565021104,197.0,291.309,13.953,25.590999999999998,16.747,3,147.87258883248734,7.0827411167512695,12.990355329949239,8.501015228426397
dish_1565021141,248.0,467.055,27.876,27.732999999999997,26.59,4,188.32862903225808,11.240322580645163,11.18266129032258,10.721774193548388
dish_1565021185,296.000003,481.50341647500005,28.395675557,30.147347038,26.921808145,8,162.67007148476281,9.593133536893918,10.184914436639382,9.095205362210756
dish_1565021220,361.000004,543.713174515,29.981041556999998,41.561981337999995,27.555954495,9,150.61306606384414,8.304997569196702,11.513014093484607,7.633228307388053
dish_1565021599,398.0,206.96,0.796,2.786,39.8,1,52.0,0.2,0.7000000000000001,10.0
dish_1565021640,500.000004,304.58146744,3.283805,20.698195820000002,40.79512199,3,60.916293000669654,0.6567609947459121,4.1396391308828875,8.159024332727807
dish_1565021675,575.000004,331.58146744,3.358805,27.448195820000002,41.17012199,4,57.666341762321096,0.5841399959364174,4.773599239835832,7.160021165843331
dish_1565021714,662.000004,381.17146744,3.619805,39.62819582,41.77912199,5,57.57877116870833,0.5467983350646627,5.986132262923673,6.3110455796915685
dish_1565021965,177.0,92.04,0.354,1.239,17.7,1,52.0,0.2,0.7000000000000001,10.0
dish_1565022027,267.0,178.17658576,2.549122,17.04387804,18.57804878,3,66.7328036554307,0.95472734082397,6.383474921348315,6.95807070411985
dish_1565022062,366.0,234.60658576,2.846122,30.903878040000002,19.27104878,4,64.10016004371585,0.7776289617486338,8.443682524590164,5.2653138743169405
dish_1565023128,31.999999000000003,41.59483639,2.229677284,4.924902971,1.023999958,5,129.98386778074584,6.967741730241929,15.39032226532257,3.199999968749999
dish_1565023157,259.999999,379.03483639,27.309677284,8.572902971,23.823999958,6,145.78262994147167,10.503722072706623,3.297270386143347,9.16307694216568
dish_1565023182,307.999999,638.7148363900001,47.469677284,9.244902971,41.58399995800001,7,207.37494755316544,15.412232934455302,3.001591883446727,13.501298731497723
dish_1565024675,34.0,129.098,9.554,1.054,9.894,1,379.70000000000005,28.1,3.1,29.099999999999998
dish_1565024707,149.0,299.298,22.204,2.894,21.394,2,200.8711409395973,14.902013422818792,1.9422818791946308,14.358389261744966
dish_1565024741,192.0,359.928,25.128,10.634,22.297,3,187.4625,13.087499999999999,5.538541666666666,11.613020833333334
dish_1565030350,61.999999,62.58565965,5.916210352,2.292192372,0.844501443,10,100.94461396684859,9.542274915197982,3.6970845305981372,1.362099123582244
dish_1565030391,313.000007,609.3339218,37.047944735,12.058959918,52.597545794,19,194.67537002323454,11.83640380397819,3.8527027630385966,16.804327353896834
dish_1565031283,115.99999600000001,252.6804573,14.38757358,4.51372482,23.917740453999997,13,217.8279879423444,12.403081100106244,3.8911422203842148,20.618742481680773
dish_1565031338,214.999996,296.2404573,16.46657358,8.77072482,27.085740454,14,137.78626177276766,7.658871575048773,4.079406968919199,12.598019050195703
dish_1565031376,307.999996,319.4904573,16.745573580000002,13.42072482,28.759740454,15,103.730669301697,5.4368746095698,4.357378244901016,9.337578190747768
dish_1565032680,207.999997,280.281763689,21.615925447,20.304914712,4.1092055059999995,7,134.75084987092572,10.392271999407768,9.76197836772084,1.9755795986862439
dish_1565032714,329.999997,315.59106507399997,23.180414206000002,24.396653313999998,5.192312783,8,95.63365695242717,7.024368005070013,7.392925313875078,1.5734281303644984
dish_1565032748,435.000003,544.310456124,36.203649441,28.482353118,26.841992702,18,125.12883962531835,8.322677975016015,6.547667338291949,6.1705729923868535
dish_1565033085,55.0,15.4,0.22,2.915,1.21,1,28.000000000000004,0.4,5.3,2.1999999999999997
dish_1565033110,147.0,47.6,0.588,9.355,3.418,2,32.38095238095238,0.4,6.363945578231293,2.325170068027211
dish_1565033139,274.0,193.65,14.177,17.356,4.434,3,70.67518248175183,5.174087591240876,6.334306569343067,1.618248175182482
dish_1565033189,507.0,578.1,22.564999999999998,17.356,76.664,4,114.02366863905327,4.45069033530572,3.4232741617357,15.121104536489153
dish_1565033220,578.0,908.605,59.343,19.201999999999998,76.664,5,157.19809688581313,10.266955017301038,3.322145328719723,13.263667820069205
dish_1565033265,625.0,1324.085,106.34299999999999,19.201999999999998,76.664,6,211.85360000000003,17.014879999999998,3.0723199999999995,12.26624
dish_1565034234,175.0,43.75,0.525,8.75,3.15,1,25.0,0.3,5.0,1.7999999999999998
dish_1565034281,306.0,228.46,9.433,32.33,5.901,2,74.66013071895425,3.082679738562091,10.565359477124183,1.9284313725490196
dish_1565034330,483.000006,614.01553959,31.386453277999998,39.217322784,42.396174089999995,15,127.12536893633082,6.498230411616185,8.119528425844367,8.777675685991605
dish_1565034605,52.000002,52.49119632,4.96198256,1.922484083,0.7082915839999999,10,100.94460442520752,9.542273786835622,3.697084632804437,1.362099147611571
dish_1565034635,110.000004,124.089249511,11.765509739,4.257737979,2.1002041339999997,15,112.80840454423983,10.695917555602998,3.870670749248336,1.9092764160263116
dish_1565034661,146.000004,219.813249511,15.149509739,16.317737979,6.132204134,16,150.55701608816398,10.376376249277364,11.176532556122396,4.200139702735899
dish_1565034681,185.000004,323.553249511,18.932509739,29.187737978999998,10.422204134,17,174.8936446028401,10.233788826837,15.77715532319664,5.633623734408135
dish_1565035715,39.0,15.6,0.039,3.51,0.429,1,40.0,0.1,9.0,1.0999999999999999
dish_1565035746,149.0,43.1,0.369,9.01,2.409,2,28.926174496644297,0.2476510067114094,6.046979865771812,1.6167785234899326
dish_1565035774,185.0,57.5,0.441,12.25,3.129,3,31.08108108108108,0.23837837837837839,6.621621621621622,1.6913513513513514
dish_1565035802,250.0,69.2,0.5710000000000001,14.785,3.714,4,27.68,0.22840000000000005,5.914,1.4856
dish_1565035830,414.0,340.128,6.475,14.785,54.717999999999996,5,82.15652173913043,1.5640096618357486,3.5712560386473426,13.216908212560385
dish_1565035858,531.0,375.228,6.709,23.677,55.42,6,70.66440677966102,1.2634651600753295,4.4589453860640305,10.436911487758946
dish_1565036788,70.0,186.13,6.58,23.45,7.84,1,265.9,9.4,33.5,11.200000000000001
dish_1565036821,133.999999,325.53991504,14.517972288,25.940330898,21.035995126000003,14,242.94023691746443,10.834307758464982,19.358456038495937,15.698503942526152
dish_1565036865,199.000001,434.854694766,19.686843509,27.427925976,34.376079888,22,218.51994602050283,9.89288613571414,13.782877305613683,17.27441191721401
dish_1565036890,260.000001,520.8646947660001,23.834843509,38.407925976,35.657079888,23,200.33257413949013,9.167247468202893,14.772279164722004,13.714261442637454
dish_1565036922,336.000001,539.864694766,24.062843509,42.207925976,37.025079888,24,160.6740158212083,7.161560546840594,12.561882693565826,11.019368981489972
dish_1565036953,443.000001,586.944694766,26.309843508999997,46.808925976,40.449079888,25,132.49315879030888,5.939016580047366,10.566348954929234,9.130717787063842
dish_1565107066,86.0,127.28,9.46,1.376,8.6,1,148.0,11.000000000000002,1.6,10.0
dish_1565107092,444.0,313.44,10.176,3.8819999999999997,44.4,2,70.5945945945946,2.291891891891892,0.8743243243243243,10.0
dish_1565107119,562.000005,426.37463972,13.054049000000001,24.60395208,45.55121955999999,4,75.86737294068175,2.322784498907611,4.3779273774205745,8.105199137854099
dish_1565107143,655.000005,454.27463972,13.240049,31.67195208,46.10921956,5,69.35490629805415,2.021381511287164,4.835412494386164,7.039575451606295
dish_1565107171,724.000005,501.88463972,13.378049,44.09195208,46.59221955999999,6,69.32108235551738,1.8477968104433924,6.090048587775907,6.435389397545651
dish_1565107211,799.000005,523.63463972,13.528049000000001,49.04195208,47.71721955999999,7,65.5362498677331,1.6931225175649405,6.137916367096894,5.972117554617537
dish_1565109606,94.00000399999999,89.96488167999999,2.292683,16.50731778,0.91707321,2,95.70731686351843,2.4390243642968357,17.56097561442657,0.9756097563570317
dish_1565109637,253.000004,172.64488168,2.610683,17.62031778,16.81707321,3,68.23908258910542,1.0318904975195178,6.96455237210194,6.6470644047894965
dish_1565109659,263.000004,226.74488168,6.810683,17.76031778,20.51707321,4,86.2147825974938,2.5896132685990376,6.75297243721715,7.801168402263599
dish_1565117429,147.0,390.873,13.818,49.245,16.464,1,265.9,9.4,33.5,11.2
dish_1565117463,248.0,435.313,15.939,53.587999999999994,19.695999999999998,2,175.52943548387097,6.427016129032258,21.60806451612903,7.941935483870967
dish_1565117892,102.0,132.6,0.612,0.0,29.58,1,130.0,0.6,0.0,28.999999999999996
dish_1565117934,235.0,352.31600000000003,5.4,0.0,70.943,2,149.9217021276596,2.297872340425532,0.0,30.18851063829787
dish_1565117962,304.0,379.916,5.538,6.21,72.323,3,124.97236842105264,1.8217105263157896,2.0427631578947367,23.790460526315787
dish_1565117990,380.0,582.0,12.682,31.67,80.835,4,153.1578947368421,3.337368421052632,8.33421052631579,21.27236842105263
dish_1565118029,453.0,595.14,12.828000000000001,34.517,81.49199999999999,5,131.3774834437086,2.831788079470199,7.619646799116999,17.989403973509933
dish_1565118067,522.0,623.43,12.966000000000001,41.417,82.113,6,119.4310344827586,2.4839080459770115,7.934291187739465,15.730459770114944
dish_1565118096,588.0,656.4300000000001,13.032,49.997,82.443,7,111.63775510204084,2.216326530612245,8.502891156462585,14.020918367346939
dish_1565118700,49.0,16.66,0.22050000000000003,3.1115,1.2495,2,34.0,0.45000000000000007,6.35,2.5500000000000003
dish_1565118729,247.999995,435.49326007,24.265119438,9.017551421,41.90298941900001,11,175.60212453633315,9.784322551296825,3.6361095172602726,16.89636704186224
dish_1565118782,352.999995,557.521674367,34.109101923,17.046596901,43.740956217000004,15,157.93815361583785,9.662635242530243,4.829064346304027,12.391205902708299
dish_1565118999,287.999999,200.386716804,16.936850345,10.104510587,4.773446793,8,69.57872135409279,5.880850834655732,3.50851063266844,1.6574468088800236
dish_1565119418,122.0,324.398,11.468,40.87,13.664,1,265.90000000000003,9.4,33.5,11.200000000000001
dish_1565119439,189.000001,465.41221484,19.563424518999998,42.858469582,27.351356322,10,246.24984781878388,10.351018209253871,22.676438812293974,14.471617025017899
dish_1565119464,222.999999,504.06500665000004,23.109737579,44.413982907999994,28.041883942,14,226.0381205876149,10.363111068444445,19.916584352989165,12.574835904819892
dish_1565119493,279.999999,529.14500665,24.306737579,46.864982907999995,29.865883942,15,188.980360192787,8.680977737789206,16.737493955491047,10.666387160237097
dish_1565119642,78.0,26.52,0.35100000000000003,4.952999999999999,1.9889999999999999,2,34.0,0.45000000000000007,6.349999999999999,2.55
dish_1565119669,229.0,55.965,1.0305,10.841999999999999,3.2725,4,24.438864628820962,0.44999999999999996,4.734497816593885,1.4290393013100435
dish_1565119698,308.000004,222.23550113000002,10.575852236,13.186613551,19.411323153,13,72.15438254669634,3.4337182138478153,4.281367980436779,6.302377565228863
dish_1565119739,461.0,396.80403578999994,15.774880666000001,41.558457577,25.650157965000002,14,86.074628154013,3.421883007809111,9.01484979978308,5.564025588937094
dish_1565123783,35.0,93.065,3.29,11.725,3.92,1,265.9,9.4,33.5,11.200000000000001
dish_1565123816,110.000002,250.91674071,12.352043098,13.950898900999999,19.241667699,10,228.10612377079775,11.22912988492491,12.682635133952088,17.492424862865004
dish_1565123845,201.000002,268.66174071,12.761543097999999,17.499898901,20.015167699,12,133.6625562371885,6.349026353741031,8.706417277050575,9.957794776041842
dish_1565123881,515.000002,406.82174071000003,19.355543098,31.001898901,30.063167699,13,78.9945124524485,3.7583578685112315,6.019786170991122,5.837508268398026
dish_1565194684,378.0,196.56,0.756,2.646,37.8,1,52.0,0.2,0.7000000000000001,10.0
dish_1565194752,509.999999,322.8936562,3.975512,25.82648766,39.08780487,3,63.31248173198526,0.7795121583912004,5.06401719816474,7.664275479733873
dish_1565194781,568.0,351.4055017,4.661720604,31.547617708,39.603122184,6,61.86716579225352,0.8207254584507042,5.5541580471830985,6.972380666197184
dish_1565194823,619.0,386.5955017,4.763720604,40.727617708,39.960122184,7,62.454846801292405,0.7695832962843296,6.579582828432956,6.455593244588045
dish_1565194852,759.0,428.5955017,5.043720604,51.367617708000004,40.800122183999996,8,56.468445546772074,0.6645218187088274,6.767802069565218,5.37551016916996
dish_1565194906,839.0,451.7955017,5.203720604,56.647617708,42.000122184,9,53.849285065554234,0.6202289158522051,6.751801872228843,5.005974038617402
dish_1565195362,103.000003,98.57853788,2.512195,18.08780544,1.00487808,2,95.70731554250537,2.4390242008051204,17.560975643855077,0.9756097579919486
dish_1565195398,126.00000299999999,135.37853788,4.812195,18.77780544,4.22487808,3,107.44328147357267,3.8192022900189935,14.903019835642386,3.3530777614346565
dish_1565195436,164.000003,340.95853788,20.772195,19.30980544,18.28487808,4,207.9015436847279,12.665972329280994,11.774271394373086,11.149315698488127
dish_1565195493,291.000003,406.99853788,21.026195,20.19880544,30.98487808,5,139.86203906671437,7.22549648908423,6.9411701827370775,10.647724316346485
dish_1565196260,143.0,74.36,0.286,1.001,14.3,1,52.0,0.2,0.7,10.0
dish_1565203015,396.99999799999995,663.9396020400001,19.142382098,8.943810283,107.05555994800001,11,167.23919531102874,4.821758739152438,2.2528489491327406,26.966136142902453
dish_1565203094,484.999998,898.0196020400001,27.678382098,37.983810283,116.735559948,12,185.15868159653067,5.706882930337661,7.831713492708096,24.069187717398712
dish_1565204855,105.000003,53.61328271000001,1.343431413,9.310904373,3.515498278,4,51.06026778875425,1.2794584520154728,8.867527720927779,3.348093502435424
dish_1565204891,314.000007,302.886413558,9.08051993,40.929691923,16.297202633,13,96.46063911011315,2.891885263556698,13.034933442851804,5.190191805632668
dish_1565204931,515.000007,391.326413558,13.30151993,49.572691923,22.729202633,14,75.98571033766997,2.5828193687772125,9.625765291106102,4.4134373444775505
dish_1565207631,54.000002,64.40549953600001,1.99905648,8.169447789,3.302449804,11,119.26943916779855,3.7019563073349513,15.128606456347907,6.11564755867972
dish_1565207662,128.000001,145.9375631468,11.480613474,12.175005421000002,14.462402816200001,14,114.01372031770532,8.969229206490397,9.511722910845915,11.298752111884749
dish_1565207694,178.0,173.7912196768,12.895247421999999,15.589639511,15.633134504200001,15,97.63551667235956,7.244521023595504,8.758224444382021,8.782659833820224
dish_1565207727,231.0,314.7712196768,18.036247422,33.079639511,21.4631345042,16,136.264597262684,7.807899316883117,14.320190264502166,9.291400218268397
dish_1565207815,80.0,40.84821753,1.023567163,7.094022123,2.678474778,4,51.0602719125,1.27945895375,8.86752765375,3.3480934725
dish_1565207865,129.000001,112.960793477,5.843281881999999,13.839736579,4.2521890860000005,13,87.5665058925077,4.529675842405613,10.728477885050559,3.2962705837498407
dish_1565207896,383.000001,298.380793477,18.035281882,18.665736579,24.572189086,14,77.90621219267308,4.70895087073381,4.873560451766161,6.4157151493062266
dish_1565208562,92.0,40.48,1.932,3.956,2.944,1,43.99999999999999,2.0999999999999996,4.3,3.2
dish_1565208611,157.0,73.66917264,2.7636478220000003,9.719893043,5.120260780000001,5,46.92303989808917,1.7602852369426751,6.191014677070064,3.2613125987261147
dish_1565208637,304.999999,250.187941102,8.242543128000001,32.11022983,14.171419581,14,82.02883341714372,2.7024731655818797,10.527944241075229,4.646367090971696
dish_1565209922,168.999994,201.565346144,6.2563060440000005,25.567343388,10.335444604,11,119.26943982258366,3.701956370483659,15.128606092139862,6.115647911798151
dish_1565209963,252.999997,244.45597256399998,7.331051176,33.016066941,13.147843244,13,96.62291520264326,2.8976487205254786,13.049828985175838,5.196776047392601
dish_1565210009,289.999998,263.816222874,8.292126177,35.541317011000004,13.797193262,14,90.97111196324906,2.859353873857613,12.255626640038805,4.757652881776917
dish_1565210037,345.999996,291.816221874,8.348126174999999,42.821316751,14.077193252,14,84.33994949352542,2.412753257661887,12.376103250301771,4.068553010041075
dish_1565210073,510.999996,364.416221874,11.813126174999999,49.916316751000004,19.357193252000002,15,71.31432969208869,2.3117663928514003,9.768359518930406,3.788100470356951
dish_1565369938,31.0,167.71,13.02,0.434,11.47,1,541.0,42.0,1.4000000000000001,37.0
dish_1565369971,134.000003,221.60475093000002,15.695425003,7.463750210000001,13.277650054,3,165.37667609604458,11.71300347135067,5.569962718582925,9.908693848312824
dish_1565370004,370.000003,570.88475093,41.655425003,11.23975021,36.877650054,4,154.29317467600129,11.258222882500895,3.0377703023964573,9.966932366214062
dish_1565378680,81.000001,92.4186393,2.75242689,15.020388598,3.302912676,2,114.09708414694957,3.398057846937558,18.543689398226057,4.077669920028767
dish_1565378731,207.0,154.35815682999998,4.243154992,27.44905026,4.422395109,5,74.56915788888888,2.049833329468599,13.260410753623189,2.1364227579710144
dish_1565378770,287.0,319.28035099,11.794085847,36.280935002,19.016380936,11,111.24750905574912,4.109437577351916,12.641440767247387,6.625916702439024
dish_1565379251,66.999998,32.93609102,0.792688608,6.6088914260000005,0.5952803379999999,4,49.15834627338347,1.1831173606900705,9.864017348179623,0.8884781429396459
dish_1565379320,247.000002,404.0110401,17.782283414,26.480633592,33.4317491,10,163.56722138811966,7.199304967616964,10.720904201450168,13.535120983521287
dish_1565379377,397.000002,470.0110401,20.932283413999997,32.930633592,38.2317491,11,118.3906896050847,5.272615442959115,8.29486988063038,9.63016345274477
dish_1565379788,100.999995,49.64993003,1.19494885,9.96265689,0.897362855,4,49.15834899793807,1.1831177318375117,9.86401721108996,0.8884781182414911
dish_1565379827,234.999992,150.53094308,4.162645692,27.104969484,2.6319362980000003,12,64.05572264019482,1.7713386526413157,11.534029960307404,1.1199729308926958
dish_1565379868,433.999992,560.77490211,22.945585814999998,49.074284669,38.934475344,16,129.21080931955407,5.287001437317998,11.30743907225694,8.971077433568247
dish_1565382733,102.0,287.64,12.24,32.64,12.24,1,282.0,12.0,32.0,12.0
dish_1565382762,139.0,305.8285921,12.677753918,36.289686321,12.568736898000001,5,220.02056985611512,9.120686271942446,26.107688000719424,9.04225676115108
dish_1565382803,177.0,359.40859209999996,15.261753918,43.129686321,13.366736898000001,6,203.05570175141239,8.622459840677967,24.36705441864407,7.5518287559322035
dish_1565382833,228.0,396.6385921,17.709753918,44.098686321,17.446736897999997,7,173.96429478070175,7.76743592894737,19.3415290881579,7.652077586842104
dish_1565382856,293.999998,446.32625182999993,19.171454961000002,52.541914883000004,18.301079049,15,151.81165131504522,6.520903092319069,17.871399741642175,6.224856861733719
dish_1565382886,347.999998,470.08625183,20.305454961,54.863914883,20.029079049,16,135.08225704932332,5.8349008843959815,15.765492873077545,5.755482518422314
dish_1565382969,57.0,13.11,0.228,2.052,1.653,1,23.0,0.4,3.6000000000000005,2.9000000000000004
dish_1565382995,158.0,23.21,0.228,4.072,2.6630000000000003,2,14.689873417721518,0.14430379746835442,2.5772151898734177,1.6854430379746839
dish_1565383026,287.0,171.56,14.031,12.199000000000002,3.6950000000000003,3,59.77700348432056,4.888850174216028,4.250522648083624,1.2874564459930313
dish_1565383062,403.0,362.96,18.207,12.199000000000002,39.654999999999994,4,90.06451612903226,4.517866004962779,3.0270471464019852,9.839950372208435
dish_1565383097,430.0,479.249,25.929000000000002,13.333,50.023,5,111.45325581395349,6.03,3.1006976744186048,11.633255813953488
dish_1565383128,456.0,600.279,39.397000000000006,14.009,50.022999999999996,6,131.64013157894738,8.639692982456141,3.072149122807018,10.969956140350877
dish_1565383159,468.0,706.359,51.397000000000006,14.009,50.022999999999996,7,150.93141025641026,10.98226495726496,2.9933760683760684,10.688675213675213
dish_1565627751,72.000002,68.90927336,1.756098,12.64390272,0.70243904,2,95.7073214525744,2.439024932249308,17.560975512195125,0.975609750677507
dish_1565627800,261.000002,167.18927336000002,2.134098,13.96690272,19.60243904,3,64.05719236737785,0.8176620626999075,5.351303683131773,7.51051298459377
dish_1565637123,114.0,229.71,13.566,19.722,6.726,1,201.5,11.9,17.3,5.8999999999999995
dish_1565637162,285.999999,581.508652416,33.07954298,26.089734286000002,41.841678088,11,203.3247043528836,11.566273809672285,9.122284747280716,14.62995742458027
dish_1565637504,56.0,28.0,0.056,7.28,0.28,1,50.0,0.1,13.0,0.5
dish_1565637548,102.0,93.43611784,2.244349686,16.658640740000003,2.245048536,3,91.60403709803921,2.200342829411765,16.332000725490197,2.2010279764705882
dish_1565637578,167.999999,197.301411064,4.829733224,18.11687464,19.958798062,11,117.44131680857927,2.8748412218740547,10.783854016570558,11.880237012382363
dish_1565637608,277.999994,422.288907975,17.309323613,22.189263099999998,42.41649802,18,151.90248816156446,6.226375534741917,7.981749488814736,15.257733430023022
dish_1565638287,174.999992,357.93465192900004,19.853893707,6.47879957,35.728158871,10,204.53409616670157,11.345082636918065,3.7021713520992616,20.41609171673562
dish_1565638323,273.99999199999996,467.824651929,20.744893707000003,29.24879957,38.302158871,11,170.7389290467571,7.571129311200858,10.674744680284517,13.9788905070479
dish_1565638365,388.999995,612.3500545730001,33.065621302000004,36.632476292,41.299092818000005,17,157.41646849455617,8.500159826994343,9.417089142121968,10.616733508698376
dish_1565638478,90.999998,47.61574938,2.363724998,6.21074986,1.597049964,2,52.325000468681324,2.597500054890111,6.824999996153845,1.754999999010989
dish_1565638515,164.999995,198.970976127,10.759085954,8.950356344,16.704957514,11,120.58847403419617,6.520658351535101,5.4244585546805615,10.124216981945969
dish_1565638550,214.999993,277.656803595,12.717709993,10.055079123999999,30.124464112000002,17,129.1427035511578,5.9152141428209255,4.67678114017427,14.011379112928623
dish_1565638599,278.999992,368.698358315,15.762370492,23.103622534,32.858444636,18,132.14995300609183,5.649595320418504,8.28086852920053,11.77722063733966
dish_1565640195,54.0,21.6,0.108,4.86,1.08,1,40.0,0.2,9.000000000000002,2.0
dish_1565640227,165.0,334.62,13.428,40.38,14.4,2,202.8,8.138181818181819,24.472727272727273,8.727272727272728
dish_1565640272,405.0,377.82,13.908000000000001,49.74,16.560000000000002,3,93.28888888888889,3.4340740740740743,12.281481481481482,4.0888888888888895
dish_1565640365,622.999996,720.890217322,22.447601506,54.556591708,75.069049377,11,115.71271620393398,3.603146332283444,8.757077376931475,12.049606718938085
dish_1565640427,42.0,195.762,12.096,20.916,2.604,1,466.09999999999997,28.799999999999997,49.8,6.2
dish_1565640528,105.000001,38.546907274,1.534471642,5.717885411,1.893477701,13,36.71133991132057,1.461401549891414,5.445605101470428,1.8033120790160753
dish_1565640549,139.000001,45.482907274,1.568471642,7.043885411,2.641477701,14,32.721515789053846,1.1283968566302385,5.067543424693932,1.9003436561126357
dish_1565640576,267.000001,307.286549782,16.090177452,11.782664523,28.774075112000002,20,115.0885949929266,6.026283667317289,4.412982950887704,10.776807117689861
dish_1565640601,333.000001,411.151844496,18.675560995,13.240898753,46.487824702000005,25,123.46902200039334,5.608276558233404,3.9762458598310935,13.960307676395475
dish_1565640723,54.0,15.12,0.216,2.862,1.188,1,27.999999999999996,0.4,5.3,2.1999999999999997
dish_1565640772,191.0,241.17000000000002,5.148000000000001,2.862,43.658,2,126.26701570680629,2.695287958115183,1.4984293193717277,22.85759162303665
dish_1565640812,234.0,297.93,5.363,13.053,47.485,3,127.32051282051282,2.291880341880342,5.578205128205129,20.292735042735043
dish_1565640842,329.0,307.43,5.363,14.953000000000001,48.435,4,93.44376899696049,1.6300911854103344,4.544984802431611,14.721884498480245
dish_1565640868,406.0,395.98,13.602,19.804000000000002,49.051,5,97.53201970443351,3.350246305418719,4.877832512315272,12.081527093596058
dish_1565640894,422.0,464.89200000000005,18.178,20.476,55.195,6,110.16398104265403,4.3075829383886255,4.852132701421801,13.079383886255924
dish_1565640914,457.0,774.292,53.178,20.476000000000003,55.195,7,169.4293216630197,11.6363238512035,4.480525164113787,12.077680525164114
dish_1565641844,92.0,244.628,8.648,30.82,10.304,1,265.9,9.4,33.5,11.200000000000001
dish_1565641885,139.0,254.21599999999998,8.695,32.653,11.338000000000001,2,182.88920863309352,6.255395683453238,23.49136690647482,8.156834532374102
dish_1565641915,189.999998,326.76473627999997,11.121213658999999,43.05105781,13.516640684,4,171.9814419576994,5.853270408455477,22.658451717457385,7.114021487516016
dish_1565641943,306.999999,510.889587576,15.704394771,45.63610911,44.918287888,12,166.41354698375747,5.115438052819017,14.865182168941962,14.63136418055819
dish_1565711083,33.0,178.53,13.86,0.462,12.21,1,541.0,42.0,1.4000000000000001,37.00000000000001
dish_1565711115,308.0,321.53,14.41,2.387,39.71,2,104.39285714285714,4.678571428571429,0.775,12.892857142857142
dish_1565711154,384.999998,421.617576692,19.775161148,14.237547788,42.173999888000004,7,109.51105944992759,5.136405519669639,3.6980643797302046,10.954285742100186
dish_1565711183,461.000002,460.423379932,20.747549366,20.976869201,44.718551076,11,99.87491929164894,4.5005529882839355,4.550296986983527,9.70033641691828
dish_1565711270,93.0,31.62,0.186,7.44,0.744,1,34.0,0.2,8.0,0.8
dish_1565711296,110.0,43.35,0.22,10.5,0.863,2,39.409090909090914,0.2,9.545454545454547,0.7845454545454547
dish_1565711326,284.999991,296.09292040500003,10.29075533,49.62735621,3.00922629,5,103.89225605449231,3.610791457884642,17.41310799199288,1.055868907027439
dish_1565711358,657.999991,490.052920405,11.03675533,52.23835621,40.30922629,6,74.47612873979507,1.6773184621517723,7.938960018921945,6.1260223163133745
dish_1565711453,134.0,198.32,14.74,2.144,13.4,1,148.0,11.0,1.6,10.0
dish_1565711498,228.999999,246.82725358,15.955485504,10.568151203000001,16.580688776000002,5,107.78482736150579,6.967460949202886,4.6149132092354295,7.240475479652732
dish_1565711527,301.999999,484.80725357999995,32.015485504,33.928151203,18.478688776000002,6,160.53220370374902,10.60115417550051,11.234487190511548,6.118771138141628
dish_1565711570,323.999999,603.8272535799999,41.255485504,34.236151203,26.618688776,7,186.36643686532847,12.733174577571527,10.566713366872571,8.215644709307544
dish_1565721800,171.0,33.345,0.7695000000000001,6.6690000000000005,1.4535,2,19.5,0.45000000000000007,3.9,0.8500000000000001
dish_1565721828,239.0,129.225,5.3934999999999995,18.909,2.8815,3,54.06903765690376,2.2566945606694557,7.911715481171548,1.2056485355648536
dish_1565721855,449.99999699999995,479.034453755,15.635770324,23.092733813,59.862835348000004,13,106.45210154412514,3.4746156507196604,5.131718659322569,13.30285238824124
dish_1565724050,72.000002,84.72285715500001,7.981188731,3.010693116,1.382376275,8,117.67063166887138,11.084984040694888,4.181518100513387,1.9199669952786946
dish_1565724087,159.999997,230.61494084499998,12.252845619,4.755567764,25.147103217999998,16,144.13434073064386,7.658028655463037,2.972229908229311,15.71693980594262
dish_1565724196,82.0,45.68,2.32,5.6,1.92,2,55.707317073170735,2.8292682926829267,6.829268292682926,2.341463414634146
dish_1565724235,209.0,256.228821881,8.484778864,8.118171119,36.216823817999995,11,122.59752243110047,4.059702805741628,3.8842924014354065,17.328623836363633
dish_1565724269,311.0,527.548821881,18.378778864,41.778171119,47.43682381799999,12,169.62984626398713,5.909575197427653,13.433495536655949,15.252998012218647
dish_1565724509,158.0,30.810000000000002,0.7110000000000001,6.162,1.343,2,19.5,0.45000000000000007,3.9,0.8500000000000001
dish_1565724552,298.000007,108.80024511,4.671975492,15.72297611,4.621048952,4,36.51014850815088,1.567776973911279,5.276166355928978,1.550687531359689
dish_1565724588,410.000007,266.72024511,12.287975492,35.88297611,6.973048951999999,5,65.05371720883898,2.997067142001293,8.751945243259472,1.700743617792182
dish_1565724620,535.000003,473.953334123,18.355671512,38.36149098,40.729763931,14,88.58940775052669,3.430966618517944,7.170372105586699,7.613039944412861
dish_1565725009,44.0,50.6,4.708,2.772,0.352,1,115.00000000000001,10.7,6.3,0.8
dish_1565725047,110.0,77.66,4.84,9.372,0.946,2,70.6,4.3999999999999995,8.52,0.86
dish_1565725071,190.0,109.66,5.0,16.572,2.5460000000000003,3,57.71578947368421,2.631578947368421,8.722105263157895,1.3400000000000003
dish_1565725095,257.0,121.72,5.134,19.185,3.149,4,47.36186770428015,1.9976653696498055,7.464980544747081,1.2252918287937742
dish_1565725123,444.0,430.27,11.866,19.185,61.119,5,96.90765765765765,2.6725225225225224,4.320945945945946,13.765540540540542
dish_1565725156,500.0,452.67,11.922,24.225,61.735,6,90.534,2.3844,4.845,12.347
dish_1565725188,521.0,543.117,17.928,25.107,69.799,7,104.2451055662188,3.4410748560460656,4.819001919385797,13.397120921305184
dish_1565725244,590.0,573.546,19.377000000000002,28.073999999999998,72.007,8,97.21118644067798,3.2842372881355932,4.758305084745762,12.204576271186442
dish_1565726812,65.000001,36.20975769,1.83902454,4.43902445,1.52195124,2,55.70731866604126,2.829268479549716,6.829268279549719,2.341463410131332
dish_1565726848,121.000001,102.105305372,8.04661488,6.780674674,2.5971327559999997,9,84.38454919682191,6.650094887189298,5.603863320629229,2.1463906896992504
dish_1565726887,172.000001,174.015305372,11.51461488,15.960674674,3.668132756,10,101.17168858155996,6.694543495961956,9.279461965817081,2.1326353108567715
dish_1565726915,251.0,196.87952358200002,12.527685325999999,18.610243062,4.3694890939999995,11,78.43805720398407,4.991109691633466,7.4144394669322695,1.7408323083665338
dish_1565726949,371.999998,451.546982262,27.147780446,22.201359822,29.088444934,16,121.38359803485805,7.29779048170855,5.968107511118858,7.819474486663841
dish_1565727738,9.0,2.52,0.036,0.477,0.198,1,28.000000000000004,0.4,5.3,2.2
dish_1565727765,77.0,26.32,0.308,5.237,1.8299999999999998,2,34.18181818181818,0.4,6.801298701298701,2.3766233766233764
dish_1565727791,99.0,121.07400000000001,6.6,6.1610000000000005,10.278,3,122.29696969696971,6.666666666666667,6.223232323232324,10.381818181818183
dish_1565727821,196.0,281.124,10.092,6.161,40.348,4,143.43061224489796,5.148979591836735,3.1433673469387755,20.585714285714285
dish_1565727851,305.0,406.474,21.755000000000003,13.028,41.22,5,133.27016393442622,7.132786885245903,4.271475409836066,13.514754098360655
dish_1565727875,365.0,485.67400000000004,22.055,27.248,46.56,6,133.0613698630137,6.042465753424658,7.465205479452056,12.756164383561645
dish_1565727921,397.0,768.554,54.055,27.248,46.56,7,193.5904282115869,13.615869017632242,6.863476070528968,11.727959697732999
dish_1565728388,47.0,124.973,4.418,15.745,5.264,1,265.9,9.4,33.5,11.200000000000001
dish_1565728415,80.0,194.42775813,8.405298304,16.724395455,12.005533417,10,243.0346976625,10.50662288,20.90549431875,15.006916771250001
dish_1565728453,139.999999,293.899644852,11.317792722,17.914082835,28.20875667,17,209.92831925091656,8.084137716315269,12.79577354496981,20.149112051065085
dish_1565728494,162.999999,326.329644852,12.881792722,22.054082835,28.69175667,18,200.20223733375607,7.902940368729696,13.53011225171848,17.602304813511072
dish_1565728562,261.999996,354.982269587,14.151336355000002,25.374428009,29.570671568999998,19,135.4894179414415,5.401273500401123,9.684896334502234,11.286516038343755
dish_1565728591,321.999997,388.406654797,15.848896703000001,29.471989098999998,30.975549657,20,120.62318584338372,4.922017655484637,9.15279173092663,9.61973600794785
dish_1565728634,417.999997,436.406654797,15.944896703000001,41.951989099,31.455549657,21,104.40350668160411,3.8145686166117367,10.0363611005002,7.525251168123812
dish_1565728684,463.999998,493.299142397,21.302758458,44.040031571,32.248196315,25,106.31447080243306,4.591111756427205,9.491386155350803,6.9500423392243205
dish_1565797645,70.0,21.0,0.14,5.32,0.42,1,30.0,0.2,7.6,0.6
dish_1565797671,102.0,39.239999999999995,0.23600000000000002,9.8,0.644,2,38.47058823529411,0.23137254901960785,9.607843137254903,0.6313725490196078
dish_1565797699,171.0,128.928870291,5.043741934,20.419322435,2.851999976,7,75.39700017017545,2.9495566865497076,11.941124230994154,1.6678362432748537
dish_1565797723,221.0,202.928870291,10.543741934,21.219322435000002,7.851999976,8,91.82301823122172,4.770923952036199,9.601503364253395,3.5529411656108594
dish_1565798531,61.000001,61.57620928,5.820787075,2.255221615,0.830880489,10,100.94460372221961,9.542273737011907,3.697084554146155,1.362099139965588
dish_1565798558,109.000002,88.31572431,7.1788361510000005,5.533270445,1.9547829449999998,11,81.02359879773213,6.586088091080954,5.076394810524866,1.7933788157178197
dish_1565798591,224.000002,148.11572431,7.408836150999999,6.338270445,13.454782945,12,66.12309061943668,3.3075161093078917,2.829584994825134,6.006599475387505
dish_1565798617,311.000002,197.70572431,7.669836151,18.518270445,14.063782945,13,63.570972038128794,2.466185241696558,5.954427757527796,4.522116673491211
dish_1565799507,78.000004,74.65171016,1.902439,13.6975617,0.76097565,2,95.70731580988122,2.439024233896193,17.560975637898686,0.9756097576610381
dish_1565799565,396.000004,240.01171016,2.538439,15.9235617,32.56097565,3,60.60901710495943,0.6410199430200005,4.021101398776754,8.222468515429613
dish_1565799597,457.000004,258.31171016,2.660439,20.5595617,32.92697565,4,56.523349649686224,0.5821529489527095,4.498809960623108,7.205027431465844
dish_1565799617,520.000004,294.22171016,2.849439,29.3795617,33.36797565,5,56.5810976724531,0.547969034246392,5.649915668077572,6.416918344869858
dish_1565799663,591.000004,314.81171016,2.9914389999999997,34.0655617,34.43297565,6,53.26763249226645,0.5061656480124151,5.764054394151917,5.82622257478022
dish_1565808943,74.0,13.32,0.148,2.886,0.666,1,18.0,0.2,3.9,0.9000000000000001
dish_1565808975,130.0,35.72,0.204,7.926,1.282,2,27.476923076923075,0.15692307692307692,6.096923076923077,0.9861538461538462
dish_1565808998,228.0,74.92,0.4,16.746000000000002,3.242,3,32.859649122807014,0.17543859649122806,7.344736842105264,1.4219298245614034
dish_1565809033,433.0,341.42,1.63,16.746000000000002,62.692,4,78.8498845265589,0.3764434180138568,3.8674364896073907,14.478521939953811
dish_1565809080,485.0,362.74,1.734,21.946,63.16,5,74.7917525773196,0.3575257731958763,4.524948453608248,13.022680412371132
dish_1565809120,502.0,365.63,1.734,22.898,63.228,6,72.83466135458167,0.3454183266932271,4.5613545816733065,12.595219123505977
dish_1565810146,29.0,36.445539185,3.1069664230000003,1.86197064,0.7557485349999999,9,125.67427305172414,10.713677320689657,6.420588413793103,2.6060294310344823
dish_1565810205,153.0,126.965539185,9.058966423,4.21797064,10.675748535,10,82.98401253921568,5.920893086928104,2.7568435555555557,6.977613421568628
dish_1565810237,305.999998,349.866411647,19.253120961999997,7.274592995,38.688905571,21,114.33542939010084,6.291869636548167,2.3773179877602484,12.643433275774074
dish_1565810969,20.0,4.6,0.08,0.72,0.58,1,23.0,0.4,3.5999999999999996,2.9
dish_1565811000,225.0,342.85,7.46,0.72,64.13,2,152.3777777777778,3.3155555555555556,0.31999999999999995,28.50222222222222
dish_1565811025,277.0,361.05,7.668,4.36,65.378,3,130.34296028880868,2.7682310469314078,1.5740072202166067,23.60216606498195
dish_1565811061,324.0,380.32,7.762,9.06,65.801,4,117.38271604938271,2.395679012345679,2.7962962962962963,20.30895061728395
dish_1565811091,371.0,504.4,17.631999999999998,9.06,74.731,5,135.95687331536388,4.752560646900269,2.442048517520216,20.14312668463612
dish_1565811139,416.0,902.2,62.632,9.06,74.731,6,216.87500000000003,15.055769230769231,2.1778846153846154,17.96418269230769
dish_1565811287,127.0,16.51,0.254,2.794,1.905,1,13.0,0.2,2.1999999999999997,1.5
dish_1565811335,219.000001,121.47932407,3.380213945,19.854194299,5.656456338,3,55.47001073757987,1.5434766801667732,9.06584210426556,2.5828567635485995
dish_1565811390,266.0,205.09229116000003,7.622344902,21.704549199,14.384674586000001,9,77.10236509774437,2.8655431962406013,8.159604962030075,5.40777240075188
dish_1565811423,290.000001,240.05713879,9.221428583,22.184019418000002,18.778895142,20,82.77832343524717,3.1798029486903348,7.649661841897719,6.47548106111903
dish_1565811529,104.000001,116.84202945599999,10.860430813999999,4.392354512,2.101721512,8,112.34810416588361,10.442721836127673,4.223417759390214,2.0208860497991727
dish_1565811588,263.000004,348.48412590400005,21.454357107,7.568844583,31.213434645,18,132.50346791021343,8.157550106729277,2.8778876303743326,11.868225920255119
dish_1565812116,36.000001,44.440168762999996,4.222878607,1.4494680640000002,0.863945836,9,123.44490980153029,11.73021802693839,4.02630006593611,2.399849477781959
dish_1565812146,93.000001,72.940168763,4.279878607,8.859468064,1.148945836,10,78.4302881491367,4.602019958042796,9.52630964380312,1.2354256168233804
dish_1565812186,265.999994,324.97840447600004,15.806602453999998,12.315648790000001,32.823952087,21,122.1723352655414,5.942331883661621,4.629943258570149,12.339831889996209
dish_1565813386,156.0,113.88,7.488,2.964,12.48,1,73.0,4.8,1.9,8.0
dish_1565813414,179.000001,139.720064528,9.889826039,3.935386174,12.944803824000001,9,78.05590153488323,5.52504244902211,2.1985397497288286,7.231733939487521
dish_1565813446,230.000001,202.676971905,15.872237650999999,5.988799156,14.168727014,13,88.12042218425903,6.9009728617349,2.6038257086790186,6.160316066259496
dish_1565884692,408.0,212.16,0.816,2.856,40.8,1,52.0,0.2,0.7,10.0
dish_1565884738,463.0,228.66,0.9259999999999999,7.036,41.129999999999995,2,49.38660907127429,0.2,1.5196544276457882,8.883369330453563
dish_1565884766,546.0,469.60900000000004,12.795,34.177,47.687,3,86.00897435897437,2.343406593406593,6.2595238095238095,8.733882783882784
dish_1565884833,643.0,497.73900000000003,12.989,40.579,49.141999999999996,4,77.40886469673406,2.0200622083981337,6.310886469673406,7.642612752721617
dish_1565894858,27.0,132.84,6.75,17.55,1.377,1,492.0,25.0,65.0,5.1
dish_1565894889,74.0,257.813,11.168,33.295,6.641,2,348.3959459459459,15.09189189189189,44.99324324324325,8.974324324324325
dish_1565894910,179.0,537.113,21.353,67.945,18.191000000000003,3,300.06312849162015,11.92905027932961,37.95810055865921,10.162569832402237
dish_1565895808,99.000002,51.80175062,2.571525002,6.75675014,1.737450036,2,52.32499956919193,2.5974999495454556,6.825000003535354,1.7550000009090911
dish_1565895879,231.000002,96.68175062,3.1655250020000003,15.13875014,5.103450036,4,41.853571334601114,1.37035713185838,6.553571432436611,2.2092857107421153
dish_1565895966,287.000002,214.54437775,9.931850122,16.800754643,16.543628061,12,74.7541380679154,3.4605749312851923,5.8539214376033355,5.764330294673656
dish_1565896039,384.000004,352.52923667,14.546413543000002,36.577454033,20.687317457,13,91.80448775984908,3.7881284873632453,9.52537855520439,5.3873221983091435
dish_1565896662,57.0,19.38,0.2565,3.6195,1.4535,2,34.0,0.45000000000000007,6.35,2.5500000000000003
dish_1565896701,183.99999400000002,294.4734287,18.184381729,8.322057531999999,25.747160103,9,160.0399121208667,9.882816479330971,4.522857501832308,13.993022251402898
dish_1565896745,243.999997,368.54038347299996,25.222513523999996,10.737837634,27.187069805,15,151.04114262468616,10.337095833652816,4.400753182796145,11.142241860355433
dish_1565897569,150.000002,324.9135257,21.17466546,5.554202082,28.693301412000004,7,216.60901424521316,14.116443451780755,3.7028013386293157,19.12886735294844
dish_1565897617,211.00000400000002,356.83177631999996,22.759140461999998,9.717452222,29.763851448,8,169.11458272768562,10.786322289358816,4.605427506058247,14.106090466235251
dish_1565897680,404.999997,770.4488464359999,63.73689268,16.571017926,37.930838314,14,190.2342844797601,15.737504482006203,4.091609394752662,9.365639159251646
dish_1565898128,134.000001,209.03076686999998,8.734661768,6.154402457,24.271494266,14,155.9931084403499,6.518404255832805,4.592837620202704,18.113055287216007
dish_1565898158,194.000001,240.42576687,10.293161768000001,10.249402457,25.324494266,15,123.93080702612987,5.30575346131055,5.28319711555053,13.053862956423387
dish_1565898193,268.000002,291.914020136,14.644991328,12.845700335,26.551004899000002,22,108.92314102893177,5.464548962204859,4.793171731021106,9.907091306290365
dish_1565898230,499.99999599999995,780.202036826,42.676908931,19.731147391,73.94602751400001,27,156.04040861352328,8.535381854483056,3.9462295097698363,14.789205621113648
dish_1565898331,100.000001,155.99310967999998,6.5184043570000005,4.592837736,18.113055286999998,14,155.9931081200689,6.5184042918159575,4.592837690071623,18.113055105869446
dish_1565898361,202.000001,370.67146347,18.842781959,7.620060335,38.95052226799999,19,183.50072358167958,9.328109834514308,3.772307077859866,19.282436670879026
dish_1565898402,229.000002,384.79921378,19.54410696,9.462810404999999,39.42437228599999,20,168.0345897027547,8.534544449479961,4.132231581814571,17.215882943966086
dish_1565898432,282.000003,450.2250161879999,25.761122545,11.596749468,40.696292446,26,159.65425936112487,9.135149741470038,4.112322462634867,14.431309224489619
dish_1565898489,40.0,46.0,4.28,2.52,0.32,1,114.99999999999999,10.700000000000001,6.3,0.8
dish_1565898511,102.0,57.16,4.404,4.938000000000001,0.8780000000000001,2,56.0392156862745,4.317647058823529,4.841176470588236,0.8607843137254902
dish_1565898544,181.999999,181.954487068,9.618723604,8.612270019,15.368443978,16,99.97499344381863,5.285012998269302,4.732016519956135,8.44420003430879
dish_1565898590,256.999999,212.704487068,9.768723604000002,16.112270019,16.043443978000003,17,82.76439217729336,3.8010597828835015,6.269365790542279,6.242585229737687
dish_1565898659,536.999999,576.704487068,11.448723604,16.112270019,97.24344397800002,18,107.39375943052842,2.13197832873739,3.0004227279337483,18.108648819196745
dish_1565898723,588.000001,603.3902376880001,12.773448606,19.593020158999998,98.138494014,19,102.6173871873854,2.172355201407559,3.3321462798773016,16.690220042023434
dish_1565898758,612.000001,612.990237688,12.797448606,21.753020159,98.402494014,19,100.16180338012776,2.091086370112604,3.5544150528522627,16.078838864903858
dish_1565972363,557.0,289.64,1.114,3.899,55.7,1,52.0,0.2,0.7000000000000001,10.0
dish_1565972384,706.000006,432.24390424,4.748146,30.064854800000003,57.1536586,3,61.224348522172676,0.6725419206299553,4.258477980806137,8.095418996356212
dish_1565972429,831.000006,468.49390424,4.998146,38.314854800000006,59.0286586,4,56.37712405022533,0.601461608172359,4.61069248175192,7.103328300096306
dish_1565972591,122.0,195.2,12.2,3.66,17.08,1,160.0,10.0,3.0000000000000004,13.999999999999998
dish_1565972628,359.0,545.96,38.269999999999996,7.452,40.78,2,152.07799442896936,10.66016713091922,2.0757660167130916,11.35933147632312
dish_1565972674,426.000001,613.59288752,44.663323751,9.929046648,41.692606407,12,144.03588875108946,10.484348273745661,2.3307621184723892,9.786996786180758
dish_1565972715,510.000003,657.54588814,46.845223753,15.662046788,43.166806443,13,128.9305655435457,9.185337936752914,3.0709895482098655,8.46407964491718
dish_1565974375,85.0,459.85,35.7,1.19,31.45,1,541.0,42.00000000000001,1.4,37.0
dish_1565974409,228.0,688.6500000000001,50.0,5.48,51.47,2,302.0394736842106,21.929824561403507,2.4035087719298245,22.57456140350877
dish_1565981769,47.0,23.10441986,0.556064818,4.636088187,0.41758473,4,49.15834012765957,1.183116634042553,9.864017419148936,0.8884781489361702
dish_1565981802,152.0,99.75441986000001,5.596064818,6.6310881870000005,8.817584730000002,5,65.6279078026316,3.6816215907894736,4.362558017763158,5.801042585526317
dish_1565981848,198.000001,147.41042026800002,11.091942761,8.199255676,15.093218722,14,74.449706830052,5.601991265141459,4.141038199287686,7.622837699884657
dish_1565981898,290.000002,260.979738483,21.883743568,11.903451624999999,17.301080101,19,89.99301264935853,7.546118419681942,4.104638463071458,5.965889648855933
dish_1565984245,77.99999799999999,38.34350782,0.922831394,7.693933287,0.693012922,4,49.15834461944474,1.1831172021312104,9.864017287538907,0.8884781279096957
dish_1565984299,297.999998,93.34350782,1.582831394,18.693933287,4.653012922,5,31.32332498203574,0.5311514780614193,6.273132017604913,1.561413742694052
dish_1565984345,353.000002,210.357937397,9.083898494,20.663085067,14.688021351,16,59.59148334424089,2.5733423349952274,5.853565141622861,4.160912540448088
dish_1565984434,429.999998,319.892298117,12.747004776,36.362113447,17.977341583,17,74.39355804764446,2.964419729136836,8.45630549212235,4.180777131771056
dish_1565986702,204.000002,211.343999023,24.373024152,6.954481047,27.831073096999997,11,103.5999985053922,11.947560741690582,3.4090593033425556,13.642682756934482
dish_1565986733,287.000004,387.929405386,35.692815735,9.926109502,42.974813495,21,135.16703832032002,12.436520988689605,3.4585746911696904,14.973802402804148
dish_1565986761,457.000004,576.6294053859999,37.222815735,49.026109502,47.394813495,22,126.17711167153512,8.145036194572986,10.7278138015071,10.370856253865592
dish_1565987015,64.0,14.72,0.256,2.304,1.856,1,23.0,0.4,3.5999999999999996,2.9000000000000004
dish_1565987054,213.0,260.57,5.62,2.304,48.046,2,122.33333333333334,2.6384976525821595,1.0816901408450703,22.55680751173709
dish_1565987081,288.0,268.07,5.62,3.804,48.796,3,93.0798611111111,1.951388888888889,1.3208333333333333,16.943055555555556
dish_1565987116,397.0,393.42,17.283,10.671,49.668,4,99.09823677581865,4.353400503778338,2.687909319899244,12.510831234256928
dish_1565987142,426.0,518.323,25.577,11.889,60.803999999999995,5,121.67206572769953,6.003990610328639,2.790845070422535,14.273239436619717
dish_1565987201,522.0,560.659,27.593,16.017,63.876,6,107.405938697318,5.2860153256704985,3.068390804597701,12.236781609195402
dish_1565987269,45.0,119.655,4.23,15.075,5.04,1,265.9,9.400000000000002,33.5,11.200000000000001
dish_1565987298,88.0,211.139000763,10.094469808,16.614518397,12.88555217,15,239.9306826852273,11.470988418181816,18.880134542045457,14.642672920454547
dish_1566230222,462.0,240.24,0.924,3.234,46.2,1,52.0,0.2,0.7000000000000001,10.0
dish_1566230258,585.0,357.96000000000004,3.924,24.834000000000003,47.400000000000006,3,61.18974358974359,0.6707692307692308,4.245128205128205,8.102564102564104
dish_1566230300,662.0,401.85,4.155,35.614000000000004,47.93900000000001,4,60.702416918429,0.6276435045317221,5.3797583081571005,7.24154078549849
dish_1566230377,772.0,433.75,4.375,42.874,49.589000000000006,5,56.18523316062176,0.5667098445595855,5.553626943005182,6.423445595854924
dish_1566242066,40.0,46.0,4.28,2.52,0.32,1,114.99999999999999,10.700000000000001,6.3,0.8
dish_1566242111,109.0,58.42,4.418,5.211,0.9410000000000001,2,53.59633027522936,4.053211009174312,4.780733944954129,0.8633027522935781
dish_1566242164,161.0,79.22,4.470000000000001,9.891,1.513,3,49.20496894409938,2.7763975155279508,6.143478260869565,0.9397515527950311
dish_1566242195,220.0,103.41,4.588,15.791,2.044,4,47.00454545454546,2.0854545454545454,7.177727272727273,0.9290909090909091
dish_1566242234,363.0,289.31,5.446,15.791,43.513999999999996,5,79.69972451790633,1.500275482093664,4.350137741046832,11.987327823691459
dish_1566242273,521.0,550.01,11.134,15.791,92.494,6,105.56813819577735,2.1370441458733205,3.030902111324376,17.7531669865643
dish_1566242298,558.0,709.369,21.716,17.345,106.702,7,127.12706093189965,3.891756272401434,3.1084229390681,19.12222222222222
dish_1566244815,144.0,29.376,0.144,5.616,3.168,1,20.400000000000002,0.1,3.9,2.2
dish_1566244863,261.0,56.871,0.573,10.725,4.884,4,21.789655172413795,0.21954022988505745,4.109195402298851,1.871264367816092
dish_1566244904,388.999996,334.13052656,18.64204669,15.464585545999999,29.368949503,11,85.89473778812071,4.792299969586632,3.9754719036038235,7.549858561695204
dish_1566244964,482.999996,439.41052656,18.83004669,37.084585546,32.940949503,12,90.97526505155498,3.898560423590562,7.677968085531826,6.820072417350496
dish_1566245365,115.0,257.255,14.95,0.0,27.025,1,223.70000000000002,13.0,0.0,23.5
dish_1566245398,229.999997,506.35535667,31.183909221,4.258221704,49.023196579,8,220.1545057715805,13.558221577281152,1.8514007650182709,21.314433573231742
dish_1566245437,462.00001100000003,566.31162727,31.86690384,15.820464542,53.885967206000004,14,122.57827138233553,6.897598069537708,3.4243428929269006,11.663628987662515
dish_1566246415,40.0,11.2,0.16,2.12,0.88,1,27.999999999999996,0.4,5.300000000000001,2.1999999999999997
dish_1566246478,210.0,291.7,6.28,2.12,53.580000000000005,2,138.9047619047619,2.9904761904761905,1.0095238095238097,25.514285714285716
dish_1566246513,265.0,436.955,17.885,4.43,61.17,3,164.88867924528302,6.749056603773586,1.671698113207547,23.08301886792453
dish_1566246541,331.0,460.055,18.149,9.05,62.754000000000005,4,138.98942598187313,5.483081570996979,2.7341389728096677,18.95891238670695
dish_1566246573,421.0,563.5550000000001,27.779000000000003,14.72,63.474000000000004,5,133.86104513064134,6.5983372921615215,3.496437054631829,15.076959619952495
dish_1566246626,541.0,616.475,30.299000000000003,19.880000000000003,67.31400000000001,6,113.95101663585952,5.6005545286506475,3.6746765249537896,12.442513863216268
dish_1566246902,89.0,236.651,8.366,29.815,9.968,1,265.90000000000003,9.4,33.5,11.200000000000001
dish_1566246946,137.999998,342.78940923000005,15.283056589,31.629372822,19.341144501000002,8,248.39812623040766,11.07467884818375,22.9198357104324,14.015322305294529
dish_1566246972,199.99999699999998,445.577020789,18.2926337,32.858716126,36.084475304,14,222.78851373632773,9.146316987194755,16.429358309440374,18.04223792263357
dish_1566247003,321.999997,499.257020789,20.854633699999997,38.10471612600001,39.988475304,15,155.04876566474007,6.476594377111127,11.83376288230214,12.418781266013488
dish_1566316496,64.000001,121.09808407400001,12.485042229000001,2.431224454,0.630690965,8,189.2157534091289,19.507878178001906,3.7987881500189355,0.9854546174147716
dish_1566316525,83.000001,223.888084074,20.465042229,2.697224454,7.660690965000001,9,269.7446763572931,24.656677087268953,3.249667977714844,9.229748039400627
dish_1566316558,263.000001,490.288084074,40.265042229,5.5772244539999996,25.660690965,10,186.42132403413945,15.309901930000375,2.1206176550546854,9.756916679631496
dish_1566316587,311.000001,646.768084074,50.825042229000005,20.937224454,26.908690964999998,11,207.9640135030096,16.342457255812036,6.7322264908931615,8.652312179574558
dish_1566316612,367.000002,665.2371074499999,51.483866153,24.176440212,27.457710584999997,12,181.26351602853669,14.028301327638685,6.5875858529286875,7.481664968764767
dish_1566316681,122.000001,116.76292956,2.97561,21.42439038,1.19024391,2,95.7073185269892,2.43902457017193,17.56097557736905,0.9756097542982807
dish_1566316726,685.000001,409.52292955999997,4.10161,25.365390379999997,57.49024391,3,59.78436919155566,0.5987751816076274,3.702976692404413,8.392736324974107
dish_1566316757,819.000001,448.38292956,4.36961,34.20939038,59.500243909999995,4,54.747610380039546,0.5335299138784738,4.176970737268657,7.264987037527487
dish_1566317711,182.0,123.76,2.548,21.84,4.368,1,68.0,1.4000000000000001,12.0,2.4
dish_1566317742,254.0,154.72,2.908,28.464,5.376,2,60.91338582677165,1.1448818897637796,11.206299212598426,2.116535433070866
dish_1566317775,410.0,237.4,4.0,47.184,7.248,3,57.90243902439024,0.975609756097561,11.508292682926829,1.7678048780487805
dish_1566317801,420.0,275.4,4.0,56.983999999999995,7.258000000000001,4,65.57142857142857,0.9523809523809524,13.567619047619045,1.7280952380952384
dish_1566328724,167.0,275.55,6.012,0.0,51.77,1,165.0,3.5999999999999996,0.0,31.0
dish_1566328745,203.0,282.03000000000003,6.084,1.404,52.094,2,138.93103448275863,2.9970443349753695,0.6916256157635468,25.662068965517243
dish_1566328776,436.0,901.81,28.685,78.294,77.724,3,206.83715596330273,6.579128440366973,17.957339449541283,17.826605504587157
dish_1566328805,488.0,927.81,28.737,85.054,77.98400000000001,4,190.125,5.888729508196721,17.429098360655736,15.980327868852463
dish_1566328831,500.0,941.61,30.020999999999997,85.81,78.08,5,188.322,6.004199999999999,17.162,15.616
dish_1566328894,89.0,236.651,8.366,29.815,9.968,1,265.90000000000003,9.4,33.5,11.200000000000001
dish_1566328929,165.00000200000002,396.60742906,17.548870404,32.070577521000004,25.493956182999998,10,240.36813591068923,10.63567890380995,19.436713413494385,15.450882347868088
dish_1566328961,308.000003,605.81782725,24.900572418,39.994916715,52.083552565000005,17,196.69409784064194,8.084601355669466,12.985362443324394,16.910244174575546
dish_1566328988,398.000003,747.74782725,26.880572418,66.904916715,56.313552565,18,187.87633708887185,6.753912616930307,16.810280454947634,14.149133703649747
dish_1566329021,486.000003,792.68086836,28.006496497,74.708341071,59.259874815,19,163.10305832652432,5.762653564633826,15.372086545234035,12.193389804361793
dish_1566329049,575.000003,814.93086836,28.273496497,79.158341071,60.861874815,20,141.7271068014238,4.917129799910628,13.766667940521732,10.58467382564518
dish_1566329203,377.0,94.25,1.131,18.85,6.786,1,25.0,0.3,5.0,1.7999999999999998
dish_1566329234,457.000002,262.62518718,10.797178987,21.224291986,23.129112346,10,57.46721794981524,2.362621212198594,4.644265184488993,5.06107488944825
dish_1566329257,537.000002,321.02518718,14.637178987,22.744291986,29.529112345999998,11,59.78122644029338,2.7257316447831226,4.23543610824791,5.498903582126989
dish_1566330399,125.999997,265.19090384,15.224230869,3.739510082,25.740400261999998,9,210.4689763127534,12.082723199588647,2.967865215107902,20.42888958322753
dish_1566330428,227.999997,290.69090384,15.530230868999999,8.839510081999999,27.576400262,10,127.49601213371943,6.811504856730326,3.8769781571532205,12.094912554757622
dish_1566330466,282.999997,377.42590384,16.740230868999998,25.284510081999997,30.161400261999997,11,133.36604517349164,5.915275988147801,8.934455954075505,10.657738721460126
dish_1566331801,203.000003,296.99099299,10.436333300000001,11.249237,37.746069866,11,146.30097960638946,5.141050810723388,5.541495977219272,18.594122811909518
dish_1566331828,306.000002,349.58307015,11.75417572,20.382790436,41.194606114,12,114.24283263566777,3.8412338703187325,6.661042582607565,13.462289491749743
dish_1566331868,372.000002,453.66507015,13.206175720000001,40.116790436,44.29660611400001,13,121.95297519111304,3.550047217472865,10.784083392558692,11.907689751571562
dish_1566331914,481.000004,589.5016129640001,24.885231132,47.358671649,46.926688832,21,122.55750687353427,5.173644682963454,9.845877599826382,9.75606828310962
dish_1566332040,65.0,14.95,0.26,2.34,1.885,1,23.0,0.4,3.5999999999999996,2.9000000000000004
dish_1566332085,163.0,24.75,0.26,4.3,2.865,2,15.184049079754603,0.15950920245398773,2.638036809815951,1.7576687116564418
dish_1566332116,275.0,153.55,12.244,11.356,3.761,3,55.83636363636364,4.4523636363636365,4.1294545454545455,1.3676363636363638
dish_1566332154,425.0,401.05,17.644,11.356,50.261,4,94.36470588235294,4.151529411764705,2.672,11.826117647058824
dish_1566332193,504.0,527.45,29.494,18.466,51.840999999999994,5,104.6527777777778,5.851984126984127,3.6638888888888896,10.285912698412696
dish_1566332268,595.0,567.581,31.405,22.379,54.753,6,95.39176470588235,5.278151260504202,3.761176470588236,9.20218487394958
dish_1566333118,90.0,239.31,8.46,30.15,10.08,1,265.9,9.400000000000002,33.5,11.200000000000001
dish_1566333167,140.0,344.54449362,14.501362065,31.633932560999998,20.294445119000002,10,246.10320972857144,10.358115760714286,22.595666115,14.496032227857144
dish_1566333194,219.999997,461.58527261,18.614202432000003,36.067129048,35.169743108,17,209.81149041106576,8.461001220831836,16.394149790829314,15.986247085267005
dish_1566333228,303.999997,498.54527261,20.378202432000002,39.679129048,37.857743108,18,163.99515708218902,6.703356129309436,13.052345210384985,12.453205092630313
dish_1566333255,371.999997,515.54527261,20.582202432000003,43.079129048,39.081743108,19,138.58743999129655,5.532850160748792,11.580411127799014,10.505845006229931
dish_1566333291,438.999996,549.7556570300001,21.439440228000002,49.020372491,41.3249657,20,125.22908019115336,4.8836994130633204,11.166371967575143,9.413431908095053
dish_1566333324,475.99999599999995,608.10465703,22.253440228000002,60.083372491,43.063965700000004,21,127.75308028153852,4.675092524160442,12.622557352080316,9.047051693672705
dish_1566402041,446.0,231.92,0.892,3.122,44.6,1,52.0,0.2,0.7000000000000001,10.0
dish_1566402095,576.999994,421.11612341,8.4306789,32.4116213,46.2066037,4,72.983730985966,1.4611228748123695,5.617265448359779,8.008076981019865
dish_1566402123,656.999994,445.11612341,8.5906789,38.4916213,46.6866037,5,67.74979109208333,1.3075614883491156,5.8586943153001,7.106028025321412
dish_1566402160,696.999994,458.71612340999997,8.6706789,41.691621299999994,47.0066037,6,65.8129307544872,1.2439998528895253,5.981581299697973,6.744132583163265
dish_1566402197,735.999994,480.94612341,8.7876789,47.151621299999995,47.2796037,7,65.34594121341799,1.1939781211465608,6.406470337552747,6.423859250737983
dish_1566402232,840.999994,511.39612341,8.9976789,54.081621299999995,48.8546037,8,60.808100720390726,1.069878592650739,6.43063278071795,5.809108685915162
dish_1566413321,61.0,14.03,0.244,2.196,1.769,1,23.0,0.4,3.6000000000000005,2.9
dish_1566413356,164.0,183.98,3.952,2.196,33.699,2,112.1829268292683,2.4097560975609755,1.3390243902439025,20.548170731707316
dish_1566413388,231.0,207.42999999999998,4.220000000000001,6.886000000000001,35.307,3,89.79653679653678,1.8268398268398272,2.9809523809523815,15.284415584415587
dish_1566413419,280.0,285.83,11.57,11.296000000000001,36.287,4,102.08214285714286,4.132142857142857,4.034285714285715,12.959642857142855
dish_1566413445,360.0,377.83,20.130000000000003,16.336000000000002,36.927,5,104.95277777777778,5.591666666666668,4.537777777777778,10.2575
dish_1566413469,379.0,459.663,25.564,17.134,44.223,6,121.28311345646439,6.745118733509235,4.520844327176781,11.668337730870713
dish_1566413510,412.0,751.383,58.564,17.134,44.223,7,182.3745145631068,14.214563106796115,4.158737864077669,10.73373786407767
dish_1566414225,87.99999700000001,125.18213388000001,4.18640791,17.9417469,3.75922316,2,142.25242971315103,4.757281878089154,20.388349445057365,4.271844645631067
dish_1566414291,243.999997,345.14213388,14.79440791,46.0217469,7.035223159999999,3,141.45169595227495,6.0632820048764176,18.86137191222998,2.8832882157781334
dish_1566414342,552.000003,846.367098022,31.578683571,53.343304367,83.57794632,19,153.32737199677155,5.720775978147956,9.663642042951222,15.14093222206015
dish_1566414412,658.000003,920.1205409400001,37.812385297,57.062325593,85.33483990599998,27,139.83594783357472,5.746563088845457,8.672085916844592,12.968820595278933
dish_1566414611,64.0,105.6,2.304,0.0,19.84,1,165.0,3.5999999999999996,0.0,31.0
dish_1566414642,145.0,219.81,7.811999999999999,14.58,21.541,2,151.59310344827585,5.387586206896551,10.055172413793104,14.855862068965516
dish_1566414686,407.00003000000004,646.176742203,22.089535548,20.808078463,86.65202462799999,18,158.7657726224246,5.427403911493569,5.112549614062681,21.29042217220475
dish_1566414723,482.00003100000004,728.8105958161999,31.699222286999998,24.867765361,97.96278804279999,22,151.20550807935527,6.576601711255906,5.159287087473237,20.324228577238408
dish_1566414754,533.000033,755.4963464361999,33.023947289,28.348515501,98.8578380788,23,141.74414627779203,6.195862147160504,5.318670496405016,18.54743563942706
dish_1566414780,651.000033,807.4163464362,35.501947289,33.422515501,102.6338380788,24,124.02708225918016,5.453447847828297,5.1340266984287535,15.765565725985144
dish_1566414862,67.0,94.47,4.556,12.06,1.407,1,141.0,6.800000000000001,18.000000000000004,2.1
dish_1566414891,162.999999,213.994175769,15.956648208,16.049044928,3.5877567079999997,10,131.2847712158575,9.789354788891748,9.846039893533987,2.201077748472869
dish_1566414924,227.000002,247.482185229,17.61904921,20.417045068,4.710956744,11,109.02298812711024,7.761695618839687,8.994292902252926,2.075311322684482
dish_1566415520,143.000003,74.82475093,3.714425003,9.75975021,2.509650054,2,52.32499955262239,2.5974999476048963,6.825000003671329,1.7550000009440563
dish_1566415558,234.000005,169.100756986,14.586706235,12.86199404,14.924491665,12,72.26527921911796,6.233635009965064,5.496578532124391,6.377987754743851
dish_1566415591,316.000005,214.780756986,16.906706235,18.46199404,16.844491665,13,67.96859290745898,5.350223407433175,5.842403084772103,5.330535252681404
dish_1566416299,85.999998,44.99949938,2.2338499979999997,5.86949986,1.509299964,2,52.32500049593024,2.5975000580813963,6.8249999959302325,1.7549999989534881
dish_1566416339,185.999997,77.97988998,3.410320428,11.653813545,2.4896921140000003,4,41.92467270846246,1.8335056360242845,6.265491254282117,1.33854416890125
dish_1566416388,314.999997,259.86988998,12.182320428,34.873813545,5.198692114,5,82.49837855712741,3.867403347308603,11.071052024486209,1.650378464606779
dish_1566416421,366.999999,313.741896329,18.395052934,36.646524258,12.292887427,14,85.48825536345574,5.012276017472141,9.985428980341768,3.3495606159388576
dish_1566416455,402.999999,372.326632733,20.356851573,37.502290297,21.239439477,25,92.3887428429001,5.051327946281211,9.305779253116079,5.2703323895045475
dish_1566416701,122.00000299999999,198.537160139,6.648316669,2.900097154,30.318871402,17,162.73537316142526,5.449439758620334,2.3771287563001127,24.851533324962297
dish_1566417398,46.000001999999995,56.89249644,5.357862755,2.088042472,0.7926466579999999,7,123.67933470959416,11.647527221846644,4.539222567859889,1.7231448337763116
dish_1566417442,158.00000500000002,93.8305346,6.675509604999999,8.566474047,1.890685908,8,59.3864124244806,4.225005945411203,5.421818845512061,1.1966366127646642
dish_1566417475,198.000005,150.2305346,9.395509605,15.766474046999999,2.730685908,9,75.87400545772714,4.745206751383669,7.962865479220568,1.3791342621430742
dish_1566417516,425.000009,385.402536182,36.516473239,23.505038581,33.699576669,17,90.68294776953758,8.592111168402353,5.5305971960579425,7.929311989496924
dish_1566419510,103.0,273.877,9.682,34.505,11.536,1,265.90000000000003,9.4,33.5,11.200000000000001
dish_1566419546,177.0,306.437,11.236,37.687000000000005,13.904,2,173.12824858757062,6.348022598870057,21.29209039548023,7.855367231638417
dish_1566419577,209.999999,323.70424969000004,12.093174999,39.93924993,14.483149981999999,4,154.14488153878517,5.758654788850738,19.018690533422337,6.896738119508276
dish_1566419603,251.999999,382.92424969,14.949174999,47.499249930000005,15.365149982,5,151.95406794029392,5.932212324731001,18.84890877717821,6.097281763084451
dish_1566419635,389.000004,605.871727438,22.414908849,50.755916356,49.41175157,21,155.75108514343356,5.762187305530208,13.047793273544542,12.702249630311059
dish_1566488905,86.000004,82.30829592,2.097561,15.10243974,0.83902443,2,95.70731638570622,2.43902430516166,17.5609756250709,0.9756097569483834
dish_1566488928,147.00000400000002,103.04829591999999,2.2195609999999997,19.982439739999997,1.32702443,3,70.10087967072435,1.5099054010910091,13.593496051877654,0.9027376829187025
dish_1566488956,489.000004,280.88829592,2.903561,22.37643974,35.527024430000004,4,57.44136883892541,0.5937752507666646,4.575959009603607,7.265240110304785
dish_1566488981,486.000004,279.32829591999996,2.8975609999999996,22.355439739999998,35.22702443,4,57.474957535185524,0.5962059621711442,4.5998846823054755,7.248358876556717
dish_1566499564,37.0,42.55,3.959,2.331,0.296,1,114.99999999999999,10.7,6.3,0.8
dish_1566499633,139.000002,161.38643552899998,14.18350472,8.426495766,3.023964024,10,116.10534763085829,10.20396008339626,6.062227082557884,2.1755136550285807
dish_1566499686,387.99999499999996,674.706756179,37.685776452,35.915737323,48.447743720999995,16,173.89349610146257,9.71282910763955,9.256633449956619,12.48653204776459
dish_1566500963,25.0,5.75,0.1,0.9,0.725,1,23.0,0.4,3.6000000000000005,2.9
dish_1566500988,63.0,21.33,0.176,4.7,1.067,2,33.857142857142854,0.27936507936507937,7.4603174603174605,1.6936507936507936
dish_1566501012,160.0,132.88,10.555,10.811,1.843,3,83.05,6.596874999999999,6.756875,1.151875
dish_1566501041,194.0,279.318,20.279,12.238999999999999,14.899,4,143.97835051546392,10.453092783505156,6.308762886597938,7.679896907216495
dish_1566501067,306.0,464.118,24.311,12.238999999999999,49.619,5,151.67254901960786,7.944771241830065,3.999673202614379,16.215359477124185
dish_1566501126,369.0,564.918,33.760999999999996,17.909,50.879,6,153.09430894308943,9.149322493224933,4.853387533875338,13.788346883468833
dish_1566501153,419.0,1006.918,83.761,17.909,50.879,7,240.31455847255373,19.99069212410501,4.274224343675417,12.142959427207636
dish_1566501258,30.0,12.0,0.03,2.7,0.33,1,40.0,0.1,9.000000000000002,1.1
dish_1566501293,56.0,41.9,2.812,4.338,0.538,2,74.82142857142857,5.021428571428571,7.746428571428572,0.9607142857142857
dish_1566501324,113.0,65.27,2.926,10.038,1.0510000000000002,3,57.76106194690265,2.5893805309734517,8.883185840707965,0.9300884955752214
dish_1566501352,170.0,75.53,3.04,12.261,1.564,4,44.42941176470588,1.7882352941176471,7.212352941176469,0.9199999999999999
dish_1566501382,330.0,283.53,4.0,12.261,47.964,5,85.91818181818181,1.2121212121212122,3.7154545454545453,14.534545454545453
dish_1566501447,349.0,286.76,4.0,13.325,48.04,6,82.16618911174784,1.146131805157593,3.818051575931232,13.765042979942693
dish_1566501473,371.0,413.942,14.89,18.319,52.967999999999996,7,111.57466307277627,4.013477088948787,4.937735849056604,14.277088948787062
dish_1566501575,54.0,251.694,15.552,26.892,3.348,1,466.09999999999997,28.799999999999997,49.8,6.2
dish_1566501594,109.0,508.049,31.392,54.282,6.758,1,466.09999999999997,28.799999999999997,49.8,6.2
dish_1566502000,184.000012,63.00878311,4.846829414,3.949268554,2.692683105,2,34.243901630832504,2.6341462488600276,2.146341465455991,1.4634146355381759
dish_1566502033,253.000012,136.21778311,6.502829414,19.129268554,4.831683105,3,53.84101843837067,2.5702881840179517,7.56097535442014,1.9097560774028737
dish_1566502061,385.000012,408.33941999,18.96186606,33.701879429,28.911760988999998,10,106.06218370455531,4.925159862072938,8.7537346437797,7.5095480747673315
dish_1566502211,237.0,104.28,4.977,10.191,7.584,1,44.0,2.1,4.300000000000001,3.2
dish_1566502271,359.00000800000004,296.816889433,10.505253805,13.685196146000001,37.940280506,13,82.67879744253375,2.926254476573716,3.812032267698445,10.568323025218428
dish_1566502315,495.00001100000003,577.1846276829999,23.341836441,28.699401513,62.750056727,19,116.602952496298,4.715522408543946,5.797858762673846,12.67677885506148
dish_1566502437,63.999998999999995,74.564033792,6.415375207,3.824624458,1.711663609,9,116.50630462041103,10.024023917562875,5.975975808999623,2.674474430851163
dish_1566502472,118.999999,132.919033792,7.735375207,15.924624458,3.416663609,10,111.6966679907283,6.500315354624499,13.382037472117961,2.8711459140432427
dish_1566502505,275.000003,454.51732603199997,22.459690938,33.146800764,31.874936971999997,16,165.2790258449561,8.167160251994616,12.05338196450856,11.590886045190334
dish_1566502537,315.000005,517.644176417,24.272233434,34.292438759999996,41.827815682,25,164.3314819683892,7.705470809119512,10.886488322436692,13.278671434306805
dish_1566502573,487.000005,821.510114693,43.206233614,60.718186884,51.189268346,28,168.68790682928227,8.871916462095314,12.467800053513347,10.511143289618651
dish_1566587102,146.00000699999998,213.59944013999998,7.50593435,8.090584422000001,27.147420993999997,11,146.30097938282975,5.141050678168805,5.541495913763896,18.594123076994098
dish_1566587143,234.00000699999998,354.39944014,20.70593435,16.010584422,28.907420994,12,151.4527476659435,8.848689628458004,6.842129890192697,12.353598345832529
dish_1566587182,377.000008,531.260869123,37.361895954000005,22.501672859,31.371518229,17,140.91799942959153,9.910317018879217,5.968613363796003,8.321357443843874
dish_1566587662,197.0,66.98,0.8865000000000001,12.5095,5.0235,2,34.0,0.45000000000000007,6.35,2.5500000000000003
dish_1566587689,270.000002,196.84695692,7.475342252,15.383455493,18.580094998,9,72.90627980069424,2.768645258010035,5.697576066314252,6.881516614951728
dish_1566587714,373.000007,347.53697443,12.770625067000001,21.091196625,37.732042257,17,93.17344984124894,3.423760007328901,5.654476200854334,10.115828833483107
dish_1566587958,224.000003,398.49587829,20.217818737,8.818712884,41.598318274,7,177.89994328259004,9.025811815279306,3.936925341916179,18.570677552178427
dish_1566588016,373.999995,472.23339739,21.992495177000002,23.61473793,42.931035396000006,8,126.26561596344405,5.8803463826249525,6.314101135215255,11.478886622979768
dish_1566588066,561.999995,566.2333973899999,22.180495176999997,48.05473793,43.871035396,9,100.75327445332094,3.9467073619813817,8.550665188173177,7.806234125678239
dish_1566589933,122.0,89.06,5.856,2.318,9.76,1,73.0,4.8,1.9,8.0
dish_1566589967,322.000006,381.66196529,16.138101243999998,13.400992302999999,46.948247474,12,118.52855844046167,5.011832591083865,4.161798774314309,14.580200807201226
dish_1566590007,457.000006,740.76196529,29.233101244,57.95099230299999,61.79824747399999,13,162.09233163336108,6.396739794353526,12.680742131762685,13.522592267537082
dish_1566590056,519.000007,815.647605126,34.712163356,63.927056971,62.926948327999995,19,157.15753258669994,6.68827801306754,12.317351851403732,12.124652693501794
dish_1566590536,51.0,25.07076076,0.6033903740000001,5.030648739,0.453123836,4,49.158354431372544,1.183118380392157,9.864017135294118,0.8884781098039215
dish_1566590566,142.00000400000002,186.95971139,8.816878991,8.613250765,17.352441226,8,131.6617648757249,6.209069537068462,6.065669381952975,12.220028688168204
dish_1566590946,228.000004,405.61187509999996,20.57885092,8.976189449,42.341146104,7,177.8999420982466,9.025811648669972,3.936925127860963,18.57067778998811
dish_1566590987,370.000004,639.9118751,25.690850920000003,8.976189449,86.361146104,8,172.94915356271184,6.943473146557048,2.425997122151382,23.340850046044864
dish_1566591022,467.000004,860.1018751,41.21085092,11.789189448999998,102.85114610400001,9,184.17598880791445,8.824593269168366,2.524451680518615,22.023799833629127
dish_1566591048,481.000004,876.2018751,42.70885092,12.671189449,102.963146104,10,182.1625504809767,8.87917891160766,2.634342898882803,21.406059303068115
dish_1566591080,549.000007,909.6295572,43.513371424,19.378721363,103.56731125,11,165.68844182182318,7.9259327630573235,3.5298216968875193,18.864719477134724
dish_1566592456,126.0,55.44,2.646,5.418,4.032,1,44.0,2.0999999999999996,4.300000000000001,3.2
dish_1566835603,66.0,63.16682848,1.609756,11.59024392,0.64390244,2,95.70731587878788,2.4390242424242423,17.560975636363636,0.9756097575757575
dish_1566835641,546.0,312.76682848,2.569756,14.95024392,48.64390244,3,57.28330191941392,0.47065128205128204,2.738139912087912,8.90913964102564
dish_1566835701,744.0,370.18682848,2.965756,28.01824392,51.61390244,4,49.756294150537634,0.39862311827956987,3.765893,6.937352478494624
dish_1566838286,145.0,72.5,0.145,18.85,0.725,1,50.0,0.1,13.0,0.5
dish_1566838317,284.0,114.2,0.42300000000000004,29.414,1.559,2,40.21126760563381,0.148943661971831,10.357042253521128,0.548943661971831
dish_1566838351,417.0,190.01,0.8220000000000001,48.034000000000006,2.49,3,45.565947242206235,0.19712230215827342,11.5189448441247,0.5971223021582734
dish_1566838378,482.0,286.21000000000004,7.972,49.074,8.99,4,59.379668049792535,1.6539419087136928,10.181327800829877,1.865145228215768
dish_1566838407,558.000005,358.94756044,9.825658,62.42034246,9.73146347,6,64.32751921570323,1.7608705935405862,11.18644120083834,1.7439898535484781
dish_1566844766,164.0,72.16,3.444,7.052,5.248,1,44.0,2.1,4.3,3.2
dish_1566844803,227.0,249.82,11.004,27.212,12.808,2,110.05286343612335,4.847577092511013,11.987665198237886,5.642290748898678
dish_1566844850,344.999995,491.23510227599996,25.456135570999997,30.581730496000002,35.92812244,14,142.38698823053605,7.378590127515798,8.864269837453186,10.413948684260125
dish_1566846997,167.99999200000002,343.70963962400003,20.575921818,4.79758216,32.916785257,12,204.58908094709906,12.24757309393205,2.855703802652562,19.593325490753593
dish_1566847043,482.999974,434.87708361399996,24.615379252,15.362316412,35.713332558999994,13,90.03666812081443,5.096352086346076,3.1806039832209185,7.39406511003249
dish_1566847431,89.99999899999999,101.240513646,1.923067488,17.23207649,3.769840209,9,112.48946085654958,2.136741677074908,19.146751868297248,4.188711389874571
dish_1566847454,209.999996,346.747398451,16.620154278,20.658920891999998,27.281829995000002,16,165.11781193129164,7.9143593307497015,9.837581564525362,12.991347864120911
dish_1566847483,314.000001,476.23192587799997,28.970856673999997,24.980386682,29.644316619,21,151.66621794947065,9.226387446412778,7.955537134536506,9.440865135220175
dish_1566849208,70.0,19.6,0.28,3.71,1.54,1,28.000000000000004,0.4,5.3,2.2
dish_1566849233,117.0,94.80000000000001,7.33,7.94,2.48,2,81.02564102564104,6.264957264957265,6.786324786324786,2.1196581196581197
dish_1566849269,153.0,249.85199999999998,17.626,9.452,16.304,3,163.3019607843137,11.520261437908498,6.177777777777778,10.656209150326797
dish_1566849295,239.0,348.75199999999995,26.828,14.870000000000001,16.992,4,145.92133891213388,11.225104602510461,6.2217573221757325,7.109623430962343
dish_1566849327,362.0,551.702,31.256,14.870000000000001,55.122,5,152.4038674033149,8.634254143646409,4.107734806629835,15.227071823204419
dish_1566849387,517.0,619.902,34.511,21.535,60.082,6,119.90367504835591,6.675241779497099,4.165377176015474,11.621276595744682
dish_1566849862,67.0,77.05,7.169,4.221,0.536,1,114.99999999999999,10.7,6.3,0.8
dish_1566849895,153.0,112.31,7.340999999999999,12.821,1.31,2,73.40522875816994,4.798039215686274,8.379738562091504,0.8562091503267975
dish_1566849923,240.0,127.97,7.515,16.214,2.093,3,53.320833333333326,3.13125,6.755833333333333,0.8720833333333334
dish_1566849955,288.0,147.17,7.563,20.534,2.621,4,51.100694444444436,2.6260416666666666,7.1298611111111105,0.9100694444444444
dish_1566849987,540.0,562.97,16.634999999999998,20.534,80.74100000000001,5,104.2537037037037,3.0805555555555553,3.802592592592592,14.952037037037039
dish_1566850031,662.0,616.772,19.197,25.78,84.64500000000001,6,93.16797583081572,2.8998489425981875,3.8942598187311184,12.786253776435046
dish_1566850099,112.000001,113.05796322,10.68734735,4.140734812,1.525551031,10,100.944609116566,9.542274334443979,3.697084620561744,1.3620991226598294
dish_1566850142,283.999994,464.95117057100003,31.753172628999998,9.052545159,35.226069209,19,163.71520436405362,11.180694823887917,3.1875159683982237,12.403545758173502
dish_1566851115,70.0,81.55441752,7.016817093000001,4.183183362,1.8721321730000002,9,116.50631074285715,10.024024418571429,5.975976231428572,2.674474532857143
dish_1566851155,260.00001000000003,295.28439253700003,11.076624919,40.562014233,9.83068431,15,113.57091583842632,4.2602401896061455,15.600774104970224,3.7810322814987583
dish_1566851198,342.000008,463.047437315,21.119635102999997,42.903691185999996,25.897210479,22,135.3939843518951,6.175331757009783,12.544938649825996,7.572283588660033
dish_1566851222,375.00000800000004,550.827437315,24.320635103,53.793691186000004,29.527210479,23,146.8873134837373,6.485502555775945,14.344984010240342,7.873922626422983
dish_1566851549,85.0,226.015,7.99,28.475,9.52,1,265.9,9.4,33.5,11.2
dish_1566851584,222.0,286.29499999999996,10.867,34.366,13.904,2,128.9617117117117,4.895045045045046,15.48018018018018,6.263063063063062
dish_1566851616,248.0,300.77889954,11.602609416,36.14160978,14.512780496,4,121.28181433064515,4.678471538709678,14.573229750000003,5.851927619354838
dish_1566851677,296.0,354.773840281,12.628245361000001,45.332050668,16.523361968,12,119.85602712195946,4.2662991084459465,15.314881982432432,5.582216881081081
dish_1566851704,347.999999,461.160155299,18.996982868,46.81701689,26.711890442,19,132.51728638625656,5.458903138675009,13.453165811647027,7.675830608838593
dish_1566920304,570.0,296.4,1.14,3.99,57.0,1,51.99999999999999,0.2,0.7000000000000001,10.0
dish_1566920339,730.000004,449.53171016,5.042439,32.0875617,58.56097565,3,61.57968598586473,0.6907450647082463,4.395556373175034,8.022051414947665
dish_1566920365,871.000004,490.42171016,5.324439,41.3935617,60.67597565,4,56.30559218229349,0.6113018341616449,4.752418083800606,6.966242866974774
dish_1566922978,84.0,124.32,9.24,1.344,8.4,1,148.0,11.0,1.6,10.0
dish_1566923004,153.0,158.82,9.309000000000001,10.314,8.745000000000001,2,103.80392156862746,6.084313725490197,6.741176470588235,5.715686274509805
dish_1566923030,226.0,396.79999999999995,25.369,33.674,10.643,3,175.57522123893804,11.225221238938053,14.899999999999999,4.709292035398231
dish_1566923060,248.0,515.8199999999999,34.608999999999995,33.982,18.783,4,207.99193548387095,13.955241935483869,13.70241935483871,7.5737903225806456
dish_1566931116,142.0,35.5,0.426,7.1,2.556,1,25.0,0.3,5.0,1.7999999999999998
dish_1566931140,199.0,126.7,8.976,12.23,3.6959999999999997,2,63.66834170854272,4.510552763819096,6.1457286432160805,1.857286432160804
dish_1566931179,263.0,204.369379657,15.987674057000001,15.745847006999998,4.955554089,10,77.70698846273764,6.078963519771864,5.987014071102661,1.8842410984790874
dish_1566931217,377.999997,333.1086768,29.458877280000003,21.469035967,21.408705484000002,19,88.1239892708253,7.793353839629794,5.679639189785496,5.663678744420731
dish_1566931482,91.0,25.48,0.364,4.823,2.002,1,28.000000000000004,0.4,5.300000000000001,2.1999999999999997
dish_1566931519,182.0,130.13,10.101,10.556000000000001,2.7299999999999995,2,71.5,5.550000000000001,5.800000000000001,1.4999999999999998
dish_1566931548,253.0,154.98000000000002,10.385000000000002,15.526,4.433999999999999,3,61.25691699604744,4.104743083003953,6.136758893280633,1.7525691699604742
dish_1566931586,389.0,379.38,15.281,15.526,46.593999999999994,4,97.52699228791774,3.92827763496144,3.9912596401028275,11.977892030848327
dish_1566931620,461.0,494.58000000000004,26.081,22.006,48.034,5,107.28416485900219,5.657483731019522,4.77353579175705,10.419522776572668
dish_1566931650,488.0,610.869,33.803,23.14,58.401999999999994,6,125.17807377049182,6.926844262295082,4.741803278688525,11.96762295081967
dish_1566931674,531.0,990.989,76.803,23.14,58.401999999999994,7,186.62693032015068,14.463841807909606,4.357815442561205,10.998493408662899
dish_1566933180,95.99999900000002,161.44952064699999,7.634025625,2.197063342,19.702278165000003,12,168.17658575913106,7.952110108876146,2.2886076717563295,20.523206635658404
dish_1566933226,170.999999,245.449520647,7.784025624999999,19.447063342,22.552278165,13,143.53773221191656,4.552061795626091,11.372551728494454,13.188466840283434
dish_1566933401,79.00000299999999,27.05268098,2.080975348,1.695609828,1.15609761,2,34.243898674282335,2.634145910095725,2.1463414729237416,1.4634146406298238
dish_1566933454,154.000006,121.74140720400001,8.774584794,9.049745308999999,3.6651202360000004,10,79.05285874079772,5.697782111774723,5.8764577639042415,2.379948112469554
dish_1566933498,284.000006,318.482657204,17.559084794,12.097745309,28.378120235999997,18,112.14177833644132,6.182776205293461,4.259769385004873,9.992295646641642
dish_1566934057,193.000011,66.0907325,5.083902387999999,4.142439268,2.82439041,2,34.24390089801601,2.6341461648932234,2.146341467306963,1.4634146368002021
dish_1566934085,259.00001100000003,82.5907325,5.281902388,7.442439268,4.01239041,3,31.888312352233832,2.039344464738266,2.8735285528617216,1.5491854206909665
dish_1566934120,316.000011,183.99369840999998,10.426614863,9.686486492,14.597676918000001,9,58.22585190036591,3.299561550648174,3.065343719877276,4.619517851219316
dish_1566934152,396.000014,305.065247927,15.832462063,11.562178675,29.805677494999998,19,77.03667604592557,3.9980963392087148,2.9197419864232628,7.5266859700161515
dish_1566934366,33.0,87.747,3.102,11.055,3.696,1,265.9,9.4,33.5,11.200000000000001
dish_1566934401,343.999997,435.90286475,39.532820945999994,26.532495413,48.191042803,15,126.71595016031351,11.492099212431096,7.712934780345361,14.009024192811259
dish_1566934430,360.999997,519.54286475,43.782820946,37.582495413000004,49.058042803,16,143.9176922624739,12.128205348987855,10.41066363582269,13.589485653929243
dish_1566934455,394.999997,528.04286475,43.884820946,39.282495413,49.670042803,17,133.68173892669674,11.110081336532263,9.944935623126092,12.574694476010336
dish_1566934487,467.999998,553.04091536,45.807747972,40.849324699,50.738335498000005,18,118.1711362656886,9.787980377726411,8.728488220848241,10.841524725391134
dish_1566936266,146.000003,220.95555722100002,9.865669073,3.423138559,27.754600212,12,151.3394196443955,6.757307445397792,2.3446154031928343,19.009999754589046
dish_1566936297,265.999999,355.292226814,23.922577713,9.395162297999999,44.92310502,23,133.5685068231899,8.993450301855075,3.532015914782014,16.888385409354832
dish_1566936323,317.999999,368.292226814,24.078577713,11.995162298,45.85910502,24,115.8151660289785,7.5718798077732075,3.772063627585106,14.421102252896548
dish_1566936352,367.999999,424.29222681400006,24.178577713,23.495162298,47.75910502,25,115.29680107798046,6.570265700734418,6.384554989631942,12.978017703744612
dish_1566937992,104.0,276.536,9.776,34.84,11.648,1,265.9,9.4,33.5,11.200000000000001
dish_1566938026,219.000003,450.576341641,17.546904132,37.536307857000004,33.509500409,13,205.74261893548928,8.012284882023495,17.139866366577174,15.301141529664728
dish_1566938059,256.000003,463.246585331,18.521538254,38.330454199,34.050963824,14,180.95569527434733,7.234975795683877,14.972833496021485,13.30115758787706
dish_1566938088,381.000003,494.496585331,18.896538254,44.580454199,36.300963824,15,129.78912898617486,4.959721287456262,11.70090652177764,9.527811952274448
dish_1567007719,42.0,14.28,0.084,3.36,0.336,1,34.0,0.2,8.0,0.8
dish_1567007751,87.0,39.93,0.21900000000000003,9.66,0.651,2,45.89655172413793,0.25172413793103454,11.10344827586207,0.7482758620689656
dish_1567007783,106.0,50.0,0.35200000000000004,11.94,0.879,3,47.16981132075472,0.33207547169811324,11.264150943396226,0.8292452830188679
dish_1567007814,152.0,73.0,0.398,17.92,1.109,4,48.026315789473685,0.2618421052631579,11.789473684210527,0.7296052631578948
dish_1567007848,243.0,100.3,0.5800000000000001,24.836,1.655,5,41.275720164609055,0.23868312757201648,10.220576131687242,0.6810699588477367
dish_1567019993,55.0,28.08314523,0.7037019250000001,4.8771402329999995,1.841451414,4,51.060264054545456,1.2794580454545454,8.867527696363634,3.34809348
dish_1567020054,144.999996,122.001403422,11.540041608,7.937455679999999,14.21007861,14,84.13890123279727,7.95864960437654,5.474107516527103,9.800054484139434
dish_1567020091,237.999998,236.805172118,22.449144711000002,11.681914695,16.441938531,19,99.49797231426868,9.43241382338163,4.908367560154349,6.9083775920872075
dish_1567020340,167.999996,93.58829149,4.75317074,11.47317045,3.93365844,2,55.70731768945995,2.82926836498258,6.829268287601625,2.3414634128919856
dish_1567020366,202.999997,111.45938279,5.200980877999999,14.57680524,5.105491204,5,54.90610070797193,2.5620595836757567,7.180692342571808,2.515020334704734
dish_1567020394,264.999997,176.158626077,12.666014672,16.685022778,13.626101388,15,66.47495398915042,4.779628232222206,6.29623508184417,5.141925110285945
dish_1567020417,348.0,313.761403578,16.694964622,18.330756805,36.040561948000004,18,90.16132286724138,4.797403627011494,5.267458852011495,10.356483318390806
dish_1567021799,75.999999,93.818128287,8.914965451,3.059987924,1.823885398,9,123.44490726506456,11.730217853029183,4.026299952977631,2.3998492394717004
dish_1567021831,228.000001,252.435625926,27.21633846,8.22852119,22.713123589,18,110.71737930650272,11.936990500276359,3.6090005061008754,9.961896267272383
dish_1567021864,262.000001,342.875625926,30.51433846,19.44852119,26.453123589,19,130.86855901424215,11.64669402424926,7.423099662507254,10.096612018333543
dish_1567022114,74.0,13.32,0.148,2.886,0.666,1,18.0,0.2,3.9,0.9000000000000001
dish_1567022147,128.0,34.92,0.256,7.746,1.746,2,27.28125,0.2,6.0515625,1.3640625
dish_1567022180,162.0,48.86,0.324,11.146,2.052,3,30.160493827160494,0.2,6.8802469135802475,1.2666666666666666
dish_1567022212,197.0,89.11,4.069,13.351,2.332,4,45.233502538071065,2.065482233502538,6.7771573604060915,1.183756345177665
dish_1567022251,254.0,111.91,4.126,18.481,2.959,5,44.05905511811024,1.624409448818898,7.275984251968505,1.1649606299212598
dish_1567022296,444.0,425.41,10.966000000000001,18.481,61.859,6,95.81306306306307,2.4698198198198202,4.162387387387388,13.93220720720721
dish_1567022338,463.0,507.24300000000005,16.4,19.279,69.155,7,109.55572354211665,3.5421166306695464,4.163930885529157,14.936285097192226
dish_1567022383,508.0,527.088,17.345,21.214000000000002,70.595,8,103.75748031496062,3.4143700787401574,4.175984251968504,13.896653543307085
dish_1567023110,40.0,46.0,4.28,2.52,0.32,1,114.99999999999999,10.700000000000001,6.3,0.8
dish_1567023132,84.0,59.2,4.324,5.0280000000000005,1.024,2,70.47619047619048,5.147619047619047,5.985714285714287,1.2190476190476192
dish_1567023161,134.0,141.7,6.1240000000000006,5.0280000000000005,16.524,3,105.74626865671641,4.570149253731344,3.75223880597015,12.33134328358209
dish_1567023184,194.999997,191.507182319,8.071154749,10.141688287000001,20.305751414,7,98.20881295654584,4.139053781113647,5.200865868218449,10.413206013536502
dish_1567023262,64.0,72.32,6.016,3.008,2.048,1,112.99999999999999,9.4,4.7,3.2
dish_1567023296,92.000001,107.18122385999999,9.341189728,4.171471443,2.684054081,10,116.50132901628989,10.153466985288402,4.534208040932521,2.917450056332065
dish_1567023335,117.0,138.336389259,12.019871568,5.832453419,3.287284103,13,118.23623013589742,10.273394502564102,4.985002922222223,2.8096445324786328
dish_1567023375,268.0,248.566389259,19.267871568,8.701453419,15.367284103000001,14,92.74865270858209,7.189504316417911,3.246810977238806,5.734061232462687
dish_1567024066,86.0,228.674,8.084,28.81,9.632,1,265.90000000000003,9.4,33.5,11.200000000000001
dish_1567024112,115.999999,274.075824404,10.111191988,29.513384649,15.334999979,13,236.27226445407126,8.716544892384007,25.442573192608386,13.219827682067478
dish_1567024135,146.999999,317.785824404,12.219191987999999,35.093384649,15.985999978999999,14,216.1808343985091,8.312375558587588,23.87305094403436,10.874829991665509
dish_1567024187,234.999999,334.945824404,12.615191988,38.525384648999996,16.733999979,16,142.53013865076656,5.368166826247518,16.393780771462897,7.120851085195111
dish_1567024224,314.999999,354.945824404,12.855191988,42.525384649,18.173999978999998,17,112.68121445422608,4.081013342479407,13.500122153651182,5.769523821173091
dish_1567024252,453.999999,512.015824404,25.921191988,49.058384649,22.621999978999998,18,112.7788161964291,5.709513666320515,10.805811620497382,4.982819389609734
dish_1567106594,88.0,15.84,0.176,3.432,0.792,1,18.0,0.2,3.9,0.9000000000000001
dish_1567106620,146.0,39.04,0.292,8.652,1.952,2,26.73972602739726,0.2,5.926027397260274,1.336986301369863
dish_1567106646,201.0,61.04,0.347,13.602,2.557,3,30.3681592039801,0.17263681592039798,6.767164179104477,1.272139303482587
dish_1567106668,248.0,80.31,0.441,18.302,2.98,4,32.38306451612903,0.1778225806451613,7.379838709677419,1.2016129032258065
dish_1567106693,417.0,359.1600000000001,6.5249999999999995,18.302,55.37,5,86.12949640287772,1.5647482014388487,4.388968824940047,13.278177458033571
dish_1567106794,47.999999,102.33824142,10.138825050000001,1.6957275410000001,2.020697702,9,213.20467406676406,21.122552627553183,3.532765784015954,4.209786966870562
dish_1567106825,104.0,220.20086855,16.90515017,3.357732044,13.460875727,15,211.731604375,16.25495208653846,3.228588503846154,12.943149737499999
dish_1567106870,211.0,504.82086855,27.284150169999997,38.667732044,25.230875726999997,16,239.2515964691943,12.930876857819904,18.325939357345973,11.95776100805687
dish_1567107049,23.0,107.203,6.624,11.454,1.426,1,466.1,28.799999999999997,49.800000000000004,6.2
dish_1567107839,155.999997,174.284489732,16.469330516,11.980704284,18.763046387,12,111.72082889975951,10.557263354306345,7.6799387912808745,12.027594069120399
dish_1567107989,111.000001,140.13930985,9.906541695,10.884120013,3.713353324,9,126.25162935809342,8.924812257434125,9.805513436887267,3.3453633248165464
dish_1567108037,365.000001,674.73051216,40.596659102,18.422497502,55.602732615,16,184.85767405792416,11.122372326240075,5.047259575760933,15.233625332236645
dish_1567110519,100.000001,100.94461496,9.542274993,3.697084611,1.3620991370000002,10,100.94461395055386,9.54227489757725,3.6970845740291547,1.362099123379009
dish_1567110556,150.000001,127.10711496,10.841024993,7.109584611,2.239599137,11,84.73807607507949,7.2273499471510005,4.739723042401846,1.4930660813795593
dish_1567110631,259.999996,252.6139026,14.578888552999999,27.507642002999997,6.7250358409999995,12,97.15919480244915,5.607264914342537,10.579862471613268,2.5865522863315733
dish_1567110665,532.000004,556.494565902,43.294646558000004,48.397074663,39.440093605,20,104.6042409244042,8.13809139708202,9.097194417126357,7.413551373770291
dish_1567110756,42.0,111.72,4.074,13.86,4.62,1,266.0,9.700000000000001,32.99999999999999,11.0
dish_1567110783,210.000001,465.30789043,24.372975954999998,18.846013323999998,38.940535044,10,221.57518486392766,11.606178970922956,8.974292016312894,18.543111837413754
dish_1567110811,282.000003,537.9880061,31.243413109999995,21.507914304,39.921246446,16,190.77588665841256,11.079224389228107,7.626919884820002,14.156470220321237
dish_1567110848,320.000002,557.87150579,32.230463109,24.101414234,40.588146427999995,17,174.3348444697822,10.072019658612378,7.531691901051926,12.683795679476276
dish_1567525637,80.999998,153.264755254,15.801380902,3.07701812,0.798218168,8,189.21575189915433,19.507878138466126,3.7987878962663673,0.9854545527272728
dish_1567525681,173.999998,456.44475525400003,36.261380902,32.83701812,3.216218168,9,262.3245750002825,20.83987432114798,18.87184971117069,1.848401267223003
dish_1567525712,183.999998,510.544755254,40.461380902,32.977018120000004,6.916218168,10,277.46997869749976,21.989881164020446,17.92229265132927,3.7588142625958074
dish_1567525744,297.999998,679.264755254,53.001380902,34.80101812,18.316218168000002,11,227.9411945680617,17.785698408628846,11.678194078377143,6.146381976821356
dish_1567526738,433.0,225.16,0.866,3.031,43.3,1,52.0,0.2,0.7000000000000001,10.0
dish_1567526785,539.0,378.25,6.965999999999999,26.731,44.599999999999994,4,70.17625231910947,1.2923933209647493,4.959369202226346,8.274582560296844
dish_1567526814,639.0,408.25,7.166,34.331,45.199999999999996,5,63.888888888888886,1.1214397496087638,5.372613458528952,7.073552425665102
dish_1567526845,709.0,448.15,7.376,44.131,45.69,6,63.208744710860366,1.0403385049365304,6.2244005641748945,6.44428772919605
dish_1567526888,816.0,479.18,7.59,51.193,47.294999999999995,7,58.72303921568628,0.9301470588235294,6.273651960784314,5.79595588235294
dish_1567537185,185.00000100000003,402.98177353,22.945699852999997,7.198613658,38.144672611,13,217.8279845144433,12.403080934577938,3.8911424968046346,20.618741840439228
dish_1567537212,238.00000200000002,432.50665255,24.445212124999998,10.818125918,39.385648243,13,181.72548273760097,10.271097445200859,4.545431019786293,16.5485915596757
dish_1567537252,303.0,464.45957272,25.214237952999998,17.229736975,39.963159008,15,153.28698769636964,8.321530677557755,5.686381839933994,13.189161388778878
dish_1567537280,404.0,733.0185727200001,34.708237952999994,51.064736975,51.275159007999996,16,181.44024077227726,8.591148008168316,12.639786379950497,12.691871041584157
dish_1567537352,73.000003,50.792468773,4.293021309,2.561212852,1.209936207,8,69.57872148717583,5.880850866540375,3.508510611979016,1.6574467907898578
dish_1567537387,137.000003,72.552468773,4.421021309,7.681212852,1.721936207,9,52.9580052439853,3.2270227826199394,5.60672458671406,1.2568877148126778
dish_1567537422,203.000003,109.319297213,6.288338285,12.188529932000002,3.2673020630000003,11,53.85186975243542,3.0977035428910806,6.004201848213767,1.6095083816328812
dish_1567537457,361.000005,297.765013067,12.137429114000001,36.091728506,12.930025573,20,82.48338197862351,3.3621686830724564,9.997708588951406,3.581724485848691
dish_1567538263,56.0,70.700911734,4.997894664,5.491087748,1.8734035100000002,9,126.25162809642858,8.9248119,9.805513835714287,3.345363410714286
dish_1567538303,307.000008,617.4491738840001,36.129629047,15.257855294,53.626447861,19,201.1235041674657,11.768608503423884,4.969985308273999,17.467897870869113
dish_1567542778,98.0,260.582,9.212,32.83,10.976,1,265.9,9.4,33.5,11.200000000000001
dish_1567542813,145.0,316.638632958,10.951918922,39.94044511599999,13.850354551,12,218.37147100551726,7.553047532413794,27.545134562758616,9.55196865586207
dish_1567542843,216.000003,471.29650955799997,19.758106818999998,42.703156295999996,28.489662094000003,18,218.19282546861817,9.147271548417525,19.769979492083618,13.189658193662158
dish_1567542876,260.000003,495.807731348,21.002985135,45.708034325999996,29.51990599,18,190.69527908736217,8.078071112560718,17.580012999461385,11.353809865148348
dish_1567542914,297.000003,513.996323448,21.440739053,49.357720647,29.848642888,20,173.06273341956836,7.219103985328916,16.61876099273979,10.050048008922074
dish_1567542953,354.000003,542.496323448,21.497739053,56.767720647,30.133642888,20,153.24754769790215,6.072807590625925,16.036079142914584,8.512328427296652
dish_1567542986,498.000003,605.856323448,24.521739053,62.959720647,34.741642888,21,121.65789554181991,4.92404395688327,12.642514109984853,6.976233469621083
dish_1567612954,155.000001,148.3463438,3.780488,27.21951234,1.51219513,2,95.7073179631786,2.43902450039339,17.56097558992919,0.9756097549960662
dish_1567612986,524.000001,340.2263438,4.518488,29.80251234,38.41219513,3,64.92869144097578,0.8623068685833837,5.68750234410782,7.330571575705017
dish_1567613019,645.000001,376.5263438,4.7604880000000005,38.998512340000005,39.13819513,4,58.37617724282763,0.7380601538944804,6.046280973571658,6.06793722004971
dish_1567613057,749.000001,406.6863438,4.968488,45.86251234,40.69819513,5,54.29724209039086,0.6633495318246334,6.123165858313531,5.4336709046279426
dish_1567625294,32.0,51.2,4.8,2.88,0.64,1,160.0,15.0,9.0,2.0
dish_1567625343,74.0,65.48,4.989,5.547,1.7109999999999999,3,88.4864864864865,6.741891891891892,7.4959459459459445,2.312162162162162
dish_1567625392,171.000003,208.233463921,14.53006739,18.900761686,4.826312075,14,121.77395337297159,8.49711528367634,11.053076815443097,2.8224046727063508
dish_1567625434,396.000009,581.25304674,25.451920861,23.362088792999998,65.588402756,18,146.7810690731575,6.427252596602846,5.89951723788976,16.562727592261243
dish_1567628069,73.000001,107.43301967400001,7.180391049,10.049738029,2.344513164,11,147.16851808536276,9.836151987176,13.766764234701862,3.211661824497783
dish_1567628099,132.000001,127.49301967400001,7.445891049,13.796238029,3.849013164,13,96.58562023344228,5.640826509539193,10.45169539733564,2.915919041546068
dish_1567628157,355.000006,373.1910143892,36.018693365,25.867040486999997,37.4796833848,17,105.12422762866093,10.146110635558694,7.286490154876223,10.557657113053683
dish_1567628193,439.000006,492.68305366920004,40.014809927,42.993254067,41.068032896800005,18,112.22848449555602,9.114990747175526,9.79345181762936,9.354904860024082
dish_1567629081,90.0,239.31,8.46,30.15,10.08,1,265.9,9.400000000000002,33.5,11.200000000000001
dish_1567629106,211.0,292.55,11.001000000000001,35.353,13.952,2,138.64928909952607,5.213744075829385,16.754976303317537,6.612322274881517
dish_1567629129,294.0,334.05,11.084000000000001,46.143,14.367,3,113.62244897959184,3.770068027210885,15.694897959183674,4.8867346938775515
dish_1567711272,71.0,188.86,6.887,23.43,7.81,1,266.0,9.7,33.0,11.0
dish_1567711356,206.99999,337.362859986,23.641708659,29.009783691000003,25.219334191999998,15,162.97723491967318,11.421115845947625,14.01438893354536,12.183253821413228
dish_1567711402,320.999992,397.013360606,26.602858661,36.790283830999996,27.220034228,16,123.68017772598571,8.287495116510781,11.46114789653951,8.479761653078171
dish_1567714745,32.0,8.96,0.128,1.696,0.704,1,28.000000000000004,0.4,5.3,2.1999999999999997
dish_1567714780,218.0,315.85999999999996,6.824,1.696,58.364,2,144.88990825688072,3.130275229357798,0.7779816513761467,26.772477064220183
dish_1567714813,264.0,389.46,13.724,5.835999999999999,59.284,3,147.52272727272725,5.198484848484849,2.2106060606060605,22.456060606060603
dish_1567714839,379.0,521.71,26.029,13.081,60.204,4,137.65435356200527,6.867810026385223,3.4514511873350924,15.884960422163589
dish_1567714875,416.0,681.069,36.611000000000004,14.635,74.412,5,163.71850961538462,8.800721153846155,3.5180288461538463,17.8875
dish_1567714934,537.0,734.43,39.152,19.838,78.28399999999999,6,136.7653631284916,7.290875232774674,3.694227188081937,14.5780260707635
dish_1567785130,58.999999,76.69048529700001,4.110967932,9.080290281,1.88799996,5,129.98387558786231,6.967742375724447,15.390322771022419,3.1999999864406776
dish_1567785165,115.999999,273.112485297,19.671967932,11.474290281,12.88899996,6,235.44179969949823,16.958593191022356,9.891629637858875,11.111206957855233
dish_1567785223,260.999999,487.712485297,35.621967932000004,13.794290280999999,27.38899996,7,186.8630219025403,13.648263627771126,5.285168710288001,10.493869756681493
dish_1567785622,54.0,30.78,0.162,7.56,0.378,1,57.00000000000001,0.3,13.999999999999998,0.7000000000000001
dish_1567785654,96.0,51.78,0.20400000000000001,13.02,0.588,2,53.93750000000001,0.21250000000000002,13.5625,0.6124999999999999
dish_1567785709,137.999998,131.250613373,8.397308548000002,14.615490906,1.0018909089999999,10,95.10914150375567,6.085006282391396,10.590935592622253,0.7260079155943175
dish_1567785739,177.0,168.57647249299998,9.348528548,21.464271666,1.382378729,11,95.24094491129944,5.281654546892655,12.126707155932202,0.7810049316384181
dish_1567785778,309.999996,303.507503553,15.198483773,32.629899836,11.701198074,14,97.90564757071803,4.9027367642288615,10.525774276461604,3.7745800725752265
dish_1567789154,111.0,382.506,30.303,4.662,21.423,1,344.59999999999997,27.3,4.2,19.299999999999997
dish_1567789190,176.999998,507.38839099999996,43.178198999,7.169199966,22.073399993,9,286.6601111487018,24.394462986943086,4.050395506784129,12.470847594585848
dish_1567789230,299.999998,689.4283909999999,56.708198999,9.137199966,34.373399993,10,229.80946519872973,18.902733125684886,3.045733342304889,11.457800074052
dish_1567789256,318.999998,792.218391,64.688198999,9.403199966,41.403399993,11,248.34432475450984,20.27843241522528,2.947711606568725,12.979122336232743
dish_1567798511,18.0,22.220084036,2.1114392840000002,0.7247340090000001,0.43197288,9,123.4449113111111,11.730218244444446,4.026300050000001,2.399849333333333
dish_1567801468,196.0,86.24,4.116,8.428,6.272,1,43.99999999999999,2.0999999999999996,4.300000000000001,3.2
dish_1567801520,600.000003,919.09709191,42.248200673,53.029021482,79.971628108,9,153.18284788575244,7.0413667436265,8.838170202809149,13.328604618023645
dish_1567801716,38.0,101.042,3.572,12.73,4.256,1,265.90000000000003,9.4,33.5,11.200000000000001
dish_1567801748,71.0,169.07240544,6.686759091000001,16.37315208,10.276019315000001,9,238.13014850704226,9.417970550704226,23.06077757746479,14.473266640845072
dish_1567801791,111.0,225.47240544,9.406759091,23.57315208,11.116019315,10,203.12829318918918,8.47455773963964,21.237073945945944,10.014431815315316
dish_1567801830,201.0,265.07240544,11.296759091,27.44315208,13.996019315000002,11,131.87681862686568,5.6202781547263685,13.653309492537314,6.963193689054727
dish_1568044496,118.0,35.4,0.236,8.968,0.708,1,30.0,0.2,7.6,0.6
dish_1568044528,233.0,145.46341424000002,3.040878,29.16312196,1.8299512199999999,3,62.43064988841203,1.3050978540772533,12.516361356223177,0.7853867896995708
dish_1568044581,696.0,386.22341424,3.966878,32.40412196,48.129951219999995,4,55.49186986206897,0.5699537356321839,4.6557646494252864,6.915222876436782
dish_1568044634,789.0,413.19341424,4.152878,38.54212196,49.52495122,5,52.369254022813685,0.5263470215462611,4.884933074778201,6.2769266438529785
dish_1568047932,55.000001999999995,30.639021569999997,1.556097156,3.75609773,1.287804936,2,55.707309919734186,2.829267453481184,6.829268351662969,2.341463434855875
dish_1568047973,234.000002,295.55902157,21.246097156,6.6200977299999995,19.187804936,3,126.30727309566434,9.079528621542492,2.8291015698367383,8.199916569231481
dish_1568048018,287.000002,496.80002157,36.139097156000005,8.26309773,34.610804936,4,173.1010516055676,12.592019827233313,2.8791281088562504,12.059513830944155
dish_1568048053,356.000002,607.20002157,43.039097156000004,10.33309773,44.270804936,5,170.56180285358536,12.08963396466498,2.90255552582834,12.435619294181913
dish_1568055963,32.0,36.8,3.424,2.016,0.256,1,114.99999999999999,10.7,6.3,0.8
dish_1568055986,76.0,54.4,3.468,5.976,0.74,2,71.57894736842105,4.563157894736842,7.863157894736843,0.9736842105263158
dish_1568056019,131.0,64.3,3.578,8.121,1.2349999999999999,3,49.08396946564885,2.731297709923664,6.199236641221375,0.9427480916030533
dish_1568056046,189.0,88.08,3.694,13.921,1.7570000000000001,4,46.6031746031746,1.9544973544973545,7.3656084656084655,0.9296296296296297
dish_1568056217,427.0,480.78,12.261999999999999,13.921,75.537,5,112.59484777517564,2.871662763466042,3.2601873536299766,17.69016393442623
dish_1568056258,485.0,506.35799999999995,13.479999999999999,16.415,77.393,6,104.40371134020619,2.779381443298969,3.3845360824742263,15.957319587628865
dish_1568060414,146.0,53.598552149999996,2.133645777,7.950583435,2.632835678,13,36.71133708904109,1.4614012171232875,5.445605092465754,1.803312108219178
dish_1568060461,303.999995,376.762418436,20.058876266000002,13.800013942,34.890259676,19,123.93500810287843,6.598314669709124,4.539478345057209,11.47705929271479
dish_1568060501,412.999995,548.655418436,22.456876266000002,46.391013942,40.013259676,20,132.8463498978977,5.437500372366833,11.232691163107642,9.68844071680921
dish_1568060542,481.000001,583.3764073359999,23.32690857,52.420933215000005,42.289963412,22,121.28407611708091,4.849669131289669,10.89832289106378,8.792092167168207
dish_1568060616,61.0,17.08,0.244,3.233,1.342,1,27.999999999999996,0.4,5.3,2.2
dish_1568060646,97.0,31.479999999999997,0.27999999999999997,6.473000000000001,1.738,2,32.45360824742268,0.28865979381443296,6.673195876288661,1.7917525773195875
dish_1568060697,161.0,133.88,9.879999999999999,12.233,3.018,3,83.15527950310559,6.136645962732919,7.598136645962733,1.8745341614906832
dish_1568060722,359.0,460.58,17.008,12.233,64.398,4,128.2952646239554,4.737604456824513,3.4075208913649027,17.93816155988858
dish_1568060746,395.0,778.8199999999999,53.007999999999996,12.233,64.398,5,197.16962025316454,13.419746835443036,3.096962025316456,16.303291139240507
dish_1568061097,55.0,146.245,5.17,18.425,6.16,1,265.90000000000003,9.4,33.5,11.200000000000001
dish_1568061145,195.999993,187.05328070000002,6.97813762,23.15397636,7.4117878600000004,4,95.43535070432377,3.5602744230710255,11.813253666799877,3.781524553421796
dish_1568061174,286.99999299999996,232.5532807,7.06913762,34.98397636,7.8667878600000005,5,81.02901964182279,2.4631142133860617,12.189539098699562,2.7410411330567532
dish_1568061202,333.999995,256.55161159,7.670483631,39.151714453,9.440391822,7,76.81186090736318,2.2965520197088622,11.722070370989076,2.826464659677615
dish_1568061234,357.999994,290.69219195,8.812231061,44.044918153,10.465634502,8,81.19893765975873,2.4615170973997276,12.303049969604189,2.923361641732318
dish_1568061272,414.999993,380.394041965,11.045062955,45.304301944,25.76387274,15,91.66121647741811,2.6614609979041615,10.916699447751558,6.208162210740086
dish_1568061320,490.999995,535.8399588,19.667325869,48.117952319,41.280102965,22,109.13237561234597,4.005565390891705,9.799990388798271,8.407353031643105
dish_1568132484,134.0,76.38,0.402,18.76,0.938,1,56.99999999999999,0.3,14.000000000000002,0.7
dish_1568132521,156.0,159.914,6.5840000000000005,19.442,7.34,2,102.50897435897434,4.220512820512821,12.462820512820514,4.705128205128204
dish_1568132561,177.0,273.524,15.404,19.736,15.11,3,154.53333333333333,8.702824858757062,11.150282485875707,8.536723163841806
dish_1568132601,246.0,375.644,22.994,20.840000000000003,22.009999999999998,4,152.70081300813007,9.347154471544714,8.471544715447155,8.947154471544714
dish_1568141871,110.0,292.49,10.34,36.85,12.32,1,265.90000000000003,9.4,33.5,11.200000000000001
dish_1568141915,162.999998,318.54392236,10.967052151999999,42.077929008,12.7908934,5,195.4257216371254,6.72825293654298,25.81468068975068,7.847173961315018
dish_1568141951,215.999996,361.81901559199997,12.658842379000001,46.520969623,16.076677476,9,167.50880661682973,5.8605752839921355,21.53748633541641,7.442906376720488
dish_1568143252,91.00000299999999,106.02074383099999,9.121862155,5.43813872,2.433771921,9,116.50630806133051,10.024024015691516,5.975976418374405,2.674474550292048
dish_1568143288,157.000003,129.120743831,9.385862155,10.05813872,4.0177719210000005,10,82.24251042275458,5.9782560354473375,6.406457661023103,2.5590903466415864
dish_1568143326,230.000003,306.131786341,21.738685945,12.966171479,17.740974135000002,18,133.10077493390295,9.451602461500839,5.63746578690262,7.713466914606955
dish_1568143362,323.000003,553.5117863410001,30.759685945,43.656171479,27.970974135000002,19,171.3658765325151,9.523122495141276,13.515842437623753,8.659744233810427
dish_1568143527,45.0,119.655,4.23,15.075,5.04,1,265.9,9.400000000000002,33.5,11.200000000000001
dish_1568143572,127.999999,187.425428883,6.879407374,22.03296912,10.185661926,5,146.4261174587978,5.374537052926072,17.213257259478574,7.957548441855847
dish_1568143612,165.999999,200.725428883,7.0314073740000005,24.69296912,11.097661925999999,6,120.9189337904755,4.2357876002155885,14.875282692019775,6.685338549911678
dish_1568144612,78.0,27.3,0.312,5.46,1.872,1,35.0,0.4,6.999999999999999,2.4
dish_1568144643,211.999998,352.224365079,22.987044958,10.798032767,27.062535216,13,166.14357000088273,10.8429458371976,5.093411730598224,12.7653469204278
dish_1568144688,343.000001,504.84763756999996,36.118517841,18.626560986999998,30.566096741,18,147.18589973706733,10.530180097871195,5.430484236937363,8.911398440783094
dish_1568144774,62.0,30.47817796,0.7335331620000001,6.1156906929999995,0.55085644,4,49.158351548387095,1.1831180032258066,9.864017246774193,0.8884781290322582
dish_1568144803,93.0,66.12817796,4.050533162000001,8.068690692999999,0.79885644,5,71.10556769892473,4.355412002150539,8.676011497849462,0.8589854193548386
dish_1568144828,152.0,76.74817796,4.168533162,10.369690692999999,1.32985644,6,50.492222342105265,2.742456027631579,6.822164929605262,0.8749055526315788
dish_1568144855,212.0,100.74817795999999,4.228533162000001,15.769690693000001,1.98985644,7,47.52272545283019,1.9945911141509436,7.438533345754718,0.9386115283018868
dish_1568144879,278.000004,127.80817959999999,4.36053317,22.369691093,2.5838564760000002,7,45.97416466224223,1.5685370889419126,8.046651356523002,0.9294447621662625
dish_1568144925,322.000004,147.21217959999998,5.2845331700000004,24.261691093,3.991856476,8,45.718067630831456,1.6411593491781447,7.534686581246129,1.2397069647241372
dish_1568144954,492.000004,427.71217959999996,11.40453317,24.261691093,56.691856476000005,9,86.933369130623,2.317994527902484,4.931237986941155,11.52273496241679
dish_1568145027,69.0,97.29,4.692,12.42,1.449,1,141.0,6.800000000000001,18.0,2.1
dish_1568145059,112.0,112.34,4.864,15.43,2.481,2,100.30357142857143,4.3428571428571425,13.776785714285714,2.2151785714285714
dish_1568145100,128.000001,130.981013528,6.467844311,16.38615625,2.908915949,11,102.32891601930535,5.053003328492162,12.80168447029934,2.272590567401636
dish_1568145136,154.0,143.762179988,6.775454443,18.95080071,3.139920263,13,93.35206492727274,4.399645742207793,12.305714746753246,2.0389092616883118
dish_1568145177,296.0,379.17897535599997,13.668356957,21.76639354,41.487550324,19,128.1010051878378,4.617688161148649,7.353511331081081,14.016064298648647
dish_1568146905,74.0,20.72,0.296,3.922,1.628,1,27.999999999999996,0.4,5.300000000000001,2.1999999999999997
dish_1568146942,274.0,350.72,7.496,3.922,63.628,2,128.0,2.7357664233576644,1.4313868613138685,23.221897810218977
dish_1568146977,345.0,375.57000000000005,7.78,8.892,65.332,3,108.86086956521741,2.255072463768116,2.5773913043478256,18.936811594202897
dish_1568147009,506.0,811.88,38.37,8.892,105.582,4,160.4505928853755,7.58300395256917,1.7573122529644265,20.86600790513834
dish_1568147044,531.0,1032.88,63.37,8.892,105.582,5,194.5160075329567,11.934086629001882,1.6745762711864405,19.883615819209037
dish_1568217267,39.0,73.794141881,7.608072354,1.4815272139999998,0.384327259,8,189.21574841282052,19.507877830769228,3.7987877282051272,0.9854545102564103
dish_1568217325,106.0,304.676141881,25.899072354,4.295527214,13.315327259,9,287.43032252924525,24.433087126415096,4.0523841641509435,12.561629489622641
dish_1568217372,244.0,508.916141881,41.079072354,6.503527214,27.115327259,10,208.5721892954918,16.835685390983606,2.665380005737705,11.112839040573771
dish_1568217417,300.0,587.876141881,44.887072354,16.583527214,28.291327259,11,195.95871396033334,14.962357451333332,5.527842404666667,9.430442419666667
dish_1568217465,367.000002,607.267309801,45.746258098,18.830629646000002,28.886148491,12,165.46793092415297,12.46492039474158,5.130961728441626,7.870885104518338
dish_1568229399,128.000001,143.805575703,13.366684238,5.40597469,2.5867341479999997,8,112.34810514024917,10.442721979353735,4.223417693567049,2.020886037336828
dish_1568229442,348.999992,465.773490857,28.091573514,9.821095884,43.05018173999999,18,133.4594560268643,8.049161649837517,2.8140676530445305,12.33529591026466
dish_1568233403,38.0,10.64,0.152,2.014,0.836,1,28.000000000000004,0.4,5.299999999999999,2.1999999999999997
dish_1568233444,68.0,275.84,30.152,2.014,0.836,2,405.64705882352933,44.34117647058824,2.9617647058823526,1.2294117647058824
dish_1568233478,336.0,718.04,39.8,2.014,83.916,3,213.70238095238093,11.845238095238095,0.5994047619047619,24.975
dish_1568233509,422.0,748.14,40.144,8.033999999999999,85.97999999999999,4,177.28436018957345,9.512796208530805,1.9037914691943123,20.374407582938385
dish_1568305198,82.0,311.354,23.042,2.542,23.862,1,379.7,28.1,3.0999999999999996,29.099999999999998
dish_1568305225,144.000001,428.667766045,35.13688442,4.897248518,24.472981829,9,297.6859465750976,24.40061401110685,3.400867002771757,16.99512615211718
dish_1568305257,420.000001,837.147766045,65.49688442,9.313248518,52.072981829,10,199.3208962028074,15.594496253346438,2.217440118053714,12.398328977384931
dish_1568313487,49.0,13.72,0.196,2.597,1.078,1,28.000000000000004,0.4,5.3,2.2
dish_1568313527,71.0,48.92,3.496,4.577,1.518,2,68.90140845070422,4.923943661971831,6.446478873239436,2.1380281690140843
dish_1568313575,112.0,57.940000000000005,3.6189999999999998,5.93,2.789,3,51.73214285714286,3.23125,5.294642857142857,2.490178571428572
dish_1568313640,145.0,71.14,3.6519999999999997,8.9,3.152,4,49.06206896551724,2.518620689655172,6.137931034482759,2.173793103448276
dish_1568313676,214.0,184.99,6.136,8.9,24.542,5,86.44392523364488,2.8672897196261684,4.158878504672897,11.468224299065422
dish_1568314823,90.0,144.0,13.5,8.1,1.8,1,160.0,15.0,9.0,2.0
dish_1568314857,162.000002,295.53767134000003,22.199561418000002,10.236862904,16.508801004000002,10,182.43065906875734,13.703432804895893,6.319051097295667,10.19061777789361
dish_1568314907,281.000004,481.16947149800006,29.956462318,15.702339661,38.063337413,20,171.23468492833192,10.660662594866013,5.588021152127813,13.545671484403254
dish_1568314951,325.000004,496.12947149800004,30.264462318,18.694339660999997,38.371337413000006,21,152.65522012055115,9.312142137081327,5.752104440281791,11.806565212534585
dish_1568315001,364.000004,504.709471498,30.381462318,19.981339661,39.580337413,22,138.65644669003905,8.346555490147741,5.489378967424407,10.873718950014078
dish_1568315040,400.000002,555.920345258,32.094083944,27.321145000999998,41.118201389,23,138.98008561959958,8.023520945882396,6.830286216098569,10.279550295852248
dish_1568315088,423.000002,582.370345258,34.555083944,28.770145001,41.302201389000004,24,137.6762039017674,8.169050539153426,6.801452686754361,9.764113757380077
dish_1568315132,440.000003,591.265595568,34.996658945,29.930395071,41.600551407,25,134.37854353105539,7.953786069633277,6.802362469756619,9.454670709854518
dish_1568315177,497.000003,637.806732611,36.816131325,34.708759724,45.134319058,29,128.33133375474043,7.407672254078437,6.983653825853195,9.08135186832182
dish_1568315988,69.0,50.37,3.312,1.311,5.52,1,73.0,4.8,1.9,7.999999999999999
dish_1568316041,149.0,149.125926485,12.6961744,4.5320398719999995,7.439879367999999,10,100.08451441946309,8.520922416107382,3.041637497986577,4.9932076295302
dish_1568316085,258.000001,378.537117915,25.866343405000002,7.767012696,29.707369432,16,146.7198125766674,10.025714459202659,3.010470025540814,11.514484231339209
dish_1568318286,115.0,32.2,0.46,6.095,2.53,1,28.000000000000004,0.4,5.3,2.1999999999999997
dish_1568318316,297.0,525.4200000000001,35.04,6.095,48.03,2,176.90909090909093,11.797979797979798,2.052188552188552,16.171717171717173
dish_1568318361,341.0,540.82,35.216,9.175,49.086,3,158.59824046920824,10.327272727272728,2.6906158357771264,14.394721407624633
dish_1568318408,563.0,907.12,43.208,9.175,117.90599999999999,4,161.12255772646535,7.674600355239787,1.629662522202487,20.94245115452931
dish_1568318480,587.0,1119.28,67.208,9.175,117.90599999999999,5,190.67802385008517,11.449403747870528,1.563032367972743,20.086201022146508
dish_1568319725,59.00000000000001,111.63729405299999,11.509648224000001,2.241284716,0.581418149,8,189.21575263220336,19.507878345762713,3.798787654237288,0.9854544898305083
dish_1568319769,151.0,356.357294053,20.433648224,32.601284716,10.701418148999998,9,235.9982079821192,13.532217366887417,21.59025477880795,7.087031886754966
dish_1568319838,311.999999,607.5061979249999,30.928278877,39.995753728,39.863437041,20,194.71352560004334,9.912909928246506,12.819151876984462,12.776742682297252
dish_1568319899,376.999999,627.656197925,30.993278877,44.545753728,41.033437041,21,166.48705559413014,8.22102890164729,11.815849826567241,10.88420083550186
dish_1568320296,85.0,226.015,7.99,28.475,9.52,1,265.9,9.4,33.5,11.2
dish_1568320338,162.999998,390.18080159,17.41452432,30.789934694000003,25.454533594,10,239.3747278389537,10.68375738262279,18.88953071888995,15.616278470138386
dish_1568320383,195.99999699999998,437.12410099,18.984427166,37.518089834,26.86424229,11,223.02250391871183,9.685932375805088,19.141882861355352,13.706246276116016
dish_1568320427,239.999997,450.76410099,19.028427166,40.59808983400001,27.65624229,12,187.8183777602297,7.92851141827306,16.915870975615054,11.523434431542931
dish_1568320470,340.999999,521.0386076919999,24.968086283,44.141685632,29.330263554000002,19,152.79724610556374,7.322019459302111,12.944775883122508,8.601250334314518
dish_1568400935,42.0,11.76,0.168,2.226,0.924,1,27.999999999999996,0.4,5.3,2.2
dish_1568400967,113.0,36.61,0.45199999999999996,7.196,2.628,2,32.39823008849557,0.3999999999999999,6.368141592920354,2.3256637168141596
dish_1568401018,447.0,587.71,12.475999999999999,7.196,106.168,3,131.47874720357942,2.791051454138702,1.6098434004474274,23.75123042505593
dish_1568401064,572.0,787.71,31.226,18.445999999999998,108.668,4,137.71153846153848,5.459090909090909,3.2248251748251744,18.9979020979021
dish_1568401090,614.0,1158.99,73.226,18.445999999999998,108.668,5,188.76058631921825,11.926058631921824,3.004234527687296,17.698371335504888
dish_1568401167,228.0,426.36,20.976,20.976,36.936,1,187.0,9.2,9.2,16.2
dish_1568401199,342.999996,459.643353245,22.450722579,24.832966562,37.956961737,4,134.0068100890007,6.545400245135863,7.239932026704746,11.06616973167545
dish_1568401233,417.999996,490.393353245,22.600722579,32.332966561999996,38.631961737,5,117.31898515257402,5.406871482123172,7.735159538613965,9.242096197771254
dish_1568401261,442.999996,530.3933532450001,26.350722579,34.582966561999996,39.131961737,6,119.7276203237257,5.948244428200852,7.8065387978017045,8.833400020391872
dish_1568401302,560.999996,716.4793532450001,28.946722579,69.86496656199999,44.677961737000004,7,127.71468063343802,5.159843633760026,12.453648317316564,7.96398610616033
dish_1568404850,100.0,157.7,2.2,29.9,4.7,1,157.7,2.2,29.9,4.7
dish_1568404889,218.999997,247.28836055,4.835491651,45.12339721,6.240404778,11,112.9170611586812,2.20798708549754,20.604291245720884,2.849499937664383
dish_1568405183,64.00000399999999,72.402829423,6.906353509000001,2.2483661880000003,1.3649151320000001,9,113.12941390284914,10.79117668336396,3.513071949183004,2.1326797604575156
dish_1568405214,152.00000099999997,144.25581380100002,9.715363731,9.625489985,6.820556643000001,13,94.90514003417674,6.391686623081011,6.332559158996322,4.487208288242052
dish_1568405273,288.000004,386.199737261,21.990467715,14.979708554,32.076678359000006,18,134.09712913094265,7.635578961658626,5.201287620121006,11.137735386628677
dish_1568405306,336.000004,421.239737261,24.294467715,15.891708554,35.916678359,19,125.36896793042895,7.230496257672664,4.729675108575297,10.689487479589435
dish_1568405405,74.00000399999999,83.71576467,7.985470512,2.599673321,1.5781831069999999,9,113.12940560111322,10.791175784260771,3.5130718655096294,2.1326797590443376
dish_1568405430,121.000003,119.09940988000001,9.026379846,8.612275426,2.186578267,16,98.42926192324144,7.459817869591292,7.117582820225218,1.8070894320556334
dish_1568405466,189.000003,153.09940988000002,9.094379845999999,17.452275426000003,2.526578267,17,81.00497748669349,4.811841111981358,9.23400801533321,1.33681387666433
dish_1568405499,419.00001100000003,562.26928944,29.853747372,26.507203499,45.239138345,22,134.19314431473845,7.124999185739878,6.3263013849897005,10.796930109149807
dish_1568649312,78.0,44.46,0.234,10.92,0.546,1,57.00000000000001,0.3,13.999999999999998,0.7000000000000001
dish_1568649354,129.000002,72.87072868,1.6769264000000002,14.402927,1.7401464,3,56.48893608544285,1.2999429255822803,11.165059516820783,1.3489506767604547
dish_1568649387,192.0,163.85818158,5.30239836,28.48877552,2.51278788,5,85.34280290625,2.7616658125,14.837903916666667,1.3087436874999998
dish_1568649430,327.0,363.65818158,20.15239836,30.64877552,16.01278788,6,111.2104530825688,6.16281295412844,9.372714226299694,4.896877027522936
dish_1568660810,47.0,132.54,5.64,15.04,5.64,1,282.0,12.0,32.0,12.0
dish_1568664931,60.000003,67.877649241,6.474706095,2.107843184,1.279607913,9,113.12940974519618,10.791176285441185,3.513071797679743,2.1326797483660127
dish_1568664972,221.000011,303.422240541,14.7517985,11.029652299,31.216147154,15,137.29512463282185,6.675021613460462,4.99079264706462,14.12495276029647
dish_1568665012,268.00001199999997,327.420562591,15.353143510999999,15.197390391999999,32.789751116,16,122.17184624267854,5.728784635651434,5.670667802805919,12.234981211866513
dish_1568665052,331.00001199999997,345.65405229099997,16.161035011,17.310337392,33.349060616,17,104.42720234433102,4.8824877417225,5.229708992276412,10.075244533827995
dish_1568665935,58.0,154.222,5.452,19.43,6.496,1,265.90000000000003,9.4,33.5,11.200000000000001
dish_1568665970,167.0,202.18200000000002,7.741,24.117,9.984,2,121.06706586826348,4.635329341317365,14.441317365269462,5.978443113772455
dish_1568666000,197.000002,209.934965999,7.82931827,25.612117614,10.612806541000001,10,106.56597150643685,3.974273193154587,13.00107479897386,5.387211387439479
dish_1568666032,220.0,243.584187879,9.011759581,26.88666167,14.889454761000001,18,110.72008539954545,4.096254355,12.22120985,6.767933982272728
dish_1568666061,253.0,260.43408375900003,9.433981735,29.812945793,15.994325597,19,102.93837302727273,3.728846535573122,11.783773040711463,6.321867824901186
dish_1568666089,335.0,276.424083759,9.802981735,33.010945793,16.691325597,21,82.5146518683582,2.926263204477612,9.854013669552238,4.98248525283582
dish_1568666184,190.0,28.5,0.38,5.51,2.66,1,15.0,0.2,2.9,1.4000000000000001
dish_1568666230,268.0,55.8,0.692,10.969999999999999,4.532,2,20.820895522388057,0.2582089552238806,4.093283582089552,1.691044776119403
dish_1568666263,348.0,93.4,0.852,19.77,7.172000000000001,3,26.839080459770116,0.24482758620689654,5.681034482758621,2.060919540229885
dish_1568666303,560.0,443.20000000000005,8.484,19.77,72.892,4,79.14285714285715,1.5150000000000001,3.5303571428571425,13.01642857142857
dish_1568666329,594.0,743.76,42.483999999999995,19.77,72.892,5,125.21212121212122,7.1521885521885515,3.3282828282828283,12.271380471380471
dish_1568666357,603.0,751.6800000000001,42.484,21.3,72.937,6,124.65671641791045,7.045439469320066,3.5323383084577116,12.095688225538971
